ticker,accession_number,filing_date,target_text,filing_url,source_tags,same_filing_context,reason,authorization_amount_dollars,authorization_shares,historical_denominator,materiality_ratio,denominator_date
ADBE,0000796343-24-000057,2024-03-14,"On March 14, 2024, Adobe announced that our Board of Directors approved a new stock repurchase program granting Adobe authority to repurchase up to $25 billion in common stock through March 14, 2028.",https://www.sec.gov/Archives/edgar/data/796343/0000796343-24-000057.txt,share_repurchase_program,"On March 14, 2024, Adobe announced that our Board of Directors approved a new stock repurchase program granting Adobe authority to repurchase up to $25 billion in common stock through March 14, 2028.",eligible,25000000000.0,,259557874157.09998,0.09631763274832689,2024-03-13
AIG,0000005272-25-000017,2025-03-31,"On March 29, 2025, the Board of Directors of the Company (the ""Board"") authorized the repurchase of up to $7.5 billion of the Company's common stock (inclusive of the approximately $3.4 billion remaining under the Board's prior share repurchase authorization), effective April 1, 2025.",https://www.sec.gov/Archives/edgar/data/5272/0000005272-25-000017.txt,share_repurchase_program,"On March 29, 2025, the Board of Directors of the Company (the ""Board"") authorized the repurchase of up to $7.5 billion of the Company's common stock (inclusive of the approximately $3.4 billion remaining under the Board's prior share repurchase authorization), effective April 1, 2025.",eligible,4100000000.0,,49614502449.68,0.0826371282098072,2025-03-28
BAC,0000070858-24-000194,2024-07-24,"the Corporation's Board of Directors (the ""Board"") authorized the Corporation's $25 billion common stock repurchase program, effective August 1, 2024, to replace the Corporation's current common stock repurchase program adopted by the Board in October 2021, and modified by the Board in September 2023, which will expire on August 1, 2024.",https://www.sec.gov/Archives/edgar/data/70858/0000070858-24-000194.txt,share_repurchase_program,"the Corporation's Board of Directors (the ""Board"") authorized the Corporation's $25 billion common stock repurchase program, effective August 1, 2024, to replace the Corporation's current common stock repurchase program adopted by the Board in October 2021, and modified by the Board in September 2023, which will expire on August 1, 2024.",incremental_authorization_amount_unknown,,,,,
BAC,0000070858-25-000257,2025-07-23,"the Corporation's Board of Directors (the ""Board"") authorized the Corporation's $40 billion common stock repurchase program, effective August 1, 2025, to replace the Corporation's current common stock repurchase program authorized by the Board on July 24, 2024, which will expire on August 1, 2025.",https://www.sec.gov/Archives/edgar/data/70858/0000070858-25-000257.txt,share_repurchase_program,"the Corporation's Board of Directors (the ""Board"") authorized the Corporation's $40 billion common stock repurchase program, effective August 1, 2025, to replace the Corporation's current common stock repurchase program authorized by the Board on July 24, 2024, which will expire on August 1, 2025.",incremental_authorization_amount_unknown,,,,,
C,0001104659-25-064857,2025-07-02,"As previously announced, Citi commenced a $20 billion multi-year share repurchase program in January 2025, of which $3.75 billion has been repurchased year-to-date.",https://www.sec.gov/Archives/edgar/data/831001/0001104659-25-064857.txt,share_repurchase_program,"As previously announced, Citi commenced a $20 billion multi-year share repurchase program in January 2025, of which $3.75 billion has been repurchased year-to-date.",recap_or_reauthorization,,,,,
CAT,0001104659-24-071748,2024-06-14,"On the same date, the Board added $20.0 billion to the Company's current share repurchase authorization, which was launched in 2022 with no expiration date. With the new authorization, the Company may repurchase up to approximately $21.8 billion of its common stock.",https://www.sec.gov/Archives/edgar/data/18230/0001104659-24-071748.txt,share_repurchase_program,"Proposal 4 - Shareholder Proposal - Independent Board Chairman: The proposal requesting that the Board of Directors adopt a policy, and amend governing documents as necessary, requiring that two separate people hold the offices of Chairman of the Board of Directors and Chief Executive Officer was not approved based on the following vote: For 108,014,627, Against 236,756,305, Abstain 1,756,038
On the same date, the Board added $20.0 billion to the Company's current share repurchase authorization, which was launched in 2022 with no expiration date. With the new authorization, the Company may repurchase up to approximately $21.8 billion of its common stock.",eligible,20000000000.0,,159607281272.44,0.12530756642525104,2024-06-13
COF,0000927628-25-000267,2025-10-21,"On October 20, 2025, the Company authorized the repurchase of up to $16 billion of shares of its common stock. This new authorization replaces the Company's prior authorization to repurchase its common stock approved by the Board on April 1, 2022. Repurchases under the new share repurchase program are authorized to begin on October 21, 2025.",https://www.sec.gov/Archives/edgar/data/927628/0000927628-25-000267.txt,share_repurchase_program,"On October 20, 2025, the Company authorized the repurchase of up to $16 billion of shares of its common stock. This new authorization replaces the Company's prior authorization to repurchase its common stock approved by the Board on April 1, 2022. Repurchases under the new share repurchase program are authorized to begin on October 21, 2025.",incremental_authorization_amount_unknown,,,,,
CRM,0001108524-24-000002,2024-02-28,"On February 28, 2024, the Company announced an increase of $10.0 billion in the amount authorized for repurchases under the Share Repurchase Program. As of January 31, 2024, approximately $8.0 billion remained available and authorized for repurchase under the Share Repurchase Program.",https://www.sec.gov/Archives/edgar/data/1108524/0001108524-24-000002.txt,share_repurchase_program,"On February 28, 2024, the Company announced an increase of $10.0 billion in the amount authorized for repurchases under the Share Repurchase Program. As of January 31, 2024, approximately $8.0 billion remained available and authorized for repurchase under the Share Repurchase Program.",eligible,10000000000.0,,289916000000.0,0.034492749624029026,2024-02-27
CRM,0001108524-25-000083,2025-09-03,"On September 3, 2025, the Company announced an increase of $20.0 billion in the amount authorized for repurchases under the Share Repurchase Program. As of July 31, 2025, approximately $5.7 billion remained available and authorized for repurchase under the Share Repurchase Program.",https://www.sec.gov/Archives/edgar/data/1108524/0001108524-25-000083.txt,share_repurchase_program,"On September 3, 2025, the Company announced an increase of $20.0 billion in the amount authorized for repurchases under the Share Repurchase Program. As of July 31, 2025, approximately $5.7 billion remained available and authorized for repurchase under the Share Repurchase Program.",eligible,20000000000.0,,241734160000.0,0.08273551408704505,2025-09-02
CVS,0000947871-24-000009,2024-01-05,"During the fourth quarter of 2023, the Company entered into a $3.0 billion fixed dollar accelerated share repurchase transaction, which became effective on January 3, 2024.",https://www.sec.gov/Archives/edgar/data/64803/0000947871-24-000009.txt,share_repurchase_program,"The Board of Directors of CVS Health appointed Thomas F. Cowhey to serve as CVS Health's Executive Vice President and Chief Financial Officer, effective January 5, 2024. In connection with his appointment, Mr. Cowhey will receive a base salary of $1 million and will be eligible for a target annual cash incentive of 150% of eligible earnings and target annual equity award of $5.5 million.
On January 5, 2024, CVS Health also announced that Shawn M. Guertin, who was on a personal leave of absence since October 13, 2023, will step down from his role as CVS Health's Executive Vice President, Chief Financial Officer and President of Health Services due to family health reasons, effective immediately.
The Board also appointed Mike Pykosz as President of Health Care Delivery, effective January 5, 2024. Mr. Pykosz has been serving as CVS Health's interim President of Health Care Delivery since October 13, 2023.
The Company will reaffirm its previously announced full-year 2024 GAAP diluted EPS guidance of at least $7.26, its full-year 2024 Adjusted EPS guidance of at least $8.50 and its full-year 2024 cash flow from operations guidance of at least $12.5 billion.
During the meetings and webcast, the senior management team will reaffirm the Company's previously announced full-year 2023 GAAP diluted earnings per share ('EPS') guidance range of $6.37 to $6.61 and its full-year 2023 Adjusted EPS guidance range of $8.50 to $8.70. The Company expects its full-year 2023 Adjusted EPS to be in the upper half of the guidance range.
During the fourth quarter of 2023, the Company entered into a $3.0 billion fixed dollar accelerated share repurchase transaction, which became effective on January 3, 2024.",recap_or_reauthorization,,,,,
DHR,0000313616-25-000178,2025-09-10,"On September 9, 2025, the Board of Directors of the Company approved a new share repurchase program authorizing the repurchase of up to 35 million shares of the Company's common stock from time to time on the open market (including through the use of trading plans intended to qualify under Rule 10b5-1 under the Exchange Act of 1934, as amended), in privately negotiated transactions or by other methods, at the Company's discretion.",https://www.sec.gov/Archives/edgar/data/313616/0000313616-25-000178.txt,share_repurchase_program,"On September 9, 2025, the Board of Directors of the Company approved a new share repurchase program authorizing the repurchase of up to 35 million shares of the Company's common stock from time to time on the open market (including through the use of trading plans intended to qualify under Rule 10b5-1 under the Exchange Act of 1934, as amended), in privately negotiated transactions or by other methods, at the Company's discretion.",eligible,,35000000.0,716051590,0.04887915967060418,2025-09-09
DIS,0001744489-24-000079,2024-02-07,"The Board of Directors of the Company approved a new program, effective February 7, 2024, for the repurchase of shares of the Company's common stock in the amount of up to 400 million shares (the 'Share Repurchase Program'). The Company is targeting to repurchase up to $3 billion in aggregate of the Company's common stock in fiscal 2024 under the Share Repurchase Program.",https://www.sec.gov/Archives/edgar/data/1744489/0001744489-24-000079.txt,share_repurchase_program,"The Board of Directors of the Company approved a new program, effective February 7, 2024, for the repurchase of shares of the Company's common stock in the amount of up to 400 million shares (the 'Share Repurchase Program'). The Company is targeting to repurchase up to $3 billion in aggregate of the Company's common stock in fiscal 2024 under the Share Repurchase Program.",eligible,3000000000.0,400000000.0,1834305817,0.21806614594626236,2024-02-06
EMR,0000032604-25-000079,2025-11-05,"On November 5, 2025, Emerson Electric Co. (the ""Company"") announced that its Board of Directors has authorized the Company to repurchase up to 50 million shares of its common stock over the next several years. The authorization is in addition to the 60 million share repurchase authorization approved in March of 2020, which has approximately 20 million shares remaining available.",https://www.sec.gov/Archives/edgar/data/32604/0000032604-25-000079.txt,share_repurchase_program,"On November 5, 2025, Emerson Electric Co. (the ""Company"") announced that its Board of Directors has authorized the Company to repurchase up to 50 million shares of its common stock over the next several years. The authorization is in addition to the 60 million share repurchase authorization approved in March of 2020, which has approximately 20 million shares remaining available.",eligible,,50000000.0,562800000,0.08884150675195451,2025-11-04
GE,0000040545-24-000056,2024-03-07,"the Company's Board of Directors (the ""Board"") has provided a new authorization for up to $15 billion of common share repurchases. This authorization will take effect and replace the prior $3 billion authorization from 2022 after the completion of the planned spin-off of GE Vernova, at which time the Company will operate as GE Aerospace.",https://www.sec.gov/Archives/edgar/data/40545/0000040545-24-000056.txt,share_repurchase_program,"the Company's Board of Directors (the ""Board"") has provided a new authorization for up to $15 billion of common share repurchases. This authorization will take effect and replace the prior $3 billion authorization from 2022 after the completion of the planned spin-off of GE Vernova, at which time the Company will operate as GE Aerospace.",eligible,12000000000.0,,173589321488.0,0.0691286762177335,2024-03-06
GM,0001467858-25-000063,2025-02-26,"On February 24, 2025, the Board of Directors (the ""Board"") of the Company authorized an increase under the Company's share repurchase program to an aggregate of $6.3 billion, of which $0.3 billion of capacity was remaining under the Company's previously authorized program. Following the completion of the transactions contemplated in the ASR Agreements, the Company expects to have $4.3 billion in share repurchase capacity for additional, opportunistic share repurchases.",https://www.sec.gov/Archives/edgar/data/1467858/0001467858-25-000063.txt,share_repurchase_program,"On February 24, 2025, the Board of Directors (the ""Board"") of the Company authorized an increase under the Company's share repurchase program to an aggregate of $6.3 billion, of which $0.3 billion of capacity was remaining under the Company's previously authorized program. Following the completion of the transactions contemplated in the ASR Agreements, the Company expects to have $4.3 billion in share repurchase capacity for additional, opportunistic share repurchases.",separate_asr_arm,,,,,
GOOGL,0001652044-24-000047,2024-04-25,Alphabet's Board of Directors also authorized the Company to repurchase up to an additional $70.0 billion of the Company's Class A and Class C shares.,https://www.sec.gov/Archives/edgar/data/1652044/0001652044-24-000047.txt,share_repurchase_program,Alphabet's Board of Directors also authorized the Company to repurchase up to an additional $70.0 billion of the Company's Class A and Class C shares.,eligible,70000000000.0,,1978463290000.0,0.035380995115658675,2024-04-24
GOOGL,0001652044-25-000040,2025-04-24,"On April 23, 2025, Alphabet's Board of Directors authorized the Company to repurchase up to an additional $70.0 billion of the Company's Class A and Class C shares.",https://www.sec.gov/Archives/edgar/data/1652044/0001652044-25-000040.txt,share_repurchase_program,"On April 23, 2025, Alphabet's Board of Directors authorized the Company to repurchase up to an additional $70.0 billion of the Company's Class A and Class C shares.",eligible,70000000000.0,,1842640400000.0,0.03798896409738981,2025-04-23
ISRG,0001035267-25-000156,2025-05-05,"On May 1, 2025, the Board of Directors of the Company increased the authorized amount available under the Company's common stock repurchase program (the ""Repurchase Program"") to an aggregate of $4.0 billion, including amounts remaining under previous authorization.",https://www.sec.gov/Archives/edgar/data/1035267/0001035267-25-000156.txt,share_repurchase_program,"At the Company's annual meeting of stockholders held on May 1, 2025 (the ""Annual Meeting""), the Company's stockholders approved the Amended 2010 Plan. At the Annual Meeting, the stockholders of Intuitive Surgical, Inc. (the ""Company"") voted on the following six proposals, each of which is described in detail in the Proxy Statement filed with the Securities and Exchange Commission on March 14, 2025.
On May 1, 2025, the Board of Directors of the Company increased the authorized amount available under the Company's common stock repurchase program (the ""Repurchase Program"") to an aggregate of $4.0 billion, including amounts remaining under previous authorization.",incremental_authorization_amount_unknown,,,,,
MET,0001099219-24-000139,2024-05-01,"On May 1, 2024, MetLife, Inc. announced that its Board of Directors approved a new $3 billion authorization to repurchase its common stock.",https://www.sec.gov/Archives/edgar/data/1099219/0001099219-24-000139.txt,share_repurchase_program,"On May 1, 2024, MetLife, Inc. issued (i) a news release announcing its results for the quarter ended March 31, 2024 (the ""Earnings Release""), a copy of which is attached hereto as Exhibit 99.1 and is incorporated herein by reference, (ii) a Quarterly Financial Supplement for the quarter ended March 31, 2024 (the ""Quarterly Financial Supplement""), a copy of which is attached hereto as Exhibit 99.2 and is incorporated herein by reference.
On May 1, 2024, MetLife, Inc. announced that its Board of Directors approved a new $3 billion authorization to repurchase its common stock.",eligible,3000000000.0,,50688520768.04,0.05918499799448779,2024-04-30
MET,0001099219-25-000133,2025-04-30,"On April 30, 2025, MetLife, Inc. announced that its Board of Directors approved a new $3.0 billion authorization to repurchase its common stock.",https://www.sec.gov/Archives/edgar/data/1099219/0001099219-25-000133.txt,share_repurchase_program,"On April 30, 2025, MetLife, Inc. issued (i) a news release announcing its results for the quarter ended March 31, 2025 (the ""Earnings Release""), a copy of which is attached hereto as Exhibit 99.1 and is incorporated herein by reference, (ii) a Quarterly Financial Supplement for the quarter ended March 31, 2025 (the ""Quarterly Financial Supplement""), a copy of which is attached hereto as Exhibit 99.2 and is incorporated herein by reference and (iii) a fact sheet setting forth its total assets under management as of March 31, 2025.
On April 30, 2025, MetLife, Inc. announced that its Board of Directors approved a new $3.0 billion authorization to repurchase its common stock.",eligible,3000000000.0,,50574368798.71999,0.059318585110565494,2025-04-29
META,0001326801-24-000010,2024-02-01,"On February 1, 2024, Meta announced an increase of $50 billion in the amount authorized for repurchases under the program. As of December 31, 2023, $30.93 billion remained available and authorized for repurchases under the program.",https://www.sec.gov/Archives/edgar/data/1326801/0001326801-24-000010.txt,share_repurchase_program,"On February 1, 2024, Meta announced an increase of $50 billion in the amount authorized for repurchases under the program. As of December 31, 2023, $30.93 billion remained available and authorized for repurchases under the program.",eligible,50000000000.0,,1002606246262.48,0.049870026430007014,2024-01-31
MO,0000764180-24-000007,2024-02-01,"On January 31, 2024, Altria's Board of Directors (the 'Board') authorized a new $1 billion share repurchase program. The timing of share repurchases under this program depends upon marketplace conditions and other factors, and the program remains subject to the discretion of the Board.",https://www.sec.gov/Archives/edgar/data/764180/0000764180-24-000007.txt,share_repurchase_program,"On January 31, 2024, Altria's Board of Directors (the 'Board') authorized a new $1 billion share repurchase program. The timing of share repurchases under this program depends upon marketplace conditions and other factors, and the program remains subject to the discretion of the Board.",eligible,1000000000.0,,70958104560.87999,0.01409282288737052,2024-01-31
MO,0000764180-25-000006,2025-01-30,"On January 29, 2025, the Board authorized a new $1 billion share repurchase program. The timing of share repurchases under this program depends upon marketplace conditions and other factors, and the program remains subject to the discretion of the Board.",https://www.sec.gov/Archives/edgar/data/764180/0000764180-25-000006.txt,share_repurchase_program,"On January 29, 2025, Altria's Board of Directors (the 'Board') increased the size of the Board from 10 to 11 directors and elected Richard S. Stoddart to the Board, in each case, effective February 3, 2025. The Board also elected Mr. Stoddart to the Board's Audit, Innovation and Nominating, Corporate Governance and Social Responsibility Committees, effective February 3, 2025. The Board affirmatively determined that Mr. Stoddart qualifies as an independent director under the New York Stock Exchange listing standards and Altria's standards for director independence.
On January 29, 2025, the Board authorized a new $1 billion share repurchase program. The timing of share repurchases under this program depends upon marketplace conditions and other factors, and the program remains subject to the discretion of the Board.",eligible,1000000000.0,,89248851632.12,0.011204625961149146,2025-01-29
MO,0000764180-25-000128,2025-10-30,"On October 29, 2025, Altria's Board of Directors (Board) authorized the expansion of Altria's existing share repurchase program from $1 billion to $2 billion. The expanded share repurchase program expires on December 31, 2026.",https://www.sec.gov/Archives/edgar/data/764180/0000764180-25-000128.txt,share_repurchase_program,"On October 29, 2025, Altria's Board of Directors (Board) authorized the expansion of Altria's existing share repurchase program from $1 billion to $2 billion. The expanded share repurchase program expires on December 31, 2026.",below_one_percent_materiality,1000000000.0,,104102842357.41,0.009605885654560328,2025-10-29
MO,0001193125-24-071340,2024-03-19,"On March 15, 2024, Altria entered into accelerated share repurchase (""ASR"") transactions under separate agreements with each of Morgan Stanley & Co. LLC and Goldman Sachs & Co. LLC (collectively, the ""ASR Agreements""), to repurchase an aggregate of $2.4 billion (the ""Repurchase Price"") of Altria common stock (""Common Stock""). The ASR transactions are part of Altria's existing share repurchase program, which was expanded to $3.4 billion in connection with the Secondary Offering and the Share Repurchase and is expected to be completed by December 31, 2024.",https://www.sec.gov/Archives/edgar/data/764180/0001193125-24-071340.txt,share_repurchase_program,"On March 15, 2024, Altria entered into accelerated share repurchase (""ASR"") transactions under separate agreements with each of Morgan Stanley & Co. LLC and Goldman Sachs & Co. LLC (collectively, the ""ASR Agreements""), to repurchase an aggregate of $2.4 billion (the ""Repurchase Price"") of Altria common stock (""Common Stock""). The ASR transactions are part of Altria's existing share repurchase program, which was expanded to $3.4 billion in connection with the Secondary Offering and the Share Repurchase and is expected to be completed by December 31, 2024.
Altria and ABI entered into an underwriting agreement with Morgan Stanley & Co. LLC, J.P. Morgan Securities LLC and J.P. Morgan SE, as representatives (the ""Representatives"") of several underwriters named therein (the ""Underwriters"" and such agreement, the ""Underwriting Agreement""). Pursuant to the Underwriting Agreement, Altria agreed to sell to the Underwriters 35,000,000 Ordinary Shares... In connection with the Secondary Offering, Altria granted the Underwriters an option to purchase up to 5,250,000 additional ADSs, exercisable within 30 days following the date of the Underwriting Agreement.",separate_asr_arm,,,,,
MS,0000950103-24-009168,2024-06-28,"The Board reauthorized a multi-year common equity share repurchase program of up to $20 billion, without a set expiration date, beginning in the third quarter. The share repurchases will be exercised from time to time at prices the Company deems appropriate, subject to various considerations, including current market conditions, the Company's capital position and future economic and earnings outlook.",https://www.sec.gov/Archives/edgar/data/895421/0000950103-24-009168.txt,share_repurchase_program,"The Board reauthorized a multi-year common equity share repurchase program of up to $20 billion, without a set expiration date, beginning in the third quarter. The share repurchases will be exercised from time to time at prices the Company deems appropriate, subject to various considerations, including current market conditions, the Company's capital position and future economic and earnings outlook.",recap_or_reauthorization,,,,,
MS,0000950103-25-008285,2025-07-01,"The Board reauthorized a multi-year common equity share repurchase program of up to $20 billion, without a set expiration date, beginning in the third quarter. The share repurchases will be exercised from time to time at prices the Company deems appropriate, subject to various considerations, including current market conditions, the Company's capital position and future economic and earnings outlook.",https://www.sec.gov/Archives/edgar/data/895421/0000950103-25-008285.txt,share_repurchase_program,"The Board reauthorized a multi-year common equity share repurchase program of up to $20 billion, without a set expiration date, beginning in the third quarter. The share repurchases will be exercised from time to time at prices the Company deems appropriate, subject to various considerations, including current market conditions, the Company's capital position and future economic and earnings outlook.",recap_or_reauthorization,,,,,
NFLX,0001065280-25-000033,2025-01-21,"In December 2024, the Board of Directors (the ""Board"") of Netflix, Inc. (the ""Company"") authorized the repurchase of an additional $15 billion of the Company's common stock, in addition to the repurchase program authorized in September 2023, each without an expiration date. Following the increase, the Company had approximately $17.1 billion available for repurchases as of December 31, 2024.",https://www.sec.gov/Archives/edgar/data/1065280/0001065280-25-000033.txt,share_repurchase_program,"In December 2024, the Board of Directors (the ""Board"") of Netflix, Inc. (the ""Company"") authorized the repurchase of an additional $15 billion of the Company's common stock, in addition to the repurchase program authorized in September 2023, each without an expiration date. Following the increase, the Company had approximately $17.1 billion available for repurchases as of December 31, 2024.",eligible,15000000000.0,,360077891490.18,0.041657653398053954,2025-01-17
NOW,0001373715-25-000007,2025-01-29,"On January 29, 2025, ServiceNow announced that its Board of Directors authorized an additional $3.0 billion in repurchases under its share repurchase program. This authorization is an increase to the original $1.5 billion repurchase authorization announced in May 2023, of which approximately $266 million remained available as of December 31, 2024.",https://www.sec.gov/Archives/edgar/data/1373715/0001373715-25-000007.txt,share_repurchase_program,"On January 29, 2025, ServiceNow announced that its Board of Directors authorized an additional $3.0 billion in repurchases under its share repurchase program. This authorization is an increase to the original $1.5 billion repurchase authorization announced in May 2023, of which approximately $266 million remained available as of December 31, 2024.",eligible,3000000000.0,,241471353630.00003,0.012423833945109772,2025-01-28
SCHW,0001193125-25-023158,2025-02-10,"On February 9, 2025, the Company entered into a stock repurchase agreement with the selling stockholder pursuant to which the Company agreed to repurchase $1.5 billion of the Company's nonvoting common stock directly from the selling stockholder, in a private transaction, at the price per share at which the shares of common stock are sold to the public in the offering, less the underwriting discount per share (the ""repurchase"").",https://www.sec.gov/Archives/edgar/data/316709/0001193125-25-023158.txt,share_repurchase_program,"On February 9, 2025, the Company entered into a stock repurchase agreement with the selling stockholder pursuant to which the Company agreed to repurchase $1.5 billion of the Company's nonvoting common stock directly from the selling stockholder, in a private transaction, at the price per share at which the shares of common stock are sold to the public in the offering, less the underwriting discount per share (the ""repurchase"").",private_holder_specific_buyback,,,,,
TMUS,0001140361-24-049266,2024-12-13,"The Board has authorized a new shareholder return program of up to an initial $14.0 billion that will run through December 31, 2025 (the '2025 Shareholder Return Program'). The 2025 Shareholder Return Program is expected to consist of additional repurchases of shares of the Company's common stock, par value $0.00001 per share, and payment of cash dividends.",https://www.sec.gov/Archives/edgar/data/1283699/0001140361-24-049266.txt,share_repurchase_program,"The Board has authorized a new shareholder return program of up to an initial $14.0 billion that will run through December 31, 2025 (the '2025 Shareholder Return Program'). The 2025 Shareholder Return Program is expected to consist of additional repurchases of shares of the Company's common stock, par value $0.00001 per share, and payment of cash dividends.",mixed_return_program_buyback_amount_unknown,,,,,
TMUS,0001193125-25-315998,2025-12-11,"The Board has authorized a new shareholder return program of up to $14.6 billion that will run through December 31, 2026. The 2026 Shareholder Return Program is expected to consist of additional repurchases of shares of the Company's common stock, and payment of cash dividends.",https://www.sec.gov/Archives/edgar/data/1283699/0001193125-25-315998.txt,share_repurchase_program,"The Board has authorized a new shareholder return program of up to $14.6 billion that will run through December 31, 2026. The 2026 Shareholder Return Program is expected to consist of additional repurchases of shares of the Company's common stock, and payment of cash dividends.",mixed_return_program_buyback_amount_unknown,,,,,
UBER,0001543151-25-000020,2025-08-06,"On July 28, 2025, the Board of Directors of the Company authorized the repurchase of up to an additional $20,000,000,000 in shares of the Company's outstanding common stock. Repurchases may be made through several methods, including open market purchases and accelerated share repurchases.",https://www.sec.gov/Archives/edgar/data/1543151/0001543151-25-000020.txt,share_repurchase_program,"On July 28, 2025, the Board of Directors of the Company authorized the repurchase of up to an additional $20,000,000,000 in shares of the Company's outstanding common stock. Repurchases may be made through several methods, including open market purchases and accelerated share repurchases.",separate_asr_arm,,,,,
UBER,0001552781-24-000039,2024-02-14,"On February 6, 2024, the Board of Directors of Uber Technologies, Inc. (the ""Company"") authorized the repurchase of up to $7,000,000,000 in shares of the Company's outstanding common stock. The timing, manner, price and amount of any repurchases are determined by the discretion of management, depending on market conditions and other factors.",https://www.sec.gov/Archives/edgar/data/1543151/0001552781-24-000039.txt,share_repurchase_program,"Over the next three years, the Company expects: Gross Bookings growth in the mid to high teens (CAGR), Adjusted EBITDA growth in the high 30s to 40% (CAGR), Free cash flow as a percentage of Adjusted EBITDA to be 90% or higher annually
On February 6, 2024, the Board of Directors of Uber Technologies, Inc. (the ""Company"") authorized the repurchase of up to $7,000,000,000 in shares of the Company's outstanding common stock. The timing, manner, price and amount of any repurchases are determined by the discretion of management, depending on market conditions and other factors.",board_action_more_than_seven_days_old,,,,,
UNP,0000100885-25-000082,2025-02-18,"Union Pacific Corporation (the ""Company"") established accelerated share repurchase programs (""ASRs"") with each of Barclays Bank PLC (""Barclays"") and Citibank, N.A. (""Citi"") to repurchase an aggregate of $1.5 billion of the Company's shares of common stock. Approximately 4,815,022 shares of common stock repurchased under the ASRs will be received by the Company on February 18, 2025.",https://www.sec.gov/Archives/edgar/data/100885/0000100885-25-000082.txt,share_repurchase_program,"Union Pacific Corporation (the ""Company"") established accelerated share repurchase programs (""ASRs"") with each of Barclays Bank PLC (""Barclays"") and Citibank, N.A. (""Citi"") to repurchase an aggregate of $1.5 billion of the Company's shares of common stock. Approximately 4,815,022 shares of common stock repurchased under the ASRs will be received by the Company on February 18, 2025.",separate_asr_arm,,,,,
USB,0001193125-24-217446,2024-09-12,"U.S. Bancorp announced that its board of directors authorized a share repurchase program to repurchase up to $5 billion of the Company's outstanding common stock, effective September 13, 2024. This share repurchase program replaces the Company's existing share repurchase program announced on December 22, 2020, which is terminated effective on September 12, 2024.",https://www.sec.gov/Archives/edgar/data/36104/0001193125-24-217446.txt,share_repurchase_program,"U.S. Bancorp announced that its board of directors authorized a share repurchase program to repurchase up to $5 billion of the Company's outstanding common stock, effective September 13, 2024. This share repurchase program replaces the Company's existing share repurchase program announced on December 22, 2020, which is terminated effective on September 12, 2024.",incremental_authorization_amount_unknown,,,,,
