accession_number,appointee,first_names,last_name
0000027419-24-000003,Michael Fiddelke,Michael,Fiddelke
0000731766-24-000122,John Rex,John,Rex
0001075531-24-000016,Ewout Steenbergen,Ewout,Steenbergen
0000753308-24-000025,Brian Bolster,Brian,Bolster
0001090727-24-000031,Brian Newman,Brian,Newman
0001193125-24-140547,Michael Verdeschi,Michael|Mike,Verdeschi
0000059478-24-000146,Anat Ashkenazi,Anat,Ashkenazi
0000059478-24-000164,Gordon Brooks,Gordon,Brooks
0000066740-24-000070,Monish Patolawala,Monish,Patolawala
0001075531-24-000053,David Goulden,David,Goulden
0000909832-25-000008,Richard Galanti,Richard,Galanti
0001104659-25-014780,Nicole Giles,Nicole,Giles
0000773840-25-000019,Stephen Williamson,Stephen,Williamson
0000858877-25-000046,Mark Patterson,Mark,Patterson
0000027419-25-000114,Michael Fiddelke,Michael,Fiddelke
0000773840-25-000120,Indra Nooyi,Indra,Nooyi
