ticker,issuer,accession_number,event_entry,control_entry,status
PEG,0000788784,0001193125-22-070070,2022-03-10,2022-03-03,outside_registered_dates_or_quarter
RRGB,0001171759,0000950142-22-000996,2022-03-11,2022-03-04,outside_registered_dates_or_quarter
NMRK,0001690680,0001193125-22-074752,2022-03-15,2022-03-08,outside_registered_dates_or_quarter
AXL,0001062231,0000947871-22-000359,2022-03-15,2022-03-08,outside_registered_dates_or_quarter
BGCP,0001094831,0001193125-22-074748,2022-03-15,2022-03-08,outside_registered_dates_or_quarter
CHEF,0001517175,0000947871-22-000369,2022-03-16,2022-03-09,outside_registered_dates_or_quarter
OGS,0001587732,0001193125-22-078304,2022-03-18,2022-03-11,outside_registered_dates_or_quarter
THC,0000070318,0001193125-22-077759,2022-03-18,2022-03-11,outside_registered_dates_or_quarter
IRM,0001020569,0001104659-22-035647,2022-03-21,2022-03-14,outside_registered_dates_or_quarter
CTAS,0000723254,0000723254-22-000005,2022-03-24,2022-03-17,outside_registered_dates_or_quarter
ENVA,0001529864,0000950170-22-004554,2022-03-25,2022-03-18,outside_registered_dates_or_quarter
CTLP,0000896429,0001628280-22-007062,2022-03-25,2022-03-18,outside_registered_dates_or_quarter
WBEV,0001782627,0000950170-22-004700,2022-03-29,2022-03-22,outside_registered_dates_or_quarter
IMAX,0000921582,0001193125-22-085947,2022-03-29,2022-03-22,outside_registered_dates_or_quarter
IRTC,0001388658,0001388658-22-000051,2022-03-30,2022-03-23,outside_registered_dates_or_quarter
TRMB,0000864749,0000864749-22-000064,2022-03-31,2022-03-24,outside_registered_dates_or_quarter
BRP,0001781755,0000950103-22-005627,2022-04-01,2022-03-25,outside_registered_dates_or_quarter
WERN,0000793074,0000793074-22-000017,2022-04-01,2022-03-25,outside_registered_dates_or_quarter
BC,0000014930,0001140361-22-012317,2022-04-01,2022-03-25,outside_registered_dates_or_quarter
ATO,0000731802,0001193125-22-093660,2022-04-04,2022-03-28,outside_registered_dates_or_quarter
ANDE,0000821026,0000821026-22-000115,2022-04-04,2022-03-28,outside_registered_dates_or_quarter
KOS,0001509991,0001509991-22-000026,2022-04-04,2022-03-28,outside_registered_dates_or_quarter
HWKN,0000046250,0000046250-22-000010,2022-04-04,2022-03-28,outside_registered_dates_or_quarter
INT,0000789460,0001628280-22-008268,2022-04-05,2022-03-29,outside_registered_dates_or_quarter
SOFO,0001029744,0001437749-22-008157,2022-04-05,2022-03-29,outside_registered_dates_or_quarter
ARES,0001176948,0001628280-22-008573,2022-04-07,2022-03-31,outside_registered_dates_or_quarter
VAC,0001524358,0001193125-22-097501,2022-04-07,2022-03-31,outside_registered_dates_or_quarter
SUN,0001552275,0001193125-22-099062,2022-04-08,2022-04-01,calendar_eligible
WDAY,0001327811,0001104659-22-043661,2022-04-08,2022-04-01,other_recent_disclosure
OVV,0001792580,0000950142-22-001330,2022-04-08,2022-04-01,calendar_eligible
WH,0001722684,0001104659-22-044236,2022-04-11,2022-04-04,calendar_eligible
KKR,0001404912,0001140361-22-013845,2022-04-11,2022-04-04,calendar_eligible
FMBH,0000700565,0001171843-22-002502,2022-04-12,2022-04-05,calendar_eligible
ET,0001276187,0001193125-22-102362,2022-04-13,2022-04-06,calendar_eligible
SMG,0000825542,0001443984-22-000125,2022-04-18,2022-04-08,calendar_eligible
HOOD,0001783879,0001193125-22-105708,2022-04-18,2022-04-08,calendar_eligible
RRC,0000315852,0001193125-22-107998,2022-04-19,2022-04-11,calendar_eligible
CLAR,0000913277,0001104659-22-048401,2022-04-22,2022-04-14,calendar_eligible
UNM,0000005513,0000005513-22-000076,2022-04-22,2022-04-14,calendar_eligible
RWAY,0001653384,0001104659-22-048941,2022-04-25,2022-04-18,calendar_eligible
OFS,0001487918,0001487918-22-000022,2022-04-26,2022-04-19,calendar_eligible
INDT,0001037390,0001037390-22-000029,2022-04-27,2022-04-20,calendar_eligible
SP,0001059262,0001564590-22-015734,2022-04-27,2022-04-20,calendar_eligible
INTL,0000913760,0000913760-22-000070,2022-04-28,2022-04-21,calendar_eligible
AL,0001487712,0001193125-22-123715,2022-04-28,2022-04-21,other_recent_disclosure
O,0000726728,0001104659-22-052276,2022-04-29,2022-04-22,calendar_eligible
DAKT,0000915779,0001437749-22-010278,2022-05-02,2022-04-25,calendar_eligible
CI,0001739940,0000950159-22-000102,2022-05-02,2022-04-25,calendar_eligible
SYY,0000096021,0001193125-22-136846,2022-05-03,2022-04-26,calendar_eligible
CUZ,0000025232,0000025232-22-000023,2022-05-03,2022-04-26,calendar_eligible
MDRX,0001124804,0000950170-22-006865,2022-05-03,2022-04-26,calendar_eligible
CG,0001527166,0001527166-22-000027,2022-05-03,2022-04-26,calendar_eligible
VST,0001692819,0001193125-22-142366,2022-05-06,2022-04-29,calendar_eligible
PTMN,0001372807,0001193125-22-142491,2022-05-06,2022-04-29,calendar_eligible
CVLG,0000928658,0001008886-22-000035,2022-05-09,2022-05-02,calendar_eligible
EXP,0000918646,0001193125-22-143703,2022-05-09,2022-05-02,calendar_eligible
SNAP,0001564408,0001193125-22-145102,2022-05-10,2022-05-03,calendar_eligible
ICFI,0001362004,0001437749-22-011728,2022-05-11,2022-05-04,other_recent_disclosure
TKNO,0001850902,0001193125-22-146645,2022-05-12,2022-05-05,calendar_eligible
JWN,0000072333,0000072333-22-000120,2022-05-13,2022-05-06,calendar_eligible
CXW,0001070985,0001140361-22-018956,2022-05-16,2022-05-09,calendar_eligible
REFI,0001867949,0001213900-22-026059,2022-05-16,2022-05-09,other_recent_disclosure
IHRT,0001400891,0001193125-22-155030,2022-05-20,2022-05-13,other_recent_disclosure
SHW,0000089800,0001193125-22-156946,2022-05-24,2022-05-17,calendar_eligible
NWE,0000073088,0000073088-22-000103,2022-05-24,2022-05-17,other_recent_disclosure
PNM,0001108426,0001108426-22-000036,2022-05-25,2022-05-18,other_recent_disclosure
LEN,0000920760,0001193125-22-161051,2022-05-27,2022-05-20,calendar_eligible
HIW,0000921082,0000921082-22-000025,2022-05-27,2022-05-20,calendar_eligible
ZBRA,0000877212,0000877212-22-000099,2022-05-27,2022-05-20,other_recent_disclosure
REXR,0001571283,0001193125-22-161585,2022-05-31,2022-05-23,other_recent_disclosure
WMS,0001604028,0001193125-22-162500,2022-05-31,2022-05-23,other_recent_disclosure
MAN,0000871763,0001193125-22-162367,2022-05-31,2022-05-23,calendar_eligible
SPWH,0001132105,0001558370-22-009552,2022-06-01,2022-05-24,outside_registered_dates_or_quarter
CVT,0001827075,0000950170-22-010941,2022-06-01,2022-05-24,outside_registered_dates_or_quarter
EAF,0000931148,0001193125-22-166261,2022-06-03,2022-05-26,outside_registered_dates_or_quarter
AMRX,0001723128,0001723128-22-000023,2022-06-03,2022-05-26,outside_registered_dates_or_quarter
BANX,0001578987,0001104659-22-067981,2022-06-06,2022-05-27,outside_registered_dates_or_quarter
ENLC,0001592000,0001104659-22-068321,2022-06-07,2022-05-31,outside_registered_dates_or_quarter
GVA,0000861459,0001437749-22-014442,2022-06-07,2022-05-31,outside_registered_dates_or_quarter
KLAC,0000319201,0001193125-22-170195,2022-06-09,2022-06-02,outside_registered_dates_or_quarter
DFH,0001825088,0001825088-22-000006,2022-06-09,2022-06-02,outside_registered_dates_or_quarter
BX,0001393818,0001193125-22-170173,2022-06-09,2022-06-02,outside_registered_dates_or_quarter
CMLS,0001058623,0001058623-22-000106,2022-06-09,2022-06-02,outside_registered_dates_or_quarter
WLK,0001262823,0001193125-22-171147,2022-06-10,2022-06-03,outside_registered_dates_or_quarter
PLXS,0000785786,0000785786-22-000061,2022-06-14,2022-06-07,outside_registered_dates_or_quarter
THRM,0000903129,0001193125-22-172916,2022-06-14,2022-06-07,outside_registered_dates_or_quarter
OKE,0001039684,0001193125-22-172886,2022-06-14,2022-06-07,outside_registered_dates_or_quarter
HI,0001417398,0001104659-22-070360,2022-06-14,2022-06-07,outside_registered_dates_or_quarter
DHX,0001393883,0001393883-22-000057,2022-06-14,2022-06-07,outside_registered_dates_or_quarter
MSCI,0001408198,0000950103-22-010573,2022-06-15,2022-06-08,outside_registered_dates_or_quarter
MSGE,0001795250,0001193125-22-174797,2022-06-16,2022-06-09,outside_registered_dates_or_quarter
URBN,0000912615,0001564590-22-023319,2022-06-16,2022-06-09,outside_registered_dates_or_quarter
OWL,0001823945,0001193125-22-174865,2022-06-16,2022-06-09,outside_registered_dates_or_quarter
PHM,0000822416,0000822416-22-000033,2022-06-17,2022-06-10,outside_registered_dates_or_quarter
GBDC,0001476765,0001476765-22-000054,2022-06-17,2022-06-10,outside_registered_dates_or_quarter
HNI,0000048287,0000048287-22-000144,2022-06-21,2022-06-13,outside_registered_dates_or_quarter
FREE,0001753706,0001104659-22-072421,2022-06-21,2022-06-13,outside_registered_dates_or_quarter
NUS,0001021561,0001140361-22-023342,2022-06-21,2022-06-13,outside_registered_dates_or_quarter
FISV,0000798354,0001193125-22-177734,2022-06-22,2022-06-14,outside_registered_dates_or_quarter
WES,0001423902,0001423902-22-000019,2022-06-22,2022-06-14,outside_registered_dates_or_quarter
CHD,0000313927,0001193125-22-177715,2022-06-22,2022-06-14,outside_registered_dates_or_quarter
FMC,0000037785,0000037785-22-000047,2022-06-22,2022-06-14,outside_registered_dates_or_quarter
PRTS,0001378950,0001140361-22-023561,2022-06-22,2022-06-14,outside_registered_dates_or_quarter
USPH,0000885978,0001140361-22-023646,2022-06-22,2022-06-14,outside_registered_dates_or_quarter
KFY,0000056679,0001193125-22-180808,2022-06-27,2022-06-17,outside_registered_dates_or_quarter
NGVT,0001653477,0001193125-22-181585,2022-06-27,2022-06-17,outside_registered_dates_or_quarter
WBEV,0001782627,0000950170-22-012188,2022-06-28,2022-06-21,outside_registered_dates_or_quarter
OFS,0001487918,0001487918-22-000054,2022-06-28,2022-06-21,outside_registered_dates_or_quarter
Y,0000775368,0001193125-22-182850,2022-06-28,2022-06-21,outside_registered_dates_or_quarter
LUNA,0001239819,0001239819-22-000090,2022-06-28,2022-06-21,outside_registered_dates_or_quarter
BCO,0000078890,0000078890-22-000292,2022-06-29,2022-06-22,outside_registered_dates_or_quarter
TDC,0000816761,0001193125-22-183916,2022-06-29,2022-06-22,outside_registered_dates_or_quarter
BALL,0000009389,0001558370-22-010439,2022-06-30,2022-06-23,outside_registered_dates_or_quarter
TG,0000850429,0001193125-22-186190,2022-07-01,2022-06-24,outside_registered_dates_or_quarter
TPH,0001561680,0001561680-22-000080,2022-07-01,2022-06-24,outside_registered_dates_or_quarter
CPSS,0000889609,0001683168-22-004742,2022-07-05,2022-06-27,outside_registered_dates_or_quarter
CPRI,0001530721,0000950142-22-002064,2022-07-05,2022-06-27,outside_registered_dates_or_quarter
NSP,0001000753,0001193125-22-188640,2022-07-07,2022-06-29,outside_registered_dates_or_quarter
DIT,0000928465,0001104659-22-077694,2022-07-07,2022-06-29,outside_registered_dates_or_quarter
KRMD,0000704440,0001161697-22-000345,2022-07-07,2022-06-29,outside_registered_dates_or_quarter
NX,0001423221,0001104659-22-077705,2022-07-07,2022-06-29,outside_registered_dates_or_quarter
VNO,0000899689,0000899689-22-000032,2022-07-08,2022-06-30,outside_registered_dates_or_quarter
NC,0000789933,0000789933-22-000044,2022-07-08,2022-06-30,outside_registered_dates_or_quarter
HRI,0001364479,0001193125-22-190517,2022-07-11,2022-07-01,calendar_eligible
LXP,0000910108,0001444838-22-000010,2022-07-12,2022-07-05,calendar_eligible
WRK,0001732845,0001157523-22-000833,2022-07-12,2022-07-05,calendar_eligible
MPC,0001510295,0001510295-22-000054,2022-07-13,2022-07-06,other_recent_disclosure
MBUU,0001590976,0001590976-22-000042,2022-07-13,2022-07-06,calendar_eligible
DLTH,0001649744,0001193125-22-192012,2022-07-13,2022-07-06,calendar_eligible
MPLX,0001552000,0001552000-22-000029,2022-07-13,2022-07-06,other_recent_disclosure
BOOT,0001610250,0001558370-22-010714,2022-07-15,2022-07-08,calendar_eligible
ATUS,0001702780,0001628280-22-018924,2022-07-15,2022-07-08,calendar_eligible
WLKP,0001604665,0001193125-22-195001,2022-07-18,2022-07-11,calendar_eligible
LSI,0000944314,0001193125-22-194979,2022-07-18,2022-07-11,calendar_eligible
CEQP,0001136352,0001193125-22-195002,2022-07-18,2022-07-11,other_recent_disclosure
VLD,0001825079,0001628280-22-018977,2022-07-18,2022-07-11,calendar_eligible
HES,0000004447,0001193125-22-194975,2022-07-18,2022-07-11,calendar_eligible
BG,0001144519,0001144519-22-000180,2022-07-19,2022-07-12,calendar_eligible
TPG,0001880661,0001193125-22-196297,2022-07-19,2022-07-12,calendar_eligible
EVER,0001640428,0001193125-22-197034,2022-07-20,2022-07-13,calendar_eligible
MGRC,0000752714,0001564590-22-025987,2022-07-21,2022-07-14,calendar_eligible
LUV,0000092380,0000092380-22-000039,2022-07-22,2022-07-15,calendar_eligible
CPSS,0000889609,0001683168-22-005067,2022-07-22,2022-07-15,calendar_eligible
FLEX,0000866374,0000866374-22-000045,2022-07-25,2022-07-18,calendar_eligible
VC,0001111335,0001111335-22-000036,2022-07-25,2022-07-18,calendar_eligible
SGMA,0000915358,0001193125-22-200047,2022-07-25,2022-07-18,calendar_eligible
ADTN,0000926282,0001193125-22-200018,2022-07-25,2022-07-18,other_recent_disclosure
CEIX,0001710366,0001193125-22-200179,2022-07-26,2022-07-19,calendar_eligible
SITE,0001650729,0001104659-22-082388,2022-07-26,2022-07-19,calendar_eligible
NSIT,0000932696,0001628280-22-019437,2022-07-27,2022-07-20,calendar_eligible
SHO,0001295810,0001558370-22-011101,2022-07-28,2022-07-21,calendar_eligible
APLE,0001418121,0001564590-22-026694,2022-07-28,2022-07-21,calendar_eligible
HOUS,0001398987,0001193125-22-204066,2022-07-29,2022-07-22,calendar_eligible
KEX,0000056047,0000950170-22-013502,2022-08-01,2022-07-25,calendar_eligible
WHD,0001699136,0001699136-22-000129,2022-08-01,2022-07-25,calendar_eligible
ATAX,0001059142,0000950170-22-013684,2022-08-02,2022-07-26,calendar_eligible
BCPC,0000009326,0001140361-22-027537,2022-08-02,2022-07-26,calendar_eligible
RIG,0001451505,0001451505-22-000061,2022-08-02,2022-07-26,other_recent_disclosure
HAE,0000313143,0000313143-22-000042,2022-08-02,2022-07-26,calendar_eligible
GMRE,0001533615,0001104659-22-085665,2022-08-04,2022-07-28,calendar_eligible
LHX,0000202058,0000202058-22-000056,2022-08-05,2022-07-29,other_recent_disclosure
UE,0001611547,0001611547-22-000054,2022-08-10,2022-08-03,calendar_eligible
MHK,0000851968,0001193125-22-220058,2022-08-15,2022-08-08,calendar_eligible
SHW,0000089800,0001193125-22-220848,2022-08-16,2022-08-09,other_recent_disclosure
CPK,0000019745,0001193125-22-223061,2022-08-18,2022-08-11,other_recent_disclosure
WAB,0000943452,0001140361-22-029959,2022-08-18,2022-08-11,other_recent_disclosure
HOV,0000357294,0001437749-22-021140,2022-08-23,2022-08-16,calendar_eligible
PCTY,0001591698,0001591698-22-000144,2022-08-23,2022-08-16,calendar_eligible
NOC,0001133421,0001193125-22-227515,2022-08-24,2022-08-17,calendar_eligible
FDUS,0001513363,0001193125-22-227509,2022-08-24,2022-08-17,calendar_eligible
UCTT,0001275014,0000950170-22-017709,2022-08-25,2022-08-18,calendar_eligible
NATI,0000935494,0000935494-22-000030,2022-08-26,2022-08-19,calendar_eligible
SHW,0000089800,0001193125-22-230796,2022-08-29,2022-08-22,other_recent_disclosure
CAG,0000023217,0001193125-22-231861,2022-08-30,2022-08-23,calendar_eligible
AMOT,0000046129,0001558370-22-014053,2022-08-30,2022-08-23,calendar_eligible
WSBC,0000203596,0000950170-22-017859,2022-08-30,2022-08-23,calendar_eligible
BWB,0001341317,0001558370-22-014147,2022-09-02,2022-08-26,outside_registered_dates_or_quarter
SRLP,0001525287,0001525287-22-000048,2022-09-06,2022-08-29,outside_registered_dates_or_quarter
LTHM,0001742924,0001742924-22-000026,2022-09-06,2022-08-29,outside_registered_dates_or_quarter
BILL,0001786352,0001193125-22-237898,2022-09-06,2022-08-29,outside_registered_dates_or_quarter
NJR,0000356309,0001140361-22-032379,2022-09-07,2022-08-30,outside_registered_dates_or_quarter
BAH,0001443646,0001104659-22-098194,2022-09-08,2022-08-31,outside_registered_dates_or_quarter
SHW,0000089800,0001193125-22-240682,2022-09-09,2022-09-01,outside_registered_dates_or_quarter
BCC,0001328581,0001328581-22-000088,2022-09-12,2022-09-02,outside_registered_dates_or_quarter
BEN,0000038777,0000038777-22-000165,2022-09-14,2022-09-07,outside_registered_dates_or_quarter
POR,0000784977,0000784977-22-000068,2022-09-15,2022-09-08,outside_registered_dates_or_quarter
SHW,0000089800,0001193125-22-244505,2022-09-15,2022-09-08,outside_registered_dates_or_quarter
FTAI,0001590364,0001140361-22-034108,2022-09-22,2022-09-15,outside_registered_dates_or_quarter
WNC,0000879526,0001193125-22-250584,2022-09-27,2022-09-20,outside_registered_dates_or_quarter
ICD,0001537028,0001537028-22-000049,2022-09-27,2022-09-20,outside_registered_dates_or_quarter
SANM,0000897723,0001104659-22-103307,2022-09-28,2022-09-21,outside_registered_dates_or_quarter
DRH,0001298946,0001298946-22-000096,2022-09-29,2022-09-22,outside_registered_dates_or_quarter
CRTO,0001576427,0001576427-22-000084,2022-09-29,2022-09-22,outside_registered_dates_or_quarter
ARE,0001035443,0001104659-22-103767,2022-09-29,2022-09-22,outside_registered_dates_or_quarter
SMTC,0000088941,0000950103-22-016730,2022-09-30,2022-09-23,outside_registered_dates_or_quarter
AVB,0000915912,0001104659-22-104180,2022-09-30,2022-09-23,outside_registered_dates_or_quarter
AJRD,0000040888,0001193125-22-254404,2022-09-30,2022-09-23,outside_registered_dates_or_quarter
TTSH,0001552800,0001104659-22-104593,2022-10-03,2022-09-26,outside_registered_dates_or_quarter
WEYS,0000106532,0001104659-22-104551,2022-10-03,2022-09-26,outside_registered_dates_or_quarter
NRC,0000070487,0001437749-22-023445,2022-10-04,2022-09-27,outside_registered_dates_or_quarter
TMST,0001598428,0000950170-22-019305,2022-10-06,2022-09-29,outside_registered_dates_or_quarter
TSCO,0000916365,0000916365-22-000097,2022-10-06,2022-09-29,outside_registered_dates_or_quarter
PINE,0001786117,0001558370-22-014891,2022-10-07,2022-09-30,outside_registered_dates_or_quarter
RMCF,0001616262,0001437749-22-023758,2022-10-07,2022-09-30,outside_registered_dates_or_quarter
ETN,0001551182,0001140361-22-036580,2022-10-10,2022-10-03,calendar_eligible
OLN,0000074303,0000074303-22-000140,2022-10-13,2022-10-06,other_recent_disclosure
CAKE,0000887596,0001104659-22-108102,2022-10-13,2022-10-06,calendar_eligible
ZUO,0001423774,0001423774-22-000152,2022-10-13,2022-10-06,calendar_eligible
BWXT,0001486957,0001104659-22-108099,2022-10-13,2022-10-06,calendar_eligible
GT,0000042582,0001193125-22-261362,2022-10-13,2022-10-06,other_recent_disclosure
EHC,0000785161,0000785161-22-000042,2022-10-14,2022-10-07,calendar_eligible
MOD,0000067347,0001140361-22-037076,2022-10-14,2022-10-07,calendar_eligible
BY,0001702750,0000950170-22-019558,2022-10-17,2022-10-10,calendar_eligible
WFRD,0001603923,0001104659-22-109505,2022-10-19,2022-10-12,calendar_eligible
COMM,0001517228,0000950170-22-019803,2022-10-21,2022-10-14,calendar_eligible
DBD,0000028823,0001193125-22-265691,2022-10-21,2022-10-14,calendar_eligible
DTM,0001842022,0000947871-22-001089,2022-10-21,2022-10-14,other_recent_disclosure
ATSG,0000894081,0001193125-22-265929,2022-10-21,2022-10-14,calendar_eligible
FTV,0001659166,0001193125-22-265934,2022-10-21,2022-10-14,calendar_eligible
AGMPD,0000070502,0000070502-22-000058,2022-10-24,2022-10-17,calendar_eligible
COGW,0000928022,0000928022-22-000133,2022-10-25,2022-10-18,calendar_eligible
FSS,0000277509,0000277509-22-000042,2022-10-25,2022-10-18,calendar_eligible
TIPT,0001393726,0001393726-22-000124,2022-10-26,2022-10-19,other_recent_disclosure
FCX,0000831259,0001193125-22-268354,2022-10-26,2022-10-19,other_recent_disclosure
BTTR,0001471727,0001471727-22-000080,2022-10-26,2022-10-19,calendar_eligible
FCPT,0001650132,0001193125-22-268495,2022-10-26,2022-10-19,other_recent_disclosure
CMC,0000022444,0001193125-22-269582,2022-10-27,2022-10-20,other_recent_disclosure
PINS,0001506293,0001506293-22-000125,2022-10-28,2022-10-21,calendar_eligible
DK,0001694426,0001193125-22-270024,2022-10-28,2022-10-21,calendar_eligible
ABC,0001140859,0001104659-22-111993,2022-10-28,2022-10-21,other_recent_disclosure
TRTN,0001660734,0001660734-22-000088,2022-10-28,2022-10-21,calendar_eligible
SHW,0000089800,0001193125-22-273420,2022-11-01,2022-10-25,calendar_eligible
ALG,0000897077,0000897077-22-000114,2022-11-01,2022-10-25,calendar_eligible
CLDT,0001476045,0001476045-22-000063,2022-11-02,2022-10-26,calendar_eligible
MEI,0000065270,0000950170-22-020712,2022-11-02,2022-10-26,calendar_eligible
OTTR,0001466593,0001466593-22-000070,2022-11-02,2022-10-26,other_recent_disclosure
EGRX,0000827871,0001104659-22-114056,2022-11-04,2022-10-28,calendar_eligible
ADNT,0001670541,0001670541-22-000090,2022-11-07,2022-10-31,other_recent_disclosure
MCK,0000927653,0000927653-22-000100,2022-11-08,2022-11-01,other_recent_disclosure
NL,0000072162,0000072162-22-000012,2022-11-10,2022-11-03,other_recent_disclosure
PTEN,0000889900,0000950170-22-023841,2022-11-10,2022-11-03,calendar_eligible
CVU,0000889348,0001839882-22-026322,2022-11-11,2022-11-04,calendar_eligible
ESI,0001590714,0001590714-22-000085,2022-11-16,2022-11-09,calendar_eligible
SKIN,0001818093,0001818093-22-000177,2022-11-16,2022-11-09,other_recent_disclosure
HURN,0001289848,0001289848-22-000059,2022-11-17,2022-11-10,calendar_eligible
CRK,0000023194,0000023194-22-000043,2022-11-17,2022-11-10,calendar_eligible
BWMN,0001847590,0001193125-22-287674,2022-11-18,2022-11-11,calendar_eligible
DK,0001694426,0001193125-22-288939,2022-11-21,2022-11-14,other_recent_disclosure
AMG,0001004434,0001193125-22-289485,2022-11-22,2022-11-15,calendar_eligible
DAL,0000027904,0001683168-22-007951,2022-11-22,2022-11-15,calendar_eligible
VLO,0001035002,0001193125-22-291119,2022-11-23,2022-11-16,calendar_eligible
RNR,0000913144,0001193125-22-291160,2022-11-23,2022-11-16,other_recent_disclosure
SPTN,0000877422,0000950170-22-025649,2022-11-25,2022-11-17,other_recent_disclosure
AKAM,0001086222,0001193125-22-292004,2022-11-25,2022-11-17,other_recent_disclosure
SSTI,0001351636,0000950170-22-025675,2022-11-25,2022-11-17,calendar_eligible
RBT,0001862068,0001829126-22-019520,2022-11-28,2022-11-18,other_recent_disclosure
SHW,0000089800,0001193125-22-293097,2022-11-29,2022-11-21,calendar_eligible
BLBD,0001589526,0001589526-22-000080,2022-11-29,2022-11-21,calendar_eligible
HCSG,0000731012,0000731012-22-000089,2022-11-29,2022-11-21,calendar_eligible
PRAA,0001185348,0001185348-22-000033,2022-11-29,2022-11-21,calendar_eligible
OWLT,0001816708,0001628280-22-031105,2022-12-01,2022-11-23,outside_registered_dates_or_quarter
CMTL,0000023197,0000023197-22-000084,2022-12-02,2022-11-25,outside_registered_dates_or_quarter
PK,0001617406,0000950170-22-025964,2022-12-05,2022-11-28,outside_registered_dates_or_quarter
TKR,0000098362,0001193125-22-299501,2022-12-07,2022-11-30,outside_registered_dates_or_quarter
MHO,0000799292,0000799292-22-000074,2022-12-12,2022-12-05,outside_registered_dates_or_quarter
NEWT,0001587987,0001587987-22-000141,2022-12-13,2022-12-06,outside_registered_dates_or_quarter
SNPS,0000883241,0001193125-22-304926,2022-12-15,2022-12-08,outside_registered_dates_or_quarter
MAR,0001048286,0001193125-22-306017,2022-12-16,2022-12-09,outside_registered_dates_or_quarter
STEL,0001473844,0001473844-22-000017,2022-12-19,2022-12-12,outside_registered_dates_or_quarter
G,0001398659,0001140361-22-045864,2022-12-19,2022-12-12,outside_registered_dates_or_quarter
NDAQ,0001120193,0001193125-22-307319,2022-12-19,2022-12-12,outside_registered_dates_or_quarter
PINC,0001577916,0001193125-22-307519,2022-12-19,2022-12-12,outside_registered_dates_or_quarter
PLYA,0001692412,0001193125-22-307516,2022-12-19,2022-12-12,outside_registered_dates_or_quarter
SG,0001477815,0001628280-22-032046,2022-12-19,2022-12-12,outside_registered_dates_or_quarter
CTRE,0001590717,0001628280-22-032210,2022-12-20,2022-12-13,outside_registered_dates_or_quarter
CYAN,0000768408,0001437749-22-029352,2022-12-20,2022-12-13,outside_registered_dates_or_quarter
OPAD,0001825024,0001193125-22-308410,2022-12-20,2022-12-13,outside_registered_dates_or_quarter
VWE,0001834045,0000950170-22-026761,2022-12-20,2022-12-13,outside_registered_dates_or_quarter
RSVR,0001824403,0001104659-22-128628,2022-12-21,2022-12-14,outside_registered_dates_or_quarter
AGCO,0000880266,0000880266-22-000051,2022-12-22,2022-12-15,outside_registered_dates_or_quarter
SAM,0000949870,0001564590-22-039622,2022-12-23,2022-12-16,outside_registered_dates_or_quarter
GES,0000912463,0001193125-22-311056,2022-12-23,2022-12-16,outside_registered_dates_or_quarter
GATO,0001517006,0000950103-22-021272,2022-12-23,2022-12-16,outside_registered_dates_or_quarter
MLM,0000916076,0000950157-22-001348,2022-12-23,2022-12-16,outside_registered_dates_or_quarter
GMS,0001600438,0001104659-22-129726,2022-12-27,2022-12-19,outside_registered_dates_or_quarter
MRCC,0001512931,0001104659-22-130524,2022-12-29,2022-12-21,outside_registered_dates_or_quarter
NSA,0001618563,0001628280-23-000083,2023-01-04,2022-12-27,outside_registered_dates_or_quarter
HCA,0000860730,0001193125-23-001579,2023-01-05,2022-12-28,outside_registered_dates_or_quarter
PDEX,0000788920,0001553350-23-000011,2023-01-06,2022-12-29,outside_registered_dates_or_quarter
SAFE,0001688852,0001104659-23-002287,2023-01-10,2023-01-03,calendar_eligible
RCL,0000884887,0001104659-23-003412,2023-01-13,2023-01-06,calendar_eligible
HCXY,0001280784,0001193125-23-008904,2023-01-18,2023-01-10,calendar_eligible
RYAM,0001597672,0001193125-23-008974,2023-01-18,2023-01-10,other_recent_disclosure
IRBT,0001159167,0001159167-23-000004,2023-01-23,2023-01-13,calendar_eligible
BLDR,0001316835,0001193125-23-013162,2023-01-24,2023-01-17,calendar_eligible
CULP,0000723603,0000950170-23-001003,2023-01-24,2023-01-17,calendar_eligible
AVY,0000008818,0001193125-23-018210,2023-01-31,2023-01-24,calendar_eligible
CXM,0001569345,0001193125-23-021569,2023-02-02,2023-01-26,calendar_eligible
XPO,0001166003,0001104659-23-011263,2023-02-07,2023-01-31,other_recent_disclosure
J,0000052988,0001193125-23-027095,2023-02-08,2023-02-01,other_recent_disclosure
PAYX,0000723531,0000950170-23-001997,2023-02-08,2023-02-01,calendar_eligible
FSP,0001031316,0001104659-23-018563,2023-02-13,2023-02-06,other_recent_disclosure
NRG,0001013871,0001104659-23-022218,2023-02-16,2023-02-09,calendar_eligible
TOL,0000794170,0000794170-23-000025,2023-02-17,2023-02-10,calendar_eligible
NGL,0001504461,0001504461-23-000024,2023-02-17,2023-02-10,calendar_eligible
ITGR,0001114483,0001171843-23-001009,2023-02-17,2023-02-10,other_recent_disclosure
SHCR,0001816233,0001816233-23-000032,2023-02-17,2023-02-10,calendar_eligible
CCLD,0001582982,0001493152-23-005588,2023-02-22,2023-02-14,calendar_eligible
SEM,0001320414,0001104659-23-024295,2023-02-23,2023-02-15,calendar_eligible
LAZY,0001721741,0001493152-23-005815,2023-02-24,2023-02-16,calendar_eligible
GEL,0001022321,0001193125-23-046584,2023-02-24,2023-02-16,other_recent_disclosure
ROL,0000084839,0000084839-23-000009,2023-02-28,2023-02-21,calendar_eligible
REFI,0001867949,0001213900-23-015025,2023-03-01,2023-02-22,calendar_eligible
SHW,0000089800,0001193125-23-052805,2023-03-01,2023-02-22,calendar_eligible
HQI,0001140102,0001437749-23-005093,2023-03-02,2023-02-23,other_recent_disclosure
BATRA,0001560385,0001104659-23-029307,2023-03-08,2023-03-01,outside_registered_dates_or_quarter
OXM,0000075288,0001171843-23-001472,2023-03-08,2023-03-01,outside_registered_dates_or_quarter
JOAN,0001834585,0000950170-23-007456,2023-03-14,2023-03-07,outside_registered_dates_or_quarter
STRS,0000885508,0000885508-23-000009,2023-03-15,2023-03-08,outside_registered_dates_or_quarter
WY,0000106535,0000950170-23-008169,2023-03-16,2023-03-09,outside_registered_dates_or_quarter
DAN,0000026780,0000950142-23-000729,2023-03-17,2023-03-10,outside_registered_dates_or_quarter
OGS,0001587732,0001193125-23-072571,2023-03-17,2023-03-10,outside_registered_dates_or_quarter
IIIN,0000764401,0001437749-23-006983,2023-03-20,2023-03-13,outside_registered_dates_or_quarter
EA,0000712515,0000712515-23-000015,2023-03-23,2023-03-16,outside_registered_dates_or_quarter
CVU,0000889348,0001839882-23-007388,2023-03-24,2023-03-17,outside_registered_dates_or_quarter
DNUT,0001857154,0001857154-23-000023,2023-03-24,2023-03-17,outside_registered_dates_or_quarter
SLCA,0001524741,0001193125-23-077966,2023-03-24,2023-03-17,outside_registered_dates_or_quarter
HOOD,0001783879,0001193125-23-079257,2023-03-27,2023-03-20,outside_registered_dates_or_quarter
IART,0000917520,0000917520-23-000017,2023-03-27,2023-03-20,outside_registered_dates_or_quarter
AINC,0001604738,0001604738-23-000021,2023-03-29,2023-03-22,outside_registered_dates_or_quarter
FC,0000886206,0000886206-23-000013,2023-03-31,2023-03-24,outside_registered_dates_or_quarter
UTHR,0001082554,0001104659-23-040233,2023-04-03,2023-03-27,outside_registered_dates_or_quarter
PRFT,0001085869,0001085869-23-000050,2023-04-03,2023-03-27,outside_registered_dates_or_quarter
CAPL,0001538849,0000950170-23-011463,2023-04-04,2023-03-28,outside_registered_dates_or_quarter
CERS,0001020214,0001193125-23-092216,2023-04-06,2023-03-30,outside_registered_dates_or_quarter
ARKR,0000779544,0000779544-23-000015,2023-04-06,2023-03-30,outside_registered_dates_or_quarter
AGTI,0001749704,0001749704-23-000021,2023-04-11,2023-04-03,calendar_eligible
DOV,0000029905,0001193125-23-097188,2023-04-12,2023-04-04,calendar_eligible
FMBH,0000700565,0001171843-23-002232,2023-04-12,2023-04-04,calendar_eligible
BBY,0000764478,0000764478-23-000012,2023-04-14,2023-04-06,other_recent_disclosure
KKR,0001404912,0001140361-23-018077,2023-04-14,2023-04-06,calendar_eligible
MRVL,0001835632,0001193125-23-103639,2023-04-18,2023-04-11,calendar_eligible
CRS,0000017843,0001104659-23-046705,2023-04-19,2023-04-12,calendar_eligible
RIVN,0001874178,0001193125-23-106449,2023-04-20,2023-04-13,calendar_eligible
AL,0001487712,0001193125-23-118703,2023-04-27,2023-04-20,calendar_eligible
IR,0001699150,0001140361-23-020593,2023-04-27,2023-04-20,calendar_eligible
TLYS,0001524025,0001628280-23-014214,2023-05-01,2023-04-24,other_recent_disclosure
DVA,0000927066,0000927066-23-000096,2023-05-02,2023-04-25,calendar_eligible
GLP,0001323468,0001104659-23-055554,2023-05-04,2023-04-27,other_recent_disclosure
YELP,0001345016,0001345016-23-000028,2023-05-05,2023-04-28,calendar_eligible
CCZ,0001227654,0001104659-23-056629,2023-05-08,2023-05-01,other_recent_disclosure
ARKO,0001823794,0000950170-23-018465,2023-05-09,2023-05-02,calendar_eligible
MDRR,0001654595,0001104659-23-057200,2023-05-09,2023-05-02,other_recent_disclosure
TJX,0000109198,0000109198-23-000019,2023-05-10,2023-05-03,calendar_eligible
CPSH,0000814676,0001437749-23-013417,2023-05-11,2023-05-04,other_recent_disclosure
GETY,0001898496,0001104659-23-058034,2023-05-11,2023-05-04,calendar_eligible
RLJ,0001511337,0001104659-23-061205,2023-05-17,2023-05-10,other_recent_disclosure
PSIX,0001137091,0001193125-23-146976,2023-05-18,2023-05-11,calendar_eligible
WYNN,0001174922,0001174922-23-000111,2023-05-18,2023-05-11,other_recent_disclosure
AROC,0001389050,0001104659-23-062043,2023-05-19,2023-05-12,other_recent_disclosure
BY,0001702750,0000950170-23-024533,2023-05-30,2023-05-22,calendar_eligible
TTMI,0001116942,0001193125-23-156582,2023-05-31,2023-05-23,calendar_eligible
OCSL,0001414932,0001193125-23-156605,2023-05-31,2023-05-23,calendar_eligible
HGBL,0000849145,0000950170-23-025679,2023-06-02,2023-05-25,outside_registered_dates_or_quarter
HUM,0000049071,0001193125-23-159869,2023-06-05,2023-05-26,outside_registered_dates_or_quarter
DIOD,0000029002,0000950170-23-026074,2023-06-05,2023-05-26,outside_registered_dates_or_quarter
PUMP,0001680247,0001680247-23-000043,2023-06-06,2023-05-30,outside_registered_dates_or_quarter
SEM,0001320414,0001104659-23-068527,2023-06-07,2023-05-31,outside_registered_dates_or_quarter
PACK,0001712463,0001213900-23-046538,2023-06-07,2023-05-31,outside_registered_dates_or_quarter
MMSI,0000856982,0000856982-23-000035,2023-06-09,2023-06-02,outside_registered_dates_or_quarter
SQ,0001512673,0001193125-23-164479,2023-06-12,2023-06-05,outside_registered_dates_or_quarter
CLF,0000764065,0000764065-23-000117,2023-06-12,2023-06-05,outside_registered_dates_or_quarter
PODD,0001145197,0001193125-23-164934,2023-06-13,2023-06-06,outside_registered_dates_or_quarter
PSA,0001393311,0001193125-23-165399,2023-06-13,2023-06-06,outside_registered_dates_or_quarter
KLXE,0001738827,0001738827-23-000043,2023-06-21,2023-06-13,outside_registered_dates_or_quarter
KRP,0001657788,0001104659-23-072895,2023-06-21,2023-06-13,outside_registered_dates_or_quarter
GLAD,0001143513,0001193125-23-172523,2023-06-23,2023-06-15,outside_registered_dates_or_quarter
KAMN,0000054381,0001140361-23-031016,2023-06-26,2023-06-16,outside_registered_dates_or_quarter
EXTR,0001078271,0000950170-23-029645,2023-06-26,2023-06-16,outside_registered_dates_or_quarter
LNG,0000003570,0001193125-23-175109,2023-06-27,2023-06-20,outside_registered_dates_or_quarter
PCGPB,0000075488,0001193125-23-175133,2023-06-27,2023-06-20,outside_registered_dates_or_quarter
VNCE,0001579157,0000950170-23-029729,2023-06-27,2023-06-20,outside_registered_dates_or_quarter
CQP,0001383650,0001193125-23-175104,2023-06-27,2023-06-20,outside_registered_dates_or_quarter
YETI,0001670592,0001104659-23-074758,2023-06-27,2023-06-20,outside_registered_dates_or_quarter
INN,0001497645,0001497645-23-000021,2023-06-28,2023-06-21,outside_registered_dates_or_quarter
EXR,0001289490,0001193125-23-175502,2023-06-28,2023-06-21,outside_registered_dates_or_quarter
FLWS,0001084869,0001437749-23-018797,2023-06-29,2023-06-22,outside_registered_dates_or_quarter
ALKT,0001529274,0001529274-23-000134,2023-06-29,2023-06-22,outside_registered_dates_or_quarter
ONL,0001873923,0001193125-23-178599,2023-06-30,2023-06-23,outside_registered_dates_or_quarter
MEC,0001766368,0001558370-23-011571,2023-06-30,2023-06-23,outside_registered_dates_or_quarter
JBGS,0001689796,0001104659-23-076334,2023-06-30,2023-06-23,outside_registered_dates_or_quarter
ARE,0001035443,0001104659-23-076123,2023-06-30,2023-06-23,outside_registered_dates_or_quarter
RGLD,0000085535,0001558370-23-011623,2023-07-03,2023-06-26,outside_registered_dates_or_quarter
GWRS,0001434728,0001434728-23-000221,2023-07-03,2023-06-26,outside_registered_dates_or_quarter
NS,0001110805,0001140361-23-032469,2023-07-03,2023-06-26,outside_registered_dates_or_quarter
OPK,0000944809,0001437749-23-019033,2023-07-03,2023-06-26,outside_registered_dates_or_quarter
TWNK,0001644406,0001644406-23-000030,2023-07-03,2023-06-26,outside_registered_dates_or_quarter
NWPX,0001001385,0001437749-23-019231,2023-07-05,2023-06-27,outside_registered_dates_or_quarter
SLAB,0001038074,0001104659-23-077604,2023-07-05,2023-06-27,outside_registered_dates_or_quarter
OFLX,0001317945,0001493152-23-023446,2023-07-06,2023-06-28,outside_registered_dates_or_quarter
AVTR,0001722482,0001722482-23-000146,2023-07-06,2023-06-28,outside_registered_dates_or_quarter
TRIP,0001526520,0000950170-23-031999,2023-07-07,2023-06-29,outside_registered_dates_or_quarter
SVC,0000945394,0001104659-23-078734,2023-07-07,2023-06-29,outside_registered_dates_or_quarter
LDI,0001831631,0001831631-23-000215,2023-07-10,2023-06-30,outside_registered_dates_or_quarter
ZBH,0001136869,0001193125-23-184743,2023-07-11,2023-07-03,calendar_eligible
BSFC,0001730773,0001493152-23-024201,2023-07-12,2023-07-05,calendar_eligible
JRVR,0001620459,0001620459-23-000100,2023-07-13,2023-07-06,calendar_eligible
COTY,0001024305,0001193125-23-186860,2023-07-17,2023-07-10,calendar_eligible
HEI,0000046619,0001213900-23-057239,2023-07-18,2023-07-11,calendar_eligible
WRLD,0000108385,0000108385-23-000044,2023-07-19,2023-07-12,calendar_eligible
KHC,0001637459,0001193125-23-191346,2023-07-24,2023-07-17,calendar_eligible
UTZ,0001739566,0001739566-23-000129,2023-07-24,2023-07-17,calendar_eligible
ARGD,0001091748,0001104659-23-083427,2023-07-25,2023-07-18,other_recent_disclosure
OPFI,0001818502,0001818502-23-000010,2023-07-26,2023-07-19,calendar_eligible
DFH,0001825088,0001825088-23-000044,2023-07-26,2023-07-19,calendar_eligible
SEM,0001320414,0001104659-23-086339,2023-08-02,2023-07-26,other_recent_disclosure
LAMR,0001090425,0001193125-23-201706,2023-08-03,2023-07-27,calendar_eligible
CSWC,0000017313,0000017313-23-000076,2023-08-03,2023-07-27,calendar_eligible
LUV,0000092380,0000092380-23-000040,2023-08-07,2023-07-31,other_recent_disclosure
VRA,0001495320,0001495320-23-000049,2023-08-09,2023-08-02,calendar_eligible
CPK,0000019745,0001193125-23-213536,2023-08-16,2023-08-09,other_recent_disclosure
SSRM,0000921638,0000921638-23-000171,2023-08-17,2023-08-10,calendar_eligible
POR,0000784977,0000784977-23-000119,2023-08-23,2023-08-16,calendar_eligible
ACGL,0000947484,0000947484-23-000086,2023-08-25,2023-08-18,calendar_eligible
PLD,0001045609,0001104659-23-097289,2023-09-01,2023-08-25,outside_registered_dates_or_quarter
LDI,0001831631,0001831631-23-000264,2023-09-01,2023-08-25,outside_registered_dates_or_quarter
ASGN,0000890564,0000890564-23-000017,2023-09-01,2023-08-25,outside_registered_dates_or_quarter
NVST,0001757073,0001757073-23-000063,2023-09-05,2023-08-28,outside_registered_dates_or_quarter
AIRT,0000353184,0000353184-23-000113,2023-09-06,2023-08-29,outside_registered_dates_or_quarter
BRID,0000014177,0001493152-23-031648,2023-09-06,2023-08-29,outside_registered_dates_or_quarter
ESE,0000866706,0001104659-23-098463,2023-09-07,2023-08-30,outside_registered_dates_or_quarter
BKCC,0001326003,0001140361-23-042951,2023-09-07,2023-08-30,outside_registered_dates_or_quarter
HAS,0000046080,0000950157-23-000938,2023-09-07,2023-08-30,outside_registered_dates_or_quarter
EFSH,0001599407,0001213900-23-076706,2023-09-15,2023-09-08,outside_registered_dates_or_quarter
MAC,0000912242,0001193125-23-236004,2023-09-18,2023-09-11,outside_registered_dates_or_quarter
QSR,0001618756,0001618756-23-000051,2023-09-22,2023-09-15,outside_registered_dates_or_quarter
RAIL,0001320854,0000950170-23-049916,2023-09-27,2023-09-20,outside_registered_dates_or_quarter
TPG,0001880661,0001880661-23-000066,2023-09-28,2023-09-21,outside_registered_dates_or_quarter
CHUY,0001524931,0001524931-23-000074,2023-09-29,2023-09-22,outside_registered_dates_or_quarter
WEYS,0000106532,0001104659-23-105410,2023-10-02,2023-09-25,outside_registered_dates_or_quarter
RMCF,0001616262,0001437749-23-027440,2023-10-04,2023-09-27,outside_registered_dates_or_quarter
HSTM,0001095565,0001437749-23-027976,2023-10-11,2023-10-04,calendar_eligible
ABC,0001140859,0001104659-23-108288,2023-10-11,2023-10-04,calendar_eligible
PPC,0000802481,0000802481-23-000076,2023-10-11,2023-10-04,other_recent_disclosure
VST,0001692819,0001193125-23-253871,2023-10-12,2023-10-05,other_recent_disclosure
OEC,0001609804,0000950142-23-002581,2023-10-12,2023-10-05,calendar_eligible
RCL,0000884887,0001104659-23-108475,2023-10-12,2023-10-05,calendar_eligible
CXW,0001070985,0001140361-23-047965,2023-10-13,2023-10-06,calendar_eligible
BG,0001144519,0001144519-23-000223,2023-10-16,2023-10-09,other_recent_disclosure
ITRI,0000780571,0001157523-23-001489,2023-10-17,2023-10-10,calendar_eligible
OMCL,0000926326,0000926326-23-000039,2023-10-17,2023-10-10,other_recent_disclosure
FPH,0001574197,0001193125-23-259537,2023-10-23,2023-10-16,calendar_eligible
SPB,0000109177,0000109177-23-000044,2023-10-23,2023-10-16,calendar_eligible
ABG,0001144980,0001144980-23-000122,2023-10-25,2023-10-18,calendar_eligible
GSBD,0001572694,0001193125-23-261679,2023-10-25,2023-10-18,calendar_eligible
CIEN,0000936395,0001193125-23-263172,2023-10-26,2023-10-19,calendar_eligible
TRU,0001552033,0001552033-23-000053,2023-10-30,2023-10-23,other_recent_disclosure
GAIN,0001321741,0001193125-23-267202,2023-11-01,2023-10-25,calendar_eligible
CDMO,0000704562,0001683168-23-007595,2023-11-03,2023-10-27,calendar_eligible
SRI,0001043337,0001043337-23-000061,2023-11-03,2023-10-27,other_recent_disclosure
MCK,0000927653,0000927653-23-000086,2023-11-08,2023-11-01,other_recent_disclosure
LXP,0000910108,0001444838-23-000060,2023-11-09,2023-11-02,other_recent_disclosure
DAL,0000027904,0001683168-23-007733,2023-11-09,2023-11-02,other_recent_disclosure
OPAD,0001825024,0001193125-23-274494,2023-11-10,2023-11-03,other_recent_disclosure
LPTV,0001643988,0001104659-23-119504,2023-11-20,2023-11-13,calendar_eligible
FCX,0000831259,0000831259-23-000040,2023-11-20,2023-11-13,calendar_eligible
LYV,0001335258,0001335258-23-000105,2023-11-20,2023-11-13,calendar_eligible
LEA,0000842162,0000842162-23-000070,2023-11-22,2023-11-15,other_recent_disclosure
OBDC,0001655888,0001193125-23-281528,2023-11-22,2023-11-15,calendar_eligible
REYN,0001786431,0001193125-23-281588,2023-11-22,2023-11-15,calendar_eligible
AGMPD,0000070502,0000070502-23-000044,2023-11-24,2023-11-16,calendar_eligible
WU,0001365135,0000950170-23-067746,2023-12-05,2023-11-28,outside_registered_dates_or_quarter
NWE,0000073088,0000073088-23-000156,2023-12-06,2023-11-29,outside_registered_dates_or_quarter
PSIX,0001137091,0001193125-23-289287,2023-12-07,2023-11-30,outside_registered_dates_or_quarter
AMRC,0001488139,0001488139-23-000185,2023-12-13,2023-12-06,outside_registered_dates_or_quarter
ELMD,0001488917,0000897101-23-000540,2023-12-18,2023-12-11,outside_registered_dates_or_quarter
OFS,0001487918,0001487918-23-000103,2023-12-18,2023-12-11,outside_registered_dates_or_quarter
WPC,0001025378,0001025378-23-000116,2023-12-19,2023-12-12,outside_registered_dates_or_quarter
LAND,0001495240,0001193125-23-297630,2023-12-19,2023-12-12,outside_registered_dates_or_quarter
GATO,0001517006,0001104659-23-127320,2023-12-20,2023-12-13,outside_registered_dates_or_quarter
BX,0001393818,0001193125-23-299933,2023-12-21,2023-12-14,outside_registered_dates_or_quarter
OGE,0001021635,0000950170-23-071821,2023-12-21,2023-12-14,outside_registered_dates_or_quarter
HLIT,0000851310,0000851310-23-000113,2023-12-22,2023-12-15,outside_registered_dates_or_quarter
MLM,0000916076,0000950157-23-001269,2023-12-22,2023-12-15,outside_registered_dates_or_quarter
EDUC,0000031667,0001185185-23-001357,2023-12-29,2023-12-21,outside_registered_dates_or_quarter
STRL,0000874238,0000874238-23-000127,2023-12-29,2023-12-21,outside_registered_dates_or_quarter
OSCR,0001568651,0001193125-23-305664,2024-01-02,2023-12-22,outside_registered_dates_or_quarter
