window,ticker,event_entry,baseline_dates,revised_dates
current_csv,INTU,2024-01-23,1,9
current_csv,COST,2024-01-23,0,2
current_csv,EMR,2024-02-12,4,8
current_csv,DE,2024-03-04,1,3
current_csv,BK,2024-04-11,3,3
current_csv,ADBE,2024-04-22,0,2
current_csv,AVGO,2024-04-25,0,4
current_csv,GS,2024-04-26,0,0
current_csv,TXN,2024-04-29,4,10
current_csv,BAC,2024-04-29,0,0
current_csv,JNJ,2024-04-30,0,0
current_csv,PFE,2024-04-30,0,3
current_csv,ABT,2024-04-30,4,4
current_csv,ISRG,2024-05-01,3,3
current_csv,WFC,2024-05-03,0,0
current_csv,KO,2024-05-03,2,2
current_csv,C,2024-05-03,0,0
current_csv,COF,2024-05-06,0,0
current_csv,DHR,2024-05-10,1,5
current_csv,BMY,2024-05-10,0,0
current_csv,PM,2024-05-10,0,0
current_csv,GE,2024-05-13,0,1
current_csv,UNP,2024-05-13,5,10
current_csv,VZ,2024-05-14,0,0
current_csv,CL,2024-05-16,4,11
current_csv,MMM,2024-05-17,0,2
current_csv,HON,2024-05-17,0,0
current_csv,COP,2024-05-17,2,4
current_csv,BLK,2024-05-20,0,0
current_csv,MDLZ,2024-05-23,3,3
current_csv,CVS,2024-05-23,1,1
current_csv,JPM,2024-05-24,0,0
current_csv,AMT,2024-05-28,1,1
current_csv,MS,2024-05-28,0,0
current_csv,AMZN,2024-05-28,1,1
current_csv,TMO,2024-05-28,4,8
current_csv,SO,2024-05-28,2,3
current_csv,PYPL,2024-05-29,0,0
current_csv,NEE,2024-05-29,3,4
current_csv,SCHW,2024-05-30,2,3
current_csv,MRK,2024-05-31,0,0
current_csv,AMGN,2024-06-04,5,5
current_csv,BKNG,2024-06-06,0,3
current_csv,UNH,2024-06-10,0,1
current_csv,PLTR,2024-06-11,1,3
current_csv,CMCSA,2024-06-13,2,3
current_csv,GOOGL,2024-06-14,0,0
current_csv,TMUS,2024-06-17,0,1
current_csv,MA,2024-06-24,0,1
current_csv,MET,2024-06-25,0,0
current_csv,NVDA,2024-07-03,8,8
current_csv,FDX,2024-09-25,1,1
current_csv,COST,2025-01-28,1,1
current_csv,EMR,2025-02-10,0,0
current_csv,DE,2025-03-03,1,3
current_csv,BK,2025-04-17,0,0
current_csv,USB,2025-04-21,4,4
current_csv,AVGO,2025-04-23,0,7
current_csv,BAC,2025-04-25,3,3
current_csv,GS,2025-04-25,3,3
current_csv,ADBE,2025-04-25,0,0
current_csv,ABT,2025-04-29,4,4
current_csv,PFE,2025-04-29,1,1
current_csv,JNJ,2025-05-01,0,0
current_csv,C,2025-05-02,0,0
current_csv,WFC,2025-05-05,0,0
current_csv,ISRG,2025-05-06,3,3
current_csv,BMY,2025-05-08,1,3
current_csv,DHR,2025-05-09,3,9
current_csv,GILD,2025-05-09,3,8
current_csv,COF,2025-05-09,0,0
current_csv,LMT,2025-05-12,3,5
current_csv,GE,2025-05-12,4,9
current_csv,UNP,2025-05-12,4,4
current_csv,UBER,2025-05-12,0,0
current_csv,PM,2025-05-12,0,0
current_csv,ABBV,2025-05-14,0,0
current_csv,CL,2025-05-15,0,0
current_csv,COP,2025-05-16,2,6
current_csv,AMT,2025-05-16,0,0
current_csv,MS,2025-05-19,0,1
current_csv,AIG,2025-05-19,0,0
current_csv,BLK,2025-05-19,0,0
current_csv,MO,2025-05-20,3,3
current_csv,CVS,2025-05-21,1,5
current_csv,AMZN,2025-05-23,1,5
current_csv,JPM,2025-05-23,0,0
current_csv,SCHW,2025-05-27,0,0
current_csv,SO,2025-05-28,3,3
current_csv,VZ,2025-05-29,1,7
current_csv,MRK,2025-05-30,0,4
current_csv,META,2025-06-02,5,11
current_csv,BKNG,2025-06-05,0,2
current_csv,UNH,2025-06-05,0,0
current_csv,GM,2025-06-06,0,0
current_csv,PYPL,2025-06-10,0,2
current_csv,PLTR,2025-06-10,1,3
current_csv,TMUS,2025-06-11,0,3
current_csv,GOOGL,2025-06-13,0,0
current_csv,MET,2025-06-23,0,0
current_csv,CMCSA,2025-06-23,0,2
current_csv,NVDA,2025-07-02,3,3
current_csv,FDX,2025-10-03,0,0
current_csv,ORCL,2025-11-24,0,4
current_csv,MSFT,2025-12-09,0,3
current_csv,CSCO,2025-12-18,0,2
expanded_early,SBUX,2022-03-18,0,0
expanded_early,AVGO,2022-04-06,0,0
expanded_early,ADBE,2022-04-20,0,4
expanded_early,USB,2022-04-22,2,2
expanded_early,C,2022-04-29,1,1
expanded_early,GS,2022-05-02,0,0
expanded_early,JNJ,2022-05-02,2,2
expanded_early,WFC,2022-05-02,2,2
expanded_early,TXN,2022-05-02,3,9
expanded_early,PFE,2022-05-03,3,3
expanded_early,ABT,2022-05-03,4,11
expanded_early,BMY,2022-05-06,0,0
expanded_early,GE,2022-05-09,0,4
expanded_early,PEP,2022-05-09,0,0
expanded_early,COF,2022-05-09,0,0
expanded_early,CL,2022-05-12,1,4
expanded_early,COP,2022-05-13,2,4
expanded_early,DHR,2022-05-13,0,2
expanded_early,MMM,2022-05-13,0,0
expanded_early,AIG,2022-05-16,1,1
expanded_early,CVS,2022-05-17,0,0
expanded_early,AMGN,2022-05-19,4,11
expanded_early,SCHW,2022-05-19,3,3
expanded_early,TMO,2022-05-20,3,10
expanded_early,AMT,2022-05-20,0,0
expanded_early,JPM,2022-05-23,0,0
expanded_early,NEE,2022-05-24,0,0
expanded_early,MO,2022-05-24,4,11
expanded_early,HD,2022-05-25,1,1
expanded_early,MRK,2022-05-27,0,4
expanded_early,BLK,2022-05-31,0,3
expanded_early,AMZN,2022-05-31,0,0
expanded_early,CVX,2022-05-31,0,0
expanded_early,GOOGL,2022-06-06,5,5
expanded_early,CMCSA,2022-06-06,5,10
expanded_early,PYPL,2022-06-07,0,0
expanded_early,NVDA,2022-06-07,2,2
expanded_early,UNH,2022-06-13,0,0
expanded_early,BKNG,2022-06-13,0,1
expanded_early,NOW,2022-06-13,6,6
expanded_early,TMUS,2022-06-21,0,0
expanded_early,MET,2022-06-27,0,1
expanded_early,MA,2022-06-27,7,7
expanded_early,FDX,2022-09-22,3,3
expanded_early,MSFT,2022-12-19,7,10
expanded_early,INTU,2023-01-24,1,3
expanded_early,COST,2023-01-26,3,8
expanded_early,EMR,2023-02-13,1,1
expanded_early,DE,2023-02-28,4,11
expanded_early,SBUX,2023-03-30,2,2
expanded_early,AVGO,2023-04-10,0,2
expanded_early,BK,2023-04-13,0,0
expanded_early,USB,2023-04-21,6,7
expanded_early,ADBE,2023-04-25,0,4
expanded_early,C,2023-04-27,1,1
expanded_early,GS,2023-04-28,3,5
expanded_early,WFC,2023-04-28,0,0
expanded_early,BAC,2023-05-01,0,3
expanded_early,PFE,2023-05-02,1,1
expanded_early,JNJ,2023-05-02,1,1
expanded_early,ISRG,2023-05-03,2,4
expanded_early,ABT,2023-05-03,0,4
expanded_early,TXN,2023-05-04,2,2
expanded_early,BMY,2023-05-05,3,4
expanded_early,GE,2023-05-09,1,2
expanded_early,PM,2023-05-10,0,0
expanded_early,COF,2023-05-10,0,0
expanded_early,ABBV,2023-05-11,0,2
expanded_early,MMM,2023-05-12,0,0
expanded_early,DHR,2023-05-12,3,3
expanded_early,UBER,2023-05-15,0,1
expanded_early,AIG,2023-05-16,0,0
expanded_early,CL,2023-05-18,4,11
expanded_early,JPM,2023-05-19,0,0
expanded_early,COP,2023-05-19,3,3
expanded_early,AMGN,2023-05-23,1,1
expanded_early,MO,2023-05-23,0,0
expanded_early,NEE,2023-05-23,2,11
expanded_early,SCHW,2023-05-23,2,3
expanded_early,AMD,2023-05-24,0,1
expanded_early,AMT,2023-05-26,0,0
expanded_early,AMZN,2023-05-30,1,5
expanded_early,MRK,2023-05-30,1,2
expanded_early,TMO,2023-05-30,4,8
expanded_early,BLK,2023-05-30,0,0
expanded_early,SO,2023-05-30,0,0
expanded_early,NOW,2023-06-05,0,1
expanded_early,NFLX,2023-06-07,0,4
expanded_early,BKNG,2023-06-08,0,2
expanded_early,GOOGL,2023-06-09,0,4
expanded_early,CMCSA,2023-06-12,0,1
expanded_early,PLTR,2023-06-12,1,2
expanded_early,UNH,2023-06-12,0,0
expanded_early,CAT,2023-06-21,7,7
expanded_early,TMUS,2023-06-22,0,0
expanded_early,MET,2023-06-26,0,0
expanded_early,NVDA,2023-06-28,7,10
expanded_early,MA,2023-06-30,7,10
expanded_early,FDX,2023-09-25,0,0
replication_2026,COST,2026-01-22,3,8
replication_2026,INTU,2026-01-28,0,0
replication_2026,V,2026-01-29,2,2
replication_2026,DE,2026-03-02,0,0
replication_2026,TXN,2026-04-20,0,1
replication_2026,ADBE,2026-04-22,0,0
replication_2026,AVGO,2026-04-22,0,0
replication_2026,USB,2026-04-24,0,1
replication_2026,ABT,2026-04-28,5,5
replication_2026,PFE,2026-04-28,0,4
replication_2026,JNJ,2026-04-29,2,4
replication_2026,GS,2026-05-04,0,0
replication_2026,ISRG,2026-05-05,0,0
replication_2026,BAC,2026-05-07,1,4
replication_2026,DHR,2026-05-08,0,0
replication_2026,GE,2026-05-08,0,0
replication_2026,UBER,2026-05-11,2,2
replication_2026,PEP,2026-05-11,2,2
replication_2026,BMY,2026-05-11,4,5
replication_2026,COF,2026-05-11,0,0
replication_2026,PM,2026-05-11,0,0
replication_2026,UPS,2026-05-12,1,1
replication_2026,ABBV,2026-05-13,0,1
replication_2026,MMM,2026-05-14,0,0
replication_2026,CL,2026-05-14,2,4
replication_2026,LMT,2026-05-14,4,11
replication_2026,AIG,2026-05-15,1,1
replication_2026,COP,2026-05-15,1,5
replication_2026,AMD,2026-05-18,2,2
replication_2026,SO,2026-05-18,0,0
replication_2026,CVS,2026-05-19,2,9
replication_2026,MO,2026-05-19,4,4
replication_2026,PYPL,2026-05-22,1,1
replication_2026,C,2026-05-22,1,5
replication_2026,AMT,2026-05-22,0,0
replication_2026,JPM,2026-05-22,0,0
replication_2026,SCHW,2026-05-26,0,0
replication_2026,NOW,2026-05-26,2,3
replication_2026,AMZN,2026-05-26,0,0
replication_2026,BLK,2026-05-26,0,0
replication_2026,HD,2026-05-27,4,4
replication_2026,NEE,2026-05-28,0,0
replication_2026,MRK,2026-05-29,2,3
replication_2026,META,2026-06-01,1,4
replication_2026,BKNG,2026-06-03,0,0
replication_2026,GM,2026-06-05,0,1
replication_2026,NFLX,2026-06-08,0,1
replication_2026,PLTR,2026-06-10,1,3
replication_2026,GOOGL,2026-06-12,0,0
replication_2026,CMCSA,2026-06-15,6,10
replication_2026,MA,2026-06-18,1,1
replication_2026,TMUS,2026-06-22,0,1
replication_2026,MET,2026-06-23,0,0
replication_2026,NVDA,2026-07-01,0,0
