text_sha1,p
c07be1177d9193e16f913125ca946c608dda7b17,1.000000
cb990e47d419e35659a0ce7f1bfc9c476a6f8695,0.660000
85b80437d8c272874e64accc57d1f62033ddf676,0.000000
d7a060a421ce04e1100eef9cd0e7786a97cdb418,0.000000
0b49a7267b8c49e4a10129c41f574b0e8c6315ab,0.640000
80aa5f37536bf4ef0c309b40e4508cf2acf2e621,1.000000
b737cd11d7b8cb2240a12edf08d1b007d7d0ca4f,0.020000
7fbb268ce84bd69b66cd15712c71202e84608e2c,0.000000
3581272ef175060266832580a7efd8b770a6243f,0.000000
33c16257d05f89c5cde1efcd362d4bf3da5c2f1d,0.000000
2d4091944d5df0c6688a486cf075d2cdce66571a,0.000000
a8989cf72fa7f62215be096d3e2ff24f9ca82451,0.010000
d5f1992c8d9171fb60461f5266db0f6554b96c77,0.120000
c0e15676c029a4384f2ea166f0419ef82ed8e2fc,0.010000
44668df97ae400426aa609d63b49eb423a1ec7de,0.000000
8b7faf1e27c48f1765429bba307521828f9bb35a,0.000000
9464693db04ce4dab62034665b23537659f91f61,0.800000
d9cb93d2bbb67b769cfddca9514b89db1b88d8b3,0.000000
bf8478ff3bd86c9411d1211faa79d518dcc29222,0.960000
5d47a557128d34960970812f06f7c68693430672,0.940000
2b08e9042d3d298a8f40f9d53de0a713f5e8e1e6,1.000000
5e075edc6313544cec8066b057a7b1cc107e9b17,1.000000
99857d293a85502a63537fefad2bd7e42a82e8c6,0.700000
05e85ce3f316ba13ce09b7d6b23a46bd62101782,0.000000
2af4fa9cf38d57cf4f463e9efc09b2e860b7f748,0.000000
79c9b5ea8107f739e671b04157a87186de1d4411,0.000000
3e8cbeb4876e7aa0b6f80171945699075487799b,0.000000
cb1f6d1f8444e809970b1d84ee7623b56e2bac03,1.000000
2767886d97c33a38183444ca4c0fcccc36806d9b,0.000000
7f75dafd75d3a3ae800ac503339dfd4e74a6db04,0.110000
7dfec0f71f39b99ba495577c1cdfd8a059d9e7e5,0.020000
72eaad21f599b8f6d58fed6740408a8073b7acab,0.530000
c9a1e3562a8fcde13c4440325d132cfd65ada7e5,1.000000
accc55a36baa58ed1ac0374d569720bec2e293ae,0.000000
961b12706cbf5e1a029347a44d62f814b5514ed5,1.000000
10e0468485d4387a5c9d4c1a9a2c2c0f95a903da,0.900000
a9c16481cefcab6125effb94069fb87a633b3975,0.000000
8cbd15902283e6fd52126b7e668b67b6bab10b0d,0.970000
85485403eee40fe69a838cc7dc9335d11de72b2b,0.000000
d4b7e617f6dffcabf427ee28867ddc491f26b785,0.000000
73fad9a40f7c72e545bfdecdc5cdc79a29e45450,1.000000
6c0a84316a255c17e136b1b04de0d14f72a3ba22,0.000000
c35c081fb02b9ae26bd3484cf3ce650c23100253,0.000000
4a6a71b24137c51f4865330ec7491a045fb786a5,0.000000
8eb9c00e63de03893981dccf16be0ad578d30b1f,1.000000
f6739078c169f22564bff24102556d864b690503,1.000000
e83240b8ae1bb7690e266afcd02ad00fb407dfc3,0.000000
7dfe7c6f898b7e92a162b44d00086f9f01bbdd23,0.000000
ebf5e41140326e20ebd023bd09c13a707d6758e7,0.100000
