ticker,cik,accession_number,filing_date,primary_category,secondary_category,tertiary_category,supporting_text,filing_url,t_0,t_pre
DIS,0001744489,0001744489-22-000065,2022-03-10,shareholder_activity,shareholder_meetings,annual_meeting_results,"The final results of voting on each of the matters submitted to a vote of security holders during the Registrant's annual meeting of shareholders on March 9, 2022 are as follows. Election of Directors: Susan E. Arnold 1,118,076,701 For votes; Mary T. Barra 1,128,884,692 For votes; Safra A. Catz 1,134,063,866 For votes; Amy L. Chang 1,148,683,826 For votes; Robert A. Chapek 1,147,467,691 For votes; Francis A. deSouza 1,142,478,220 For votes; Michael B.G. Froman 1,148,615,138 For votes; Maria Elena Lagomasino 1,096,184,406 For votes; Calvin R. McDonald 1,139,319,432 For votes; Mark G. Parker 1,131,217,848 For votes; Derica W. Rice 1,130,847,209 For votes.",https://www.sec.gov/Archives/edgar/data/1744489/0001744489-22-000065.txt,2022-03-11,2022-03-10
QCOM,0000804328,0001728949-22-000016,2022-03-14,shareholder_activity,shareholder_meetings,annual_meeting_results,"QUALCOMM Incorporated (the ""Company"") held its 2022 Annual Meeting of Stockholders on March 9, 2022 (the ""Annual Meeting""). At the Annual Meeting, the Company's stockholders considered three proposals... The final voting results for each proposal are set forth below.",https://www.sec.gov/Archives/edgar/data/804328/0001728949-22-000016.txt,2022-03-15,2022-03-14
SBUX,0000829224,0000829224-22-000016,2022-03-17,shareholder_activity,shareholder_meetings,annual_meeting_results,"On March 16, 2022, Starbucks Corporation (the ""Company"") held its 2022 Annual Meeting of Shareholders (the ""Annual Meeting""). The matters submitted to a vote at the Annual Meeting and the voting results of such matters are as follows: Election of Directors... The Company's shareholders elected each of the 11 directors nominated by the Company's Board of Directors to serve until the 2023 Annual Meeting of Shareholders or until their successors are duly elected and qualified.",https://www.sec.gov/Archives/edgar/data/829224/0000829224-22-000016.txt,2022-03-18,2022-03-17
AVGO,0001730168,0001730168-22-000059,2022-04-05,shareholder_activity,shareholder_meetings,annual_meeting_results,"The holders of Broadcom Inc.'s shares of common stock voted on the following matters at the 2022 Annual Meeting: (1)To elect the nine director nominees named in the proxy statement until the next annual meeting of stockholders or until their successors have been elected; (2)To ratify the appointment of PricewaterhouseCoopers LLP to serve as Broadcom's independent registered public accounting firm for the fiscal year ending October 30, 2022; and (3)To hold an advisory vote to approve the compensation of Broadcom's named executive officers. Each director nominee was elected and each of proposals 2 and 3 was approved by Broadcom's common stockholders.",https://www.sec.gov/Archives/edgar/data/1730168/0001730168-22-000059.txt,2022-04-06,2022-04-05
BK,0001390777,0001193125-22-102956,2022-04-12,shareholder_activity,shareholder_meetings,annual_meeting_results,"On April 12, 2022, The Bank of New York Mellon Corporation held its Annual Meeting of Stockholders. At the Annual Meeting, each nominee for director was elected by a majority of votes cast (proposal 1). In addition, stockholders approved, on an advisory basis, the 2021 compensation of BNY Mellon's named executive officers (proposal 2); and ratified the appointment of KPMG LLP as BNY Mellon's independent registered public accountants for the year ending December 31, 2022 (proposal 3). The stockholders did not approve the stockholder proposal regarding stockholder requests to call a special meeting (proposal 4).",https://www.sec.gov/Archives/edgar/data/1390777/0001193125-22-102956.txt,2022-04-13,2022-04-12
ADBE,0000796343,0000796343-22-000123,2022-04-19,shareholder_activity,shareholder_meetings,annual_meeting_results,"On April 14, 2022, at the 2022 Annual Meeting of Stockholders (the ""Annual Meeting"") of Adobe Inc. (the ""Company""), the Company's stockholders approved proposals one through three listed below.",https://www.sec.gov/Archives/edgar/data/796343/0000796343-22-000123.txt,2022-04-20,2022-04-19
USB,0000036104,0001193125-22-113121,2022-04-21,shareholder_activity,shareholder_meetings,annual_meeting_results,"U.S. Bancorp (the ""Company"") held its 2022 annual meeting of shareholders on Tuesday, April 19, 2022. Shareholders considered three proposals at the meeting... The Company's shareholders elected each of the twelve nominees for director, and the voting results are set forth below... The Company's shareholders ratified the selection of Ernst & Young LLP... The Company's shareholders gave advisory approval of the compensation of the Company's executive officers.",https://www.sec.gov/Archives/edgar/data/36104/0001193125-22-113121.txt,2022-04-22,2022-04-21
LMT,0000936468,0000936468-22-000050,2022-04-21,shareholder_activity,shareholder_meetings,annual_meeting_results,"Lockheed Martin Corporation (the ""Company"") held its Annual Meeting of Stockholders on April 21, 2022. Of the 266,534,099 shares outstanding and entitled to vote (as of the February 25, 2022 record date), 233,869,241 shares were represented at the meeting, or an 87.74% quorum. The final results of voting for each matter submitted to a vote of stockholders at the meeting are as follows:",https://www.sec.gov/Archives/edgar/data/936468/0000936468-22-000050.txt,2022-04-22,2022-04-21
BAC,0000070858,0000070858-22-000082,2022-04-27,shareholder_activity,shareholder_meetings,annual_meeting_results,"On April 26, 2022, Bank of America Corporation (the ""Corporation"") held its 2022 Annual Meeting of Shareholders. The Corporation's shareholders elected all of the nominees for director; approved the advisory vote on executive compensation; ratified the appointment of PricewaterhouseCoopers LLP as the Corporation's independent registered public accounting firm for 2022; and ratified the Delaware Exclusive Forum Provision in the Bylaws.",https://www.sec.gov/Archives/edgar/data/70858/0000070858-22-000082.txt,2022-04-28,2022-04-27
C,0000831001,0001410578-22-001042,2022-04-28,shareholder_activity,shareholder_meetings,annual_meeting_results,"Citigroup's 2022 Annual Meeting of Stockholders was held on April 26, 2022. At the meeting: (1) 12 persons were elected to serve as directors of Citigroup; (2) the selection of KPMG LLP to serve as the independent registered public accountants of Citigroup for 2022 was ratified; (3) an advisory vote to approve our 2021 Executive Compensation was approved; (4) a proposal to approve additional shares for the Citigroup 2019 Stock Incentive Plan was approved.",https://www.sec.gov/Archives/edgar/data/831001/0001410578-22-001042.txt,2022-04-29,2022-04-28
GS,0000886982,0001193125-22-133652,2022-04-29,shareholder_activity,shareholder_meetings,annual_meeting_results,"The Annual Meeting was held on April 28, 2022. The results of the matters submitted to a shareholder vote at the Annual Meeting were as follows: Election of Directors: Our shareholders elected the following 13 directors to each serve a one-year term expiring on the date of our 2023 annual meeting of shareholders or until his or her successor has been duly chosen and qualified.",https://www.sec.gov/Archives/edgar/data/886982/0001193125-22-133652.txt,2022-05-02,2022-04-29
CHTR,0001091667,0001091667-22-000068,2022-04-29,shareholder_activity,shareholder_meetings,annual_meeting_results,"On April 26, 2022, Charter Communications, Inc. (the ""Company"") held its Annual Meeting of Stockholders... As a result of the votes cast as reported above, the stockholders elected each nominee as a director of the Company, ratified the appointment of KPMG LLP as independent public accounting firm for the Company for the year ending December 31, 2022 and did not approve any of the stockholder proposals.",https://www.sec.gov/Archives/edgar/data/1091667/0001091667-22-000068.txt,2022-05-02,2022-04-29
IBM,0000051143,0001104659-22-053570,2022-04-29,shareholder_activity,shareholder_meetings,annual_meeting_results,"International Business Machines Corporation (IBM) held its Annual Meeting of Stockholders on April 26, 2022. Below are the final voting results. Election of Directors for a Term of One Year: [detailed voting results for 12 directors]. Ratification of Appointment of Independent Registered Public Accounting Firm: For 656,967,636 (95.2%), Against 32,830,338 (4.8%). Management Proposal on Advisory Vote on Executive Compensation (Say on Pay): For 473,874,456 (89.6%), Against 55,096,187 (10.4%). Stockholder Proposal on Stockholder Special Meeting Right: For 187,771,875 (35.5%), Against 340,686,181 (64.5%). Stockholder Proposal to Have an Independent Board Chairman: For 211,119,750 (39.8%), Against 318,877,167 (60.2%). Stockholder Proposal Requesting a Public Report on the Use of Concealment Clauses: For 339,827,195 (64.7%), Against 185,380,818 (35.3%).",https://www.sec.gov/Archives/edgar/data/51143/0001104659-22-053570.txt,2022-05-02,2022-04-29
JNJ,0000200406,0000200406-22-000047,2022-04-29,shareholder_activity,shareholder_meetings,annual_meeting_results,"At the 2022 Annual Meeting of Shareholders, the shareholders: elected all 14 Director nominees named in the 2022 Proxy Statement to the Company's Board of Directors; approved, on an advisory basis, the executive compensation philosophy, policies and procedures described in the ""Compensation Discussion and Analysis"" section of the 2022 Proxy Statement; approved the Company's 2022 Long-Term Incentive Plan; ratified the appointment of PricewaterhouseCoopers LLP as the Company's independent registered public accounting firm for the fiscal year 2022.",https://www.sec.gov/Archives/edgar/data/200406/0000200406-22-000047.txt,2022-05-02,2022-04-29
WFC,0000072971,0000072971-22-000111,2022-04-29,shareholder_activity,shareholder_meetings,annual_meeting_results,"The Company held its annual meeting of shareholders on April 26, 2022. At the meeting, shareholders elected all 14 of the director nominees nominated by the Board of Directors as each director nominee received a greater number of votes cast 'for' his or her election than votes cast 'against' his or her election.",https://www.sec.gov/Archives/edgar/data/72971/0000072971-22-000111.txt,2022-05-02,2022-04-29
TXN,0000097476,0000097476-22-000034,2022-04-29,shareholder_activity,shareholder_meetings,annual_meeting_results,"At the annual meeting of stockholders held on April 28, 2022, the stockholders elected the Board of Directors of Texas Instruments Incorporated and voted upon the proposals contained within our Proxy Statement dated March 15, 2022.",https://www.sec.gov/Archives/edgar/data/97476/0000097476-22-000034.txt,2022-05-02,2022-04-29
PFE,0000078003,0000078003-22-000066,2022-05-02,shareholder_activity,shareholder_meetings,annual_meeting_results,"The Pfizer Inc. (the ""Company"") Annual Meeting of Shareholders was held on April 28, 2022. Shareholders voted on the matters set forth below. The nominees for election to the Company's Board of Directors set forth in Item 1 to the Company's Proxy Statement filed with the U.S. Securities and Exchange Commission on March 17, 2022 were elected to hold office until the Company's next Annual Meeting of Shareholders, based upon the following votes: [detailed voting results for 12 director nominees]",https://www.sec.gov/Archives/edgar/data/78003/0000078003-22-000066.txt,2022-05-03,2022-05-02
ABT,0000001800,0001104659-22-054704,2022-05-02,shareholder_activity,shareholder_meetings,annual_meeting_results,"Abbott held its Annual Meeting of Shareholders on April 29, 2022. The shareholders elected Abbott's entire Board of Directors. The persons elected to Abbott's Board of Directors and the number of shares cast for, the number of shares withheld, and the number of broker non-votes, with respect to each of these persons, were as follows: [detailed voting results for 12 directors]",https://www.sec.gov/Archives/edgar/data/1800/0001104659-22-054704.txt,2022-05-03,2022-05-02
LLY,0000059478,0000059478-22-000138,2022-05-04,shareholder_activity,shareholder_meetings,annual_meeting_results,"The total number of shares of the Company's common stock voted in person or by proxy at the 2022 Annual Meeting was 860,865,496, representing approximately 90% of the 952,347,126 shares that were outstanding and entitled to vote as of February 22, 2022, the record date of the 2022 Annual Meeting. Voting results for each matter submitted to a vote at the 2022 Annual Meeting are provided below.",https://www.sec.gov/Archives/edgar/data/59478/0000059478-22-000138.txt,2022-05-05,2022-05-04
BMY,0000014272,0001140361-22-017866,2022-05-05,shareholder_activity,shareholder_meetings,annual_meeting_results,"The Annual Meeting of the Company was held on May 3, 2022. Shareholders voted on the matters set forth below. The shareholders elected each of the Company's 10 nominees to serve as directors of the Company until the 2023 Annual Meeting based upon the following votes: [detailed voting results for all 10 directors]",https://www.sec.gov/Archives/edgar/data/14272/0001140361-22-017866.txt,2022-05-06,2022-05-05
GE,0000040545,0000040545-22-000035,2022-05-06,shareholder_activity,shareholder_meetings,annual_meeting_results,"At the Annual Meeting, shareholders elected all of the Company's nominees for director; approved the advisory vote on our named executives' compensation ('Say on Pay'); ratified the appointment of Deloitte & Touche LLP as the Company's independent auditor for 2022 ('Auditor Ratification'); and approved the 2022 Long-Term Incentive Plan (the '2022 LTIP').",https://www.sec.gov/Archives/edgar/data/40545/0000040545-22-000035.txt,2022-05-09,2022-05-06
PEP,0000077476,0000077476-22-000025,2022-05-06,shareholder_activity,shareholder_meetings,annual_meeting_results,"PepsiCo, Inc. held its 2022 Annual Meeting of Shareholders on May 4, 2022. The following 14 persons were elected to serve as directors of PepsiCo: [detailed voting results for each director nominee]. The shareholders ratified the appointment of KPMG LLP as the independent registered public accounting firm for PepsiCo for fiscal year 2022. The shareholders approved, on an advisory basis, PepsiCo's executive compensation.",https://www.sec.gov/Archives/edgar/data/77476/0000077476-22-000025.txt,2022-05-09,2022-05-06
COF,0000927628,0000927628-22-000164,2022-05-06,shareholder_activity,shareholder_meetings,annual_meeting_results,"The 2022 Annual Stockholder Meeting (the ""Annual Meeting"") of Capital One Financial Corporation (the ""Company"") was held on May 5, 2022. Stockholders elected Mr. Richard D. Fairbank, Mr. Ime Archibong, Ms. Christine Detrick, Ms. Ann Fritz Hackett, Mr. Peter Thomas Killalea, Mr. Cornelis Petrus Adrianus Joseph (""Eli"") Leenaars, Mr. François Locoh-Donou, Mr. Peter E. Raskind, Ms. Eileen Serra, Mr. Mayo A. Shattuck III, Mr. Bradford H. Warner, Ms. Catherine G. West and Mr. Craig Anthony Williams to the Company's Board of Directors for terms expiring at the 2023 annual meeting of stockholders.",https://www.sec.gov/Archives/edgar/data/927628/0000927628-22-000164.txt,2022-05-09,2022-05-06
UPS,0001090727,0001090727-22-000025,2022-05-10,shareholder_activity,shareholder_meetings,annual_meeting_results,"At the Company's Annual Meeting of Shareholders held on May 5, 2022, the following matters were submitted to a vote of the shareholders. Election of Directors: Votes regarding the election of 13 directors for a term expiring at the Company's 2023 annual meeting of shareholders... Under the Company's Bylaws, each of the director nominees was elected.",https://www.sec.gov/Archives/edgar/data/1090727/0001090727-22-000025.txt,2022-05-11,2022-05-10
CL,0000021665,0000021665-22-000012,2022-05-11,shareholder_activity,shareholder_meetings,annual_meeting_results,"The Company's Annual Meeting of Stockholders was held on May 6, 2022. The matters voted on and the results of the vote were as follows. John P. Bilbrey, John T. Cahill, Lisa M. Edwards, C. Martin Harris, Martina Hund-Mejean, Kimberly A. Nelson, Lorrie M. Norrington, Michael B. Polk, Stephen I. Sadove, and Noel R. Wallace were elected directors of the Company.",https://www.sec.gov/Archives/edgar/data/21665/0000021665-22-000012.txt,2022-05-12,2022-05-11
COP,0001163165,0001104659-22-059429,2022-05-12,shareholder_activity,shareholder_meetings,annual_meeting_results,"ConocoPhillips held its annual meeting of stockholders on May 10, 2022. All 13 nominated directors were elected to serve a one-year term. The ratification of the appointment of Ernst & Young LLP as ConocoPhillips' independent registered public accounting firm for 2022 was approved. The advisory vote on the compensation of our Named Executive Officers was approved.",https://www.sec.gov/Archives/edgar/data/1163165/0001104659-22-059429.txt,2022-05-13,2022-05-12
DHR,0000313616,0000313616-22-000127,2022-05-12,shareholder_activity,shareholder_meetings,annual_meeting_results,"The Company's annual meeting of shareholders was held on May 10, 2022. At the annual meeting, the Company's shareholders voted on the following proposals: 1. To elect the thirteen directors named in the Company's proxy statement to terms expiring in 2023. Each nominee for director was elected by a vote of the shareholders as follows: [voting results provided for all 13 directors]",https://www.sec.gov/Archives/edgar/data/313616/0000313616-22-000127.txt,2022-05-13,2022-05-12
MMM,0000066740,0000066740-22-000041,2022-05-12,shareholder_activity,shareholder_meetings,annual_meeting_results,"At the 2022 Annual Meeting of Shareholders of the Company held on May 10, 2022, the votes cast with respect to each item of business properly presented at the meeting are as follows: Proposal No. 1 — The shareholders elected each of the eleven nominees to the Board of Directors for a one-year term by the vote of the majority of votes cast.",https://www.sec.gov/Archives/edgar/data/66740/0000066740-22-000041.txt,2022-05-13,2022-05-12
AIG,0000005272,0001104659-22-060258,2022-05-13,shareholder_activity,shareholder_meetings,annual_meeting_results,"On May 11, 2022, American International Group, Inc. (AIG) held its Annual Meeting of Shareholders. The results of the matters submitted to a shareholder vote at the Annual Meeting were as follows: Proposal 1 – Election of Directors: Our shareholders elected the following ten directors to serve until the 2023 Annual Meeting or until a successor is duly elected and qualified.",https://www.sec.gov/Archives/edgar/data/5272/0001104659-22-060258.txt,2022-05-16,2022-05-13
CVS,0000064803,0000064803-22-000018,2022-05-16,shareholder_activity,shareholder_meetings,annual_meeting_results,"The following are the voting results on each matter submitted to the stockholders of CVS Health Corporation (the ""Company"") at the Annual Meeting of Stockholders held on May 11, 2022 (the ""Annual Meeting""). At the Annual Meeting, 11 nominees for director were elected to the Company's Board of Directors for a term of one year (Item 1). The Company proposal regarding the ratification of the appointment of Ernst & Young LLP as the Company's independent registered public accounting firm for 2022 (Item 2) was approved. The Company proposal to approve, on an advisory basis, the compensation of the Company's named executive officers as disclosed in the Proxy Statement (Item 3) was approved. Five stockholder proposals (Items 4, 5, 6, 7, and 8) were not approved.",https://www.sec.gov/Archives/edgar/data/64803/0000064803-22-000018.txt,2022-05-17,2022-05-16
INTC,0000050863,0001193125-22-151752,2022-05-16,shareholder_activity,shareholder_meetings,annual_meeting_results,"Intel's Annual Stockholders' Meeting was held on May 12, 2022. At the meeting: stockholders elected the 10 persons recommended by the Board to serve as directors of Intel; stockholders ratified the selection of Ernst & Young LLP to serve as the independent registered public accounting firm of Intel for 2022; stockholders did not approve, on an advisory basis, Intel's executive compensation of its listed officers; stockholders approved the amendment and restatement of the 2006 Equity Incentive Plan.",https://www.sec.gov/Archives/edgar/data/50863/0001193125-22-151752.txt,2022-05-17,2022-05-16
AMGN,0000318154,0001193125-22-154061,2022-05-18,shareholder_activity,shareholder_meetings,annual_meeting_results,"The Company held its Annual Meeting on May 17, 2022. The final results of the voting for each matter submitted to a vote of stockholders at the meeting are as follows: Item 1 - Election of Directors. Each of the following 12 nominees for director were elected to serve a one-year term expiring at the Company's 2023 annual meeting of stockholders.",https://www.sec.gov/Archives/edgar/data/318154/0001193125-22-154061.txt,2022-05-19,2022-05-18
SCHW,0000316709,0001193125-22-154097,2022-05-18,shareholder_activity,shareholder_meetings,annual_meeting_results,"The Annual Meeting was held on May 17, 2022. All nominees for directors were elected, and each nominee received more 'for' votes than 'against' votes cast for his or her election. The proposal to ratify of the selection of Deloitte & Touche LLP as CSC's independent auditors for the 2022 fiscal year was approved. The advisory vote on named executive officer compensation was approved. The proposal to approve the 2022 Stock Incentive Plan was approved.",https://www.sec.gov/Archives/edgar/data/316709/0001193125-22-154097.txt,2022-05-19,2022-05-18
TMO,0000097745,0000097745-22-000032,2022-05-19,shareholder_activity,shareholder_meetings,annual_meeting_results,"At the annual meeting of shareholders of Thermo Fisher Scientific Inc. (the ""Company"") held on May 18, 2022, the shareholders of the Company voted on the following proposals: 1. The following nominees were elected to the Company's Board of Directors for a one-year term expiring at the 2023 annual meeting of shareholders.",https://www.sec.gov/Archives/edgar/data/97745/0000097745-22-000032.txt,2022-05-20,2022-05-19
AMT,0001053507,0001053507-22-000078,2022-05-19,shareholder_activity,shareholder_meetings,annual_meeting_results,"The 2022 Annual Meeting of Stockholders (the ""Annual Meeting"") of the Company was held virtually on May 18, 2022. At the Annual Meeting, the Company's stockholders elected thirteen individuals to the Board and approved Proposals 2 and 3.",https://www.sec.gov/Archives/edgar/data/1053507/0001053507-22-000078.txt,2022-05-20,2022-05-19
AMD,0000002488,0001193125-22-156161,2022-05-20,shareholder_activity,shareholder_meetings,annual_meeting_results,"On May 18, 2022, Advanced Micro Devices, Inc. (the ""Company"") held its 2022 Annual Meeting of Stockholders (the ""Annual Meeting""). At the Annual Meeting, the Company's stockholders voted in favor for all of the following three proposals.",https://www.sec.gov/Archives/edgar/data/2488/0001193125-22-156161.txt,2022-05-23,2022-05-20
JPM,0000019617,0000019617-22-000367,2022-05-20,shareholder_activity,shareholder_meetings,annual_meeting_results,"Registrant held its Annual Meeting of Shareholders on Tuesday, May 17, 2022; 2,468,848,141 shares were represented in person or by proxy, or 83.98% of the total shares outstanding. The results of the shareholder voting on the proposals presented were as follows: Shareholders elected the 10 director nominees named in the Proxy Statement.",https://www.sec.gov/Archives/edgar/data/19617/0000019617-22-000367.txt,2022-05-23,2022-05-20
NEE,0000753308,0000753308-22-000038,2022-05-23,shareholder_activity,shareholder_meetings,annual_meeting_results,"NEE held its 2022 Annual Meeting of Shareholders (2022 Annual Meeting) on May 19, 2022. At the 2022 Annual Meeting, NEE's shareholders approved three proposals and did not approve one shareholder proposal.",https://www.sec.gov/Archives/edgar/data/753308/0000753308-22-000038.txt,2022-05-24,2022-05-23
MO,0000764180,0000764180-22-000048,2022-05-23,shareholder_activity,shareholder_meetings,annual_meeting_results,"On May 19, 2022, Altria Group, Inc. held its 2022 Annual Meeting of Shareholders. All nominees were duly elected as directors of Altria. The selection of the Independent Registered Public Accounting Firm was ratified. The proposal was approved on an advisory basis. The proposal was approved.",https://www.sec.gov/Archives/edgar/data/764180/0000764180-22-000048.txt,2022-05-24,2022-05-23
HD,0000354950,0000354950-22-000166,2022-05-24,shareholder_activity,shareholder_meetings,annual_meeting_results,"The 2022 Annual Meeting of Shareholders of The Home Depot, Inc. (the 'Company') was held on May 19, 2022. Below are the final vote results from the meeting. Proposal 1: The following nominees were elected by majority vote to serve on the Board of Directors.",https://www.sec.gov/Archives/edgar/data/354950/0000354950-22-000166.txt,2022-05-25,2022-05-24
MRK,0000310158,0000310158-22-000015,2022-05-26,shareholder_activity,shareholder_meetings,annual_meeting_results,"The Annual Meeting of Shareholders of Merck & Co., Inc. (the ""Company"") was held on May 24, 2022. Shareholders voted on the matters set forth below: The following nominees were elected to the Company's Board of Directors to hold office until the Company's next Annual Meeting of Shareholders and received the number of votes set forth opposite their names.",https://www.sec.gov/Archives/edgar/data/310158/0000310158-22-000015.txt,2022-05-27,2022-05-26
BLK,0001364742,0001193125-22-162454,2022-05-27,shareholder_activity,shareholder_meetings,annual_meeting_results,"On May 25, 2022, BlackRock, Inc. (the ""Company"") held its 2022 Annual Meeting of Shareholders (the ""Annual Meeting""). The following are the voting results on each matter submitted to the Company's shareholders at the Annual Meeting. All director nominees were elected (Item 1). The proposal to approve the compensation of the named executive officers as disclosed in the Company's proxy statement, through a non-binding advisory vote, was approved (Item 2). Additionally, shareholders ratified the appointment of Deloitte LLP as the Company's independent registered public accounting firm for the fiscal year 2022 (Item 3). Further, the shareholder proposal regarding stewardship policies was not approved (Item 4).",https://www.sec.gov/Archives/edgar/data/1364742/0001193125-22-162454.txt,2022-05-31,2022-05-27
AMZN,0001018724,0001104659-22-065872,2022-05-27,shareholder_activity,shareholder_meetings,annual_meeting_results,"On May 25, 2022, the Company held its Annual Meeting of Shareholders. The following nominees were elected as directors, each to hold office until the next Annual Meeting of Shareholders or until his or her successor is elected and qualified, by the vote set forth below: [11 directors elected]. The appointment of Ernst & Young LLP as our independent auditors for the fiscal year ending December 31, 2022 was ratified by the vote set forth below.",https://www.sec.gov/Archives/edgar/data/1018724/0001104659-22-065872.txt,2022-05-31,2022-05-27
CVX,0000093410,0000093410-22-000035,2022-05-27,shareholder_activity,shareholder_meetings,annual_meeting_results,"The 2022 Annual Meeting of Stockholders of Chevron was held on Wednesday, May 25, 2022. Chevron stockholders voted on the matters set forth below, with final voting results indicated. All nominees for election to the Chevron Board of Directors were elected, each for a one-year term.",https://www.sec.gov/Archives/edgar/data/93410/0000093410-22-000035.txt,2022-05-31,2022-05-27
MS,0000895421,0000950103-22-009615,2022-05-27,shareholder_activity,shareholder_meetings,annual_meeting_results,"At the 2022 Annual Meeting of Shareholders (the ""Annual Meeting"") of Morgan Stanley (the ""Company"") held on Thursday, May 26, 2022, the shareholders of the Company in attendance (the ""Shareholders""), constituting a quorum under the Amended and Restated Bylaws of the Company, voted on proposals to: (i) elect directors to the Company's Board of Directors (the ""Board""), (ii) ratify the appointment of Deloitte & Touche LLP as the Company's independent auditor for the 2022 fiscal year, and (iii) approve the compensation of the Company's named executive officers... At the Annual Meeting, all nominees for election to the Board were elected by the Shareholders. The Shareholders also voted to ratify the appointment of Deloitte & Touche LLP as the Company's independent auditor for the 2022 fiscal year.",https://www.sec.gov/Archives/edgar/data/895421/0000950103-22-009615.txt,2022-05-31,2022-05-27
SO,0000092122,0000092122-22-000031,2022-05-31,shareholder_activity,shareholder_meetings,annual_meeting_results,"The Southern Company (the ""Company"") held its Annual Meeting of Stockholders on May 25, 2022. The Board of Directors recommended a vote ""FOR"" each of the matters presented and the stockholders voted as follows: [detailed voting results for director elections, executive compensation advisory vote, auditor ratification, and shareholder proposal]",https://www.sec.gov/Archives/edgar/data/92122/0000092122-22-000031.txt,2022-06-01,2022-05-31
MCD,0000063908,0000063908-22-000028,2022-06-02,shareholder_activity,shareholder_meetings,annual_meeting_results,"McDonald's Corporation held its Annual Shareholders' Meeting on May 26, 2022. Set forth below are the final, certified voting results for each proposal presented at the Annual Meeting... Based on these results, 564,335,881 shares of the Company's common stock were voted in person or by proxy at the Annual Meeting, representing 76.3% of the shares outstanding and entitled to vote.",https://www.sec.gov/Archives/edgar/data/63908/0000063908-22-000028.txt,2022-06-03,2022-06-02
LOW,0000060667,0000060667-22-000104,2022-06-02,shareholder_activity,shareholder_meetings,annual_meeting_results,"Set forth below are the final voting results for each of the proposals submitted to the Company's shareholders at the Annual Meeting held on May 27, 2022.",https://www.sec.gov/Archives/edgar/data/60667/0000060667-22-000104.txt,2022-06-03,2022-06-02
WMT,0000104169,0000104169-22-000030,2022-06-03,shareholder_activity,shareholder_meetings,annual_meeting_results,"On June 1, 2022, Walmart Inc. (the ""Company"") held its Annual Shareholders' Meeting (the ""Meeting"")... The Company's shareholders elected for one-year terms all eleven persons nominated for election as directors as set forth in the Company's proxy statement dated April 21, 2022.",https://www.sec.gov/Archives/edgar/data/104169/0000104169-22-000030.txt,2022-06-06,2022-06-03
GOOGL,0001652044,0001193125-22-167375,2022-06-03,shareholder_activity,shareholder_meetings,annual_meeting_results,"At the 2022 Annual Meeting, Alphabet's stockholders voted on twenty-one proposals as set forth below... The individuals listed below were elected at the 2022 Annual Meeting to serve as directors of Alphabet until the next annual meeting of stockholders or until their respective successors have been duly elected and qualified: Larry Page, Sergey Brin, Sundar Pichai, John L. Hennessy, Frances H. Arnold, L. John Doerr, Roger W. Ferguson, Jr., Ann Mather, K. Ram Shriram, Robin L. Washington.",https://www.sec.gov/Archives/edgar/data/1652044/0001193125-22-167375.txt,2022-06-06,2022-06-03
CMCSA,0001166691,0000950103-22-010112,2022-06-03,shareholder_activity,shareholder_meetings,annual_meeting_results,"At the annual meeting on June 1, 2022, our shareholders approved, or did not approve, the following proposals. All of the director nominees named in the proxy statement were elected to serve as directors for one-year terms.",https://www.sec.gov/Archives/edgar/data/1166691/0000950103-22-010112.txt,2022-06-06,2022-06-03
PYPL,0001633917,0001193125-22-168382,2022-06-06,shareholder_activity,shareholder_meetings,annual_meeting_results,"At the 2022 Annual Meeting of Stockholders of PayPal Holdings, Inc. held on June 2, 2022, the stockholders: 1. Elected the 12 director nominees named in the Company's 2022 Proxy Statement to serve as directors until the Company's 2023 Annual Meeting of Stockholders and until their respective successors are elected and qualified; 2. Approved, on an advisory basis, the compensation of the named executive officers; 3. Approved, on an advisory basis, a frequency of 'Every Year' for the stockholder advisory vote to approve the compensation of the named executive officers; 4. Ratified the appointment of PricewaterhouseCoopers LLP as the Company's independent auditor for 2022; and 5. Did not approve the stockholder proposal titled 'Special Shareholder Meeting Improvement'.",https://www.sec.gov/Archives/edgar/data/1633917/0001193125-22-168382.txt,2022-06-07,2022-06-06
NVDA,0001045810,0001045810-22-000088,2022-06-06,shareholder_activity,shareholder_meetings,annual_meeting_results,"On June 2, 2022, at the 2022 Annual Meeting, the following proposals were adopted by the margin indicated... Stockholders approved the election of each of our thirteen (13) directors to serve for a one-year term until our 2023 Annual Meeting of Stockholders.",https://www.sec.gov/Archives/edgar/data/1045810/0001045810-22-000088.txt,2022-06-07,2022-06-06
UNH,0000731766,0000731766-22-000028,2022-06-10,shareholder_activity,shareholder_meetings,annual_meeting_results,"On June 6, 2022, the Company held its 2022 Annual Meeting of Shareholders (the ""Annual Meeting""). There were 843,160,562 shares of common stock represented at the Annual Meeting. The shareholders of the Company voted as follows on the following matters at the Annual Meeting: 1.Election of Directors. The eight directors were elected at the Annual Meeting for a one-year term based upon the following votes",https://www.sec.gov/Archives/edgar/data/731766/0000731766-22-000028.txt,2022-06-13,2022-06-10
BKNG,0001075531,0001075531-22-000024,2022-06-10,shareholder_activity,shareholder_meetings,annual_meeting_results,"The 2022 Annual Meeting of Stockholders of the Company was held virtually on June 9, 2022. The stockholders of the Company elected all of the Company's nominees for election to the Board of Directors to serve until the next annual meeting of stockholders and until their respective successors are elected and qualified.",https://www.sec.gov/Archives/edgar/data/1075531/0001075531-22-000024.txt,2022-06-13,2022-06-10
NOW,0001373715,0001373715-22-000207,2022-06-10,shareholder_activity,shareholder_meetings,annual_meeting_results,"On June 9, 2022, ServiceNow, Inc. (the ""Company"") held its 2022 annual meeting of shareholders. The following proposals were voted upon and the final voting results with respect to each such proposal are set forth below: 1. Election of nine directors... Based on the votes set forth above, each of the director nominees was duly elected.",https://www.sec.gov/Archives/edgar/data/1373715/0001373715-22-000207.txt,2022-06-13,2022-06-10
CRM,0001108524,0001108524-22-000030,2022-06-13,shareholder_activity,shareholder_meetings,annual_meeting_results,"Salesforce, Inc. (the ""Company"") held its 2022 Annual Meeting of Stockholders on June 9, 2022 (the ""Meeting""). The proposals considered at the Meeting are described in the Company's 2022 Proxy Statement filed with the Securities and Exchange Commission on April 28, 2022 (the ""Proxy Statement""), and the final voting results are set forth below",https://www.sec.gov/Archives/edgar/data/1108524/0001108524-22-000030.txt,2022-06-14,2022-06-13
CAT,0000018230,0000018230-22-000146,2022-06-14,shareholder_activity,shareholder_meetings,annual_meeting_results,"On June 8, 2022, Caterpillar Inc. (the ""Company"") held a virtual 2022 Annual Shareholders Meeting. Set forth below are the voting results for each of the matters submitted to a vote of the Company's shareholders. All nominees for election to the Company's Board of Directors named in the Proxy Statement were elected, each to a one-year term.",https://www.sec.gov/Archives/edgar/data/18230/0000018230-22-000146.txt,2022-06-15,2022-06-14
TMUS,0001283699,0001193125-22-176511,2022-06-17,shareholder_activity,shareholder_meetings,annual_meeting_results,"On June 15, 2022, T-Mobile US, Inc. (the ""Company"") held its Annual Meeting of Stockholders (the ""Annual Meeting""). At the Annual Meeting, the following two proposals were presented... The following 13 director nominees were elected at the Annual Meeting to serve terms ending at the Company's 2023 Annual Meeting of Stockholders, or until their successors are elected and qualified.",https://www.sec.gov/Archives/edgar/data/1283699/0001193125-22-176511.txt,2022-06-21,2022-06-17
MET,0001099219,0001193125-22-181566,2022-06-24,shareholder_activity,shareholder_meetings,annual_meeting_results,"At MetLife, Inc.'s (the ""Company's"") annual meeting of common shareholders on June 21, 2022, the shareholders: elected thirteen Directors, each for a term expiring at the Company's 2023 annual meeting of shareholders; ratified the appointment of Deloitte & Touche LLP as the Company's independent auditor for 2022; and approved, on an advisory basis, the compensation paid to the Company's Named Executive Officers.",https://www.sec.gov/Archives/edgar/data/1099219/0001193125-22-181566.txt,2022-06-27,2022-06-24
MA,0001141391,0001141391-22-000137,2022-06-24,shareholder_activity,shareholder_meetings,annual_meeting_results,"On June 21, 2022 at the 2022 annual meeting of stockholders (the 'Annual Meeting') of Mastercard Incorporated, the holders of the Company's Class A common stock approved the amendment and restatement of the Company's certificate of incorporation. A total of 857,852,233 shares of Class A common stock, constituting a quorum, were represented in person or by proxy at the Annual Meeting. The votes cast with respect to the matters voted upon at the Annual Meeting are set forth below, including director elections, executive compensation approval, auditor ratification, and stockholder proposals.",https://www.sec.gov/Archives/edgar/data/1141391/0001141391-22-000137.txt,2022-06-27,2022-06-24
TSLA,0001318605,0001564590-22-028207,2022-08-05,shareholder_activity,shareholder_meetings,annual_meeting_results,"At Tesla, Inc.'s ('Tesla') 2022 Annual Meeting of Stockholders (the 'Annual Meeting') held on August 4, 2022, Tesla's stockholders voted on the following thirteen proposals and Tesla's inspector of election certified the vote tabulations indicated below.",https://www.sec.gov/Archives/edgar/data/1318605/0001564590-22-028207.txt,2022-08-08,2022-08-05
FDX,0001048911,0001193125-22-248405,2022-09-21,shareholder_activity,shareholder_meetings,annual_meeting_results,"FedEx's annual meeting of stockholders was held on September 19, 2022. The stockholders took the following actions at the annual meeting: Proposal 1: The stockholders elected fifteen directors, each of whom will hold office until the annual meeting of stockholders to be held in 2023 and until his or her successor is duly elected and qualified.",https://www.sec.gov/Archives/edgar/data/1048911/0001193125-22-248405.txt,2022-09-22,2022-09-21
PG,0000080424,0000080424-22-000074,2022-10-11,shareholder_activity,shareholder_meetings,annual_meeting_results,"According to preliminary voting results, Rajesh Subramaniam, President and Chief Executive Officer of FedEx Corporation, and the Company's ten incumbent Director nominees were elected to the Company's Board of Directors at the Annual Meeting of Shareholders.",https://www.sec.gov/Archives/edgar/data/80424/0000080424-22-000074.txt,2022-10-12,2022-10-11
PG,0000080424,0000080424-22-000086,2022-10-14,shareholder_activity,shareholder_meetings,annual_meeting_results,"On October 11, 2022, The Procter & Gamble Company held its 2022 Annual Meeting of Shareholders. Set forth below are the final voting results for each of the proposals submitted to a vote of the shareholders.",https://www.sec.gov/Archives/edgar/data/80424/0000080424-22-000086.txt,2022-10-17,2022-10-14
MDT,0001613103,0001613103-22-000066,2022-12-13,shareholder_activity,shareholder_meetings,annual_meeting_results,"The shareholders approved, on a non-binding advisory basis, the compensation awarded to the Company's named executive officers. [FOR: 972,415,707 | AGAINST: 69,940,489 | ABSTAIN: 2,116,068]",https://www.sec.gov/Archives/edgar/data/1613103/0001613103-22-000066.txt,2022-12-14,2022-12-13
MSFT,0000789019,0001193125-22-306591,2022-12-16,shareholder_activity,shareholder_meetings,annual_meeting_results,"On December 13, 2022, Microsoft Corporation (the ""Company"") held its 2022 Annual Shareholders Meeting (the ""Annual Meeting""). The shareholders: (1) Voted to elect each of the twelve (12) nominees for director. (2) Approved, on an advisory basis, the compensation of the Company's named executive officers. (3) Voted to ratify the appointment of Deloitte & Touche LLP as the Company's independent registered public accounting firm for fiscal year 2023.",https://www.sec.gov/Archives/edgar/data/789019/0001193125-22-306591.txt,2022-12-19,2022-12-16
INTU,0000896878,0000896878-23-000003,2023-01-23,shareholder_activity,shareholder_meetings,annual_meeting_results,"On January 19, 2023, Intuit Inc. (the ""Company"") held its Annual Meeting of Stockholders. At the meeting, stockholders: 1.Elected nine persons to serve as directors of Intuit; 2.Approved, on an advisory basis, Intuit's executive compensation; 3.Ratified the selection of Ernst & Young LLP to serve as the independent registered public accounting firm for the fiscal year ending July 31, 2023; and 4.Approved the Company's Amended and Restated Employee Stock Purchase Plan.",https://www.sec.gov/Archives/edgar/data/896878/0000896878-23-000003.txt,2023-01-24,2023-01-23
V,0001403161,0001403161-23-000008,2023-01-25,shareholder_activity,shareholder_meetings,annual_meeting_results,"The 2023 Annual Meeting of Stockholders of Visa Inc. was held on January 24, 2023, and the Company's Class A common stockholders voted on five proposals. Set forth below are the matters the stockholders voted on and the final voting results.",https://www.sec.gov/Archives/edgar/data/1403161/0001403161-23-000008.txt,2023-01-26,2023-01-25
COST,0000909832,0000909832-23-000007,2023-01-25,shareholder_activity,shareholder_meetings,annual_meeting_results,"On January 19, 2023, Costco Wholesale Corporation (the ""Company"") held its Annual Meeting of Shareholders... All items except 5 were approved. The results of the votes are set forth below: [detailed voting results for director elections, auditor ratification, executive compensation advisory vote, frequency vote, and shareholder proposal]",https://www.sec.gov/Archives/edgar/data/909832/0000909832-23-000007.txt,2023-01-26,2023-01-25
EMR,0000032604,0001193125-23-032560,2023-02-10,shareholder_activity,shareholder_meetings,annual_meeting_results,"The final results for each of the matters submitted to a vote at the Company's 2023 Annual Meeting of Shareholders held on February 7, 2023 are as follows: Proposal 1: The three Directors named in the Proxy Statement were elected by the shareholders.",https://www.sec.gov/Archives/edgar/data/32604/0001193125-23-032560.txt,2023-02-13,2023-02-10
DE,0000315189,0001558370-23-002172,2023-02-27,shareholder_activity,shareholder_meetings,annual_meeting_results,"Deere & Company (the ""Company"") held its annual meeting of shareholders on February 22, 2023 (the ""Annual Meeting""). The voting results for each matter submitted to a vote of shareholders at the Annual Meeting are as follows: 1. Election of Directors - All director nominees were elected for terms expiring at the 2024 annual meeting of shareholders with the following votes.",https://www.sec.gov/Archives/edgar/data/315189/0001558370-23-002172.txt,2023-02-28,2023-02-27
QCOM,0000804328,0000804328-23-000014,2023-03-09,shareholder_activity,shareholder_meetings,annual_meeting_results,"QUALCOMM Incorporated (the ""Company"") held its 2023 Annual Meeting of Stockholders on March 8, 2023 (the ""Annual Meeting""). At the Annual Meeting, the Company's stockholders considered four proposals, each of which is described briefly below and in more detail in the Company's definitive proxy statement dated January 19, 2023. The final voting results for each proposal are set forth below.",https://www.sec.gov/Archives/edgar/data/804328/0000804328-23-000014.txt,2023-03-10,2023-03-09
SBUX,0000829224,0000829224-23-000027,2023-03-29,shareholder_activity,shareholder_meetings,annual_meeting_results,"On March 23, 2023, Starbucks Corporation (the ""Company"") held its 2023 Annual Meeting of Shareholders (the ""Annual Meeting""). The matters submitted to a vote at the Annual Meeting and the voting results of such matters are as follows: Proposal 1 - Election of Directors. The Company's shareholders elected each of the 8 directors nominated by the Company's Board of Directors (the ""Board"") to serve until the 2024 Annual Meeting of Shareholders or until their successors are duly elected and qualified.",https://www.sec.gov/Archives/edgar/data/829224/0000829224-23-000027.txt,2023-03-30,2023-03-29
DIS,0001744489,0001744489-23-000071,2023-04-04,shareholder_activity,shareholder_meetings,annual_meeting_results,"The final results of voting on each of the matters submitted to a vote of security holders during the Registrant's annual meeting of shareholders on April 3, 2023 are as follows.",https://www.sec.gov/Archives/edgar/data/1744489/0001744489-23-000071.txt,2023-04-05,2023-04-04
AVGO,0001730168,0001730168-23-000052,2023-04-06,shareholder_activity,shareholder_meetings,annual_meeting_results,"At the 2023 Annual Meeting, the Broadcom stockholders voted on the following matters and cast their votes as set forth below: (1)The nine nominees were elected to serve as directors of Broadcom until the next annual meeting of stockholders or until their successors have been elected",https://www.sec.gov/Archives/edgar/data/1730168/0001730168-23-000052.txt,2023-04-10,2023-04-06
BK,0001390777,0001193125-23-099221,2023-04-12,shareholder_activity,shareholder_meetings,annual_meeting_results,"On April 12, 2023, The Bank of New York Mellon Corporation held its Annual Meeting of Stockholders. At the Annual Meeting, each nominee for director was elected by a majority of votes cast (proposal 1). In addition, stockholders approved, on an advisory basis, the 2022 compensation of BNY Mellon's named executive officers (proposal 2); voted, on an advisory basis, to have future say-on-pay votes on an annual basis (proposal 3); ratified the appointment of KPMG LLP as BNY Mellon's independent registered public accountants for the year ending December 31, 2023 (proposal 4); and approved The Bank of New York Mellon Corporation 2023 Long-Term Incentive Plan (proposal 5).",https://www.sec.gov/Archives/edgar/data/1390777/0001193125-23-099221.txt,2023-04-13,2023-04-12
USB,0000036104,0001193125-23-108369,2023-04-20,shareholder_activity,shareholder_meetings,annual_meeting_results,"U.S. Bancorp (the ""Company"") held its 2023 annual meeting of shareholders on Tuesday, April 18, 2023. Shareholders considered four proposals at the meeting... The Company's shareholders elected each of the thirteen nominees for director, and the voting results are set forth below.",https://www.sec.gov/Archives/edgar/data/36104/0001193125-23-108369.txt,2023-04-21,2023-04-20
ADBE,0000796343,0000796343-23-000084,2023-04-24,shareholder_activity,shareholder_meetings,annual_meeting_results,"On April 20, 2023, at the 2023 Annual Meeting of Stockholders (the ""Annual Meeting"") of Adobe Inc. (the ""Company""), the Company's stockholders approved proposals one through four, approved one year with respect to proposal five and did not approve proposal six, a stockholder proposal concerning a report on hiring of persons with arrest or incarceration records.",https://www.sec.gov/Archives/edgar/data/796343/0000796343-23-000084.txt,2023-04-25,2023-04-24
C,0000831001,0001104659-23-050368,2023-04-26,shareholder_activity,shareholder_meetings,annual_meeting_results,"Citigroup's 2023 Annual Meeting of Stockholders was held on April 25, 2023. At the meeting: (1) 13 persons were elected to serve as directors of Citigroup; (2) the selection of KPMG LLP to serve as the independent registered public accountants of Citigroup for 2023 was ratified; (3) an advisory vote to approve our 2022 Executive Compensation was approved; (4) a proposal to approve additional shares for the Citigroup 2019 Stock Incentive Plan was approved.",https://www.sec.gov/Archives/edgar/data/831001/0001104659-23-050368.txt,2023-04-27,2023-04-26
LMT,0000936468,0000936468-23-000059,2023-04-27,shareholder_activity,shareholder_meetings,annual_meeting_results,"Lockheed Martin Corporation (the ""Company"") held its Annual Meeting of Stockholders on April 27, 2023. Of the 254,518,944 shares outstanding and entitled to vote (as of the February 24, 2023 record date), 224,068,654 shares were represented at the meeting, or an 88.04% quorum. The final results of voting for each matter submitted to a vote of stockholders at the meeting are as follows:",https://www.sec.gov/Archives/edgar/data/936468/0000936468-23-000059.txt,2023-04-28,2023-04-27
GS,0000886982,0001193125-23-122281,2023-04-27,shareholder_activity,shareholder_meetings,annual_meeting_results,"The Annual Meeting was held on April 26, 2023. The results of the matters submitted to a shareholder vote at the Annual Meeting were as follows: Election of Directors: Our shareholders elected the following 12 directors to each serve a one-year term expiring on the date of our 2024 annual meeting of shareholders or until his or her successor has been duly chosen and qualified.",https://www.sec.gov/Archives/edgar/data/886982/0001193125-23-122281.txt,2023-04-28,2023-04-27
WFC,0000072971,0000072971-23-000097,2023-04-27,shareholder_activity,shareholder_meetings,annual_meeting_results,"The Company held its annual meeting of shareholders on April 25, 2023. At the meeting, shareholders elected the 13 director nominees nominated by the Board as each director nominee received a greater number of votes cast ""for"" his or her election than votes cast ""against"" his or her election... In addition, shareholders approved, on an advisory basis, the compensation of the Company's named executives... and ratified the appointment of KPMG LLP as the Company's independent registered public accounting firm for 2023.",https://www.sec.gov/Archives/edgar/data/72971/0000072971-23-000097.txt,2023-04-28,2023-04-27
BAC,0000070858,0000070858-23-000137,2023-04-28,shareholder_activity,shareholder_meetings,annual_meeting_results,"On April 25, 2023, the Corporation held its Annual Meeting. The Corporation's shareholders: elected all of the nominees for director; approved the advisory vote on executive compensation; voted, on an advisory basis, in favor of holding future advisory votes on executive compensation every year; ratified the appointment of PricewaterhouseCoopers LLP as the Corporation's independent registered public accounting firm for 2023; and approved the amendment and restatement of the Plan.",https://www.sec.gov/Archives/edgar/data/70858/0000070858-23-000137.txt,2023-05-01,2023-04-28
PFE,0000078003,0001628280-23-014368,2023-05-01,shareholder_activity,shareholder_meetings,annual_meeting_results,"The Pfizer Inc. (the ""Company"") Annual Meeting of Shareholders was held on April 27, 2023. Shareholders voted on the matters set forth below. The nominees for election to the Company's Board of Directors set forth in Item 1 to the Company's Proxy Statement filed with the U.S. Securities and Exchange Commission on March 16, 2023 were elected to hold office until the Company's next Annual Meeting of Shareholders, based upon the following votes: [detailed voting results for 12 director nominees]",https://www.sec.gov/Archives/edgar/data/78003/0001628280-23-014368.txt,2023-05-02,2023-05-01
JNJ,0000200406,0000200406-23-000059,2023-05-01,shareholder_activity,shareholder_meetings,annual_meeting_results,"The 2023 Annual Meeting of Shareholders of Johnson & Johnson (the ""Company"") was held on April 27, 2023. At the 2023 Annual Meeting of Shareholders, the shareholders: elected all 12 Director nominees named in the 2023 Proxy Statement to the Company's Board of Directors; approved, on an advisory basis, the executive compensation philosophy, policies and procedures... ratified the appointment of PricewaterhouseCoopers LLP as the Company's independent registered public accounting firm for the fiscal year 2023; did not approve the shareholder proposal for a Vaccine Pricing Report; and did not approve the shareholder proposal for a report on the Impact of Extended Patent Exclusivities on Product Access.",https://www.sec.gov/Archives/edgar/data/200406/0000200406-23-000059.txt,2023-05-02,2023-05-01
ISRG,0001035267,0001035267-23-000133,2023-05-02,shareholder_activity,shareholder_meetings,annual_meeting_results,"At the Annual Meeting, the stockholders of Intuitive Surgical, Inc. voted on the following five proposals, each of which is described in detail in the Proxy Statement filed with the Securities and Exchange Commission on March 10, 2023. Each of the nominees nominated in Proposal No. 1 was elected. Proposal No. 2 was approved on an advisory basis. Proposal No. 4 was approved. Proposal No. 5 was rejected.",https://www.sec.gov/Archives/edgar/data/1035267/0001035267-23-000133.txt,2023-05-03,2023-05-02
ABT,0000001800,0001104659-23-054706,2023-05-02,shareholder_activity,shareholder_meetings,annual_meeting_results,"Abbott held its Annual Meeting of Shareholders on April 28, 2023. The following is a summary of the matters voted on at that meeting. (1)The shareholders elected Abbott's entire Board of Directors.",https://www.sec.gov/Archives/edgar/data/1800/0001104659-23-054706.txt,2023-05-03,2023-05-02
TXN,0000097476,0000097476-23-000029,2023-05-03,shareholder_activity,shareholder_meetings,annual_meeting_results,"At the annual meeting of stockholders held on April 27, 2023, the stockholders elected the Board of Directors of Texas Instruments Incorporated and voted upon the proposals contained within our Proxy Statement dated March 14, 2023.",https://www.sec.gov/Archives/edgar/data/97476/0000097476-23-000029.txt,2023-05-04,2023-05-03
BMY,0000014272,0001140361-23-022991,2023-05-04,shareholder_activity,shareholder_meetings,annual_meeting_results,"The Annual Meeting of the Company was held on May 2, 2023. Shareholders voted on the matters set forth below. Item 1. The shareholders elected each of the Company's 11 nominees to serve as directors of the Company until the 2024 Annual Meeting.",https://www.sec.gov/Archives/edgar/data/14272/0001140361-23-022991.txt,2023-05-05,2023-05-04
GD,0000040533,0000040533-23-000031,2023-05-05,shareholder_activity,shareholder_meetings,annual_meeting_results,"The results of voting on Proposals 1 through 7 (as numbered in the company's 2023 Proxy Statement) submitted to the company's shareholders for consideration at the Annual Meeting of Shareholders held on May 3, 2023, are set forth below.",https://www.sec.gov/Archives/edgar/data/40533/0000040533-23-000031.txt,2023-05-08,2023-05-05
GE,0000040545,0001193125-23-138265,2023-05-08,shareholder_activity,shareholder_meetings,annual_meeting_results,"At the Annual Meeting, shareholders elected all of the Company's nominees for director; approved the advisory vote on the Company's named executives' compensation ('Say on Pay'); approved the holding of future advisory votes on the Company's named executives' compensation every year ('Say on Frequency'); and ratified the appointment of Deloitte & Touche LLP as the Company's independent auditor for 2023.",https://www.sec.gov/Archives/edgar/data/40545/0001193125-23-138265.txt,2023-05-09,2023-05-08
PM,0001413329,0001413329-23-000151,2023-05-09,shareholder_activity,shareholder_meetings,annual_meeting_results,"On May 3, 2023, Philip Morris International Inc. (the ""Company"") held its Annual Meeting of Shareholders (""Annual Meeting""). The matters voted upon at the Annual Meeting and the results of such voting are set forth below: Proposal 1: Election of Directors of the Company... All director nominees were duly elected.",https://www.sec.gov/Archives/edgar/data/1413329/0001413329-23-000151.txt,2023-05-10,2023-05-09
COF,0000927628,0000927628-23-000197,2023-05-09,shareholder_activity,shareholder_meetings,annual_meeting_results,"The Annual Meeting was held on May 4, 2023. Stockholders elected Mr. Richard D. Fairbank, Mr. Ime Archibong, Ms. Christine Detrick, Ms. Ann Fritz Hackett, Mr. Peter Thomas Killalea, Mr. Cornelis Petrus Adrianus Joseph ('Eli') Leenaars, Mr. François Locoh-Donou, Mr. Peter E. Raskind, Ms. Eileen Serra, Mr. Mayo A. Shattuck III, Mr. Bradford H. Warner and Mr. Craig Anthony Williams to the Company's Board of Directors for terms expiring at the 2024 annual meeting of stockholders.",https://www.sec.gov/Archives/edgar/data/927628/0000927628-23-000197.txt,2023-05-10,2023-05-09
DUK,0001326160,0001104659-23-057738,2023-05-09,shareholder_activity,shareholder_meetings,annual_meeting_results,"Duke Energy held its Annual Meeting of Shareholders on May 4, 2023. At the Annual Meeting, shareholders voted on the following items: (i) election of directors; (ii) ratification of the appointment of Deloitte & Touche LLP as the Company's independent registered public accounting firm for 2023; (iii) an advisory vote to approve the Company's named executive officer compensation; (iv) an advisory vote on the frequency of the vote on executive compensation; (v) approval of the Duke Energy Corporation 2023 Long-Term Incentive Plan.",https://www.sec.gov/Archives/edgar/data/1326160/0001104659-23-057738.txt,2023-05-10,2023-05-09
UPS,0001090727,0001090727-23-000029,2023-05-09,shareholder_activity,shareholder_meetings,annual_meeting_results,"The Company held its Annual Meeting of Shareholders on May 4, 2023. The following matters were submitted to a vote of the shareholders. Election of Directors: Votes regarding the election of 12 directors for a term expiring at the Company's 2024 annual meeting of shareholders... Under the Company's Bylaws, each of the director nominees was elected.",https://www.sec.gov/Archives/edgar/data/1090727/0001090727-23-000029.txt,2023-05-10,2023-05-09
ABBV,0001551152,0001104659-23-058520,2023-05-10,shareholder_activity,shareholder_meetings,annual_meeting_results,"AbbVie Inc. held its Annual Meeting of Stockholders on May 5, 2023. The stockholders elected AbbVie's Class II Directors with terms expiring in 2026... The stockholders ratified the appointment of Ernst & Young LLP as AbbVie's independent registered public accounting firm for 2023.",https://www.sec.gov/Archives/edgar/data/1551152/0001104659-23-058520.txt,2023-05-11,2023-05-10
MMM,0000066740,0000066740-23-000035,2023-05-11,shareholder_activity,shareholder_meetings,annual_meeting_results,"At the 2023 Annual Meeting of Shareholders of the Company held on May 9, 2023, the votes cast with respect to each item of business properly presented at the meeting are as follows: Proposal No. 1 — The shareholders elected each of the ten nominees to the Board of Directors for a one-year term by the vote of the majority of votes cast.",https://www.sec.gov/Archives/edgar/data/66740/0000066740-23-000035.txt,2023-05-12,2023-05-11
DHR,0000313616,0000313616-23-000175,2023-05-11,shareholder_activity,shareholder_meetings,annual_meeting_results,"The Company's annual meeting of shareholders was held on May 9, 2023. At the annual meeting, the Company's shareholders voted on the following proposals: (1) To elect the fourteen directors named in the Company's proxy statement to terms expiring in 2024. Each nominee for director was elected by a vote of the shareholders. (2) To ratify the selection of Ernst & Young LLP as the Company's independent registered public accounting firm for the year ending December 31, 2023. The proposal was approved by a vote of shareholders. (3) To approve on an advisory basis the Company's named executive officer compensation. The proposal was approved by a vote of shareholders.",https://www.sec.gov/Archives/edgar/data/313616/0000313616-23-000175.txt,2023-05-12,2023-05-11
UBER,0001543151,0001552781-23-000276,2023-05-12,shareholder_activity,shareholder_meetings,annual_meeting_results,"On May 8, 2023, Uber Technologies, Inc. held its annual meeting of stockholders. Present at the Meeting in person or by proxy were holders of 1,588,617,964 shares of common stock, representing approximately 78.9% of the voting power. Based on the votes set forth above, each director nominee was duly elected to serve until the 2024 annual meeting of stockholders.",https://www.sec.gov/Archives/edgar/data/1543151/0001552781-23-000276.txt,2023-05-15,2023-05-12
AIG,0000005272,0001104659-23-060937,2023-05-15,shareholder_activity,shareholder_meetings,annual_meeting_results,"On May 10, 2023, American International Group, Inc. (""AIG"") held its Annual Meeting of Shareholders (the ""Annual Meeting""). The results of the matters submitted to a shareholder vote at the Annual Meeting were as follows: Proposal 1 - Election of Directors: The following individuals were elected to serve as directors until the 2024 Annual Meeting or upon the election and qualification of their successors.",https://www.sec.gov/Archives/edgar/data/5272/0001104659-23-060937.txt,2023-05-16,2023-05-15
INTC,0000050863,0000050863-23-000057,2023-05-17,shareholder_activity,shareholder_meetings,annual_meeting_results,"At the Annual Meeting, a total of 3,237,246,055 shares of the Company's common stock were present or represented by proxy, representing 77.6% of the 4,171,072,249 shares outstanding as of the close of business on March 17, 2023, the record date for the determination of stockholders entitled to vote at the Annual Meeting. The following are the voting results on the seven proposals considered and voted upon at the Annual Meeting.",https://www.sec.gov/Archives/edgar/data/50863/0000050863-23-000057.txt,2023-05-18,2023-05-17
CL,0000021665,0000021665-23-000019,2023-05-17,shareholder_activity,shareholder_meetings,annual_meeting_results,"The Company's Annual Meeting of Stockholders was held on May 12, 2023. The matters voted on and the results of the vote were as follows. John P. Bilbrey, John T. Cahill, Steve Cahillane, Lisa M. Edwards, C. Martin Harris, Martina Hund-Mejean, Kimberly A. Nelson, Lorrie M. Norrington, Michael B. Polk, Stephen I. Sadove, and Noel R. Wallace were elected directors of the Company.",https://www.sec.gov/Archives/edgar/data/21665/0000021665-23-000019.txt,2023-05-18,2023-05-17
JPM,0000019617,0000019617-23-000382,2023-05-18,shareholder_activity,shareholder_meetings,annual_meeting_results,"Registrant held its Annual Meeting of Shareholders on Tuesday, May 16, 2023; 2,493,482,019 shares were represented in person or by proxy, or 85.06% of the total shares outstanding. The results of the shareholder voting on the proposals presented were as follows: Proposal 1 - Shareholders elected the 12 director nominees named in the Proxy Statement. All director nominees received at least 91.32% of the votes cast.",https://www.sec.gov/Archives/edgar/data/19617/0000019617-23-000382.txt,2023-05-19,2023-05-18
COP,0001163165,0001104659-23-061988,2023-05-18,shareholder_activity,shareholder_meetings,annual_meeting_results,"The Company held its Annual Meeting on May 16, 2023. As of the record date for the Annual Meeting, there were a total of 1,211,878,514 shares outstanding and entitled to vote. The results of the matters submitted to a vote of the stockholders at the meeting are set forth below. All 13 nominated directors were elected to serve a one-year term.",https://www.sec.gov/Archives/edgar/data/1163165/0001104659-23-061988.txt,2023-05-19,2023-05-18
AMGN,0000318154,0001193125-23-150659,2023-05-22,shareholder_activity,shareholder_meetings,annual_meeting_results,"The Company held its Annual Meeting on May 19, 2023. The final results of the voting for each matter submitted to a vote of stockholders at the meeting are as follows: Item 1 - Election of Directors. Each of the following 13 nominees for director were elected to serve a one-year term expiring at the Company's 2024 annual meeting of stockholders.",https://www.sec.gov/Archives/edgar/data/318154/0001193125-23-150659.txt,2023-05-23,2023-05-22
MO,0000764180,0000764180-23-000070,2023-05-22,shareholder_activity,shareholder_meetings,annual_meeting_results,"On May 18, 2023, Altria Group, Inc. held its 2023 Annual Meeting of Shareholders. All nominees were duly elected as directors of Altria. The selection of the Independent Registered Public Accounting Firm was ratified. The proposal was approved on an advisory basis.",https://www.sec.gov/Archives/edgar/data/764180/0000764180-23-000070.txt,2023-05-23,2023-05-22
NEE,0000753308,0000753308-23-000038,2023-05-22,shareholder_activity,shareholder_meetings,annual_meeting_results,"NextEra Energy, Inc. (NEE) held its 2023 Annual Meeting of Shareholders (2023 Annual Meeting) on May 18, 2023. At the 2023 Annual Meeting, NEE's shareholders approved four proposals and did not approve one shareholder proposal.",https://www.sec.gov/Archives/edgar/data/753308/0000753308-23-000038.txt,2023-05-23,2023-05-22
MS,0000895421,0000950103-23-007607,2023-05-22,shareholder_activity,shareholder_meetings,annual_meeting_results,"At the 2023 Annual Meeting of Shareholders (the ""Annual Meeting"") of Morgan Stanley (the ""Company"") held on Friday, May 19, 2023, the shareholders of the Company in attendance (the ""Shareholders""), constituting a quorum under the Amended and Restated Bylaws of the Company, voted on proposals to: (i) elect directors to the Company's Board of Directors (the ""Board""), (ii) ratify the appointment of Deloitte & Touche LLP as the Company's independent auditor for the 2023 fiscal year, (iii) approve the compensation of the Company's named executive officers... At the Annual Meeting, all nominees for election to the Board were elected by the Shareholders. The Shareholders also voted to ratify the appointment of Deloitte & Touche LLP as the Company's independent auditor for the 2023 fiscal year.",https://www.sec.gov/Archives/edgar/data/895421/0000950103-23-007607.txt,2023-05-23,2023-05-22
SCHW,0000316709,0001193125-23-150444,2023-05-22,shareholder_activity,shareholder_meetings,annual_meeting_results,"The 2023 Annual Meeting of Stockholders of The Charles Schwab Corporation (""CSC"") was held on May 18, 2023. All nominees for directors were elected, and each nominee received more ""for"" votes than ""against"" votes cast for his or her election. The proposal to ratify the selection of Deloitte & Touche LLP as CSC's independent auditors for the 2023 fiscal year was approved. The advisory vote on named executive officer (""NEO"") compensation was approved. The advisory vote on the frequency of approval of named executive officer compensation was approved as one year.",https://www.sec.gov/Archives/edgar/data/316709/0001193125-23-150444.txt,2023-05-23,2023-05-22
TSLA,0001318605,0001564590-23-007379,2023-05-22,shareholder_activity,shareholder_meetings,annual_meeting_results,"At Tesla, Inc.'s ('Tesla') 2023 Annual Meeting of Stockholders (the 'Annual Meeting') held on May 16, 2023, Tesla's stockholders voted on the following six proposals and Tesla's inspector of election certified the vote tabulations indicated below.",https://www.sec.gov/Archives/edgar/data/1318605/0001564590-23-007379.txt,2023-05-23,2023-05-22
HD,0000354950,0000354950-23-000153,2023-05-23,shareholder_activity,shareholder_meetings,annual_meeting_results,"The 2023 Annual Meeting of Shareholders of The Home Depot, Inc. (the ""Company"") was held on May 18, 2023. Below are the final vote results from the meeting.",https://www.sec.gov/Archives/edgar/data/354950/0000354950-23-000153.txt,2023-05-24,2023-05-23
AMD,0000002488,0001193125-23-151810,2023-05-23,shareholder_activity,shareholder_meetings,annual_meeting_results,"At the Annual Meeting, the Company's stockholders voted on the following five proposals, each of which is described in detail in the Company's Proxy Statement: Proposal No. 1: Election of Directors - All Directors Re-Elected.",https://www.sec.gov/Archives/edgar/data/2488/0001193125-23-151810.txt,2023-05-24,2023-05-23
CVS,0000064803,0000064803-23-000019,2023-05-24,shareholder_activity,shareholder_meetings,annual_meeting_results,"The following are the voting results on each matter submitted to the stockholders of CVS Health Corporation (the ""Company"") at the Annual Meeting of Stockholders held on May 18, 2023 (the ""Annual Meeting"").",https://www.sec.gov/Archives/edgar/data/64803/0000064803-23-000019.txt,2023-05-25,2023-05-24
AMT,0001053507,0001053507-23-000128,2023-05-25,shareholder_activity,shareholder_meetings,annual_meeting_results,"The 2023 Annual Meeting of Stockholders (the ""Annual Meeting"") of American Tower Corporation (the ""Company"") was held virtually on May 24, 2023. At the Annual Meeting, the Company's stockholders elected twelve individuals to the Board of Directors (the ""Board""), approved Proposals 2 and 3 and voted for one year on Proposal 4.",https://www.sec.gov/Archives/edgar/data/1053507/0001053507-23-000128.txt,2023-05-26,2023-05-25
AMZN,0001018724,0001104659-23-065457,2023-05-26,shareholder_activity,shareholder_meetings,annual_meeting_results,"On May 24, 2023, Amazon.com, Inc. (the 'Company') held its Annual Meeting of Shareholders. The following nominees were elected as directors, each to hold office until the next Annual Meeting of Shareholders or until his or her successor is elected and qualified, by the vote set forth below: [11 directors elected with vote counts]",https://www.sec.gov/Archives/edgar/data/1018724/0001104659-23-065457.txt,2023-05-30,2023-05-26
MRK,0000310158,0001140361-23-026845,2023-05-26,shareholder_activity,shareholder_meetings,annual_meeting_results,"The Annual Meeting of Shareholders of Merck & Co., Inc. (the ""Company"") was held on May 23, 2023. Shareholders voted on the matters set forth below: 1. The following nominees were elected to the Company's Board of Directors to hold office until the Company's next Annual Meeting of Shareholders",https://www.sec.gov/Archives/edgar/data/310158/0001140361-23-026845.txt,2023-05-30,2023-05-26
TMO,0000097745,0000097745-23-000042,2023-05-26,shareholder_activity,shareholder_meetings,annual_meeting_results,"At the Annual Meeting held on May 24, 2023, the shareholders of the Company voted on the following proposals: 1. The following nominees were elected to the Company's Board of Directors for a one-year term expiring at the 2024 annual meeting of shareholders.",https://www.sec.gov/Archives/edgar/data/97745/0000097745-23-000042.txt,2023-05-30,2023-05-26
BLK,0001364742,0001193125-23-155456,2023-05-26,shareholder_activity,shareholder_meetings,annual_meeting_results,"On May 24, 2023, BlackRock, Inc. (the ""Company"") held its 2023 Annual Meeting of Shareholders (the ""Annual Meeting""). The following are the voting results on each matter submitted to the Company's shareholders at the Annual Meeting. All director nominees were elected (Item 1). The proposal to approve the compensation of the named executive officers as disclosed in the Company's proxy statement, through a non-binding advisory vote, was approved (Item 2).",https://www.sec.gov/Archives/edgar/data/1364742/0001193125-23-155456.txt,2023-05-30,2023-05-26
SO,0000092122,0000092122-23-000055,2023-05-26,shareholder_activity,shareholder_meetings,annual_meeting_results,"The Southern Company held its Annual Meeting of Stockholders on May 24, 2023. Stockholders voted as follows on the seven matters properly presented for a vote: The nominees for election to the Board of Directors were elected based on the following votes: [detailed voting results for 16 director nominees]",https://www.sec.gov/Archives/edgar/data/92122/0000092122-23-000055.txt,2023-05-30,2023-05-26
MCD,0000063908,0000063908-23-000059,2023-06-01,shareholder_activity,shareholder_meetings,annual_meeting_results,"McDonald's Corporation (the ""Company"") held its 2023 Annual Shareholders' Meeting (the ""Annual Meeting"") on May 25, 2023. Set forth below are the final, certified voting results for each proposal presented at the Annual Meeting, as reported by Broadridge Financial Solutions, Inc., the Company's independent inspector of election.",https://www.sec.gov/Archives/edgar/data/63908/0000063908-23-000059.txt,2023-06-02,2023-06-01
NOW,0001373715,0001373715-23-000282,2023-06-02,shareholder_activity,shareholder_meetings,annual_meeting_results,"At the 2023 Annual Meeting, the shareholders were asked to vote on five Company proposals. A brief description of each proposal, along with the final voting results is set forth below: 1. The shareholders elected the individuals listed below as directors to serve until the next annual shareholders meeting... 2. The shareholders voted, by a non-binding, advisory vote, against the 2022 compensation of the Company's named executive officers... 3. The shareholders ratified the appointment of PricewaterhouseCoopers LLP as the Company's independent registered public accounting firm... 4. The shareholders approved the Restated 2021 Plan to increase the number of shares reserved for issuance... 5. The shareholders elected Deborah Black as a director to serve until the next annual shareholders meeting.",https://www.sec.gov/Archives/edgar/data/1373715/0001373715-23-000282.txt,2023-06-05,2023-06-02
NFLX,0001065280,0001065280-23-000173,2023-06-06,shareholder_activity,shareholder_meetings,annual_meeting_results,"On June 1, 2023, Netflix, Inc. (the ""Company"") held its 2023 annual meeting of stockholders (the ""Annual Meeting""). The following individuals were elected at the Annual Meeting to serve until the 2024 annual meeting of stockholders: Mathias Döpfner, Reed Hastings, Jay Hoag, and Ted Sarandos.",https://www.sec.gov/Archives/edgar/data/1065280/0001065280-23-000173.txt,2023-06-07,2023-06-06
BKNG,0001075531,0001075531-23-000036,2023-06-07,shareholder_activity,shareholder_meetings,annual_meeting_results,"The 2023 Annual Meeting of Stockholders of the Company was held virtually on June 6, 2023 at www.virtualshareholdermeeting.com/BKNG2023. The following proposals were voted on by the Company's stockholders with the following results: 1. The stockholders of the Company elected all of the Company's nominees for election to the Board of Directors to serve until the next annual meeting of stockholders and until their respective successors are elected and qualified.",https://www.sec.gov/Archives/edgar/data/1075531/0001075531-23-000036.txt,2023-06-08,2023-06-07
GOOGL,0001652044,0001193125-23-163590,2023-06-08,shareholder_activity,shareholder_meetings,annual_meeting_results,"At the 2023 Annual Meeting, Alphabet's stockholders voted on nineteen proposals as set forth below... The individuals listed below were elected at the 2023 Annual Meeting to serve as directors of Alphabet until the next annual meeting of stockholders or until their respective successors have been duly elected and qualified.",https://www.sec.gov/Archives/edgar/data/1652044/0001193125-23-163590.txt,2023-06-09,2023-06-08
CMCSA,0001166691,0000950103-23-008707,2023-06-09,shareholder_activity,shareholder_meetings,annual_meeting_results,"At our annual meeting of shareholders held on June 7, 2023, the shareholders of Comcast Corporation approved (i) the adoption of the Comcast Corporation 2023 Omnibus Equity Incentive Plan and (ii) amendments to the Comcast Corporation 2002 Employee Stock Purchase Plan...All of the director nominees named in the proxy statement were elected to serve as directors for one-year terms.",https://www.sec.gov/Archives/edgar/data/1166691/0000950103-23-008707.txt,2023-06-12,2023-06-09
PLTR,0001321655,0001321655-23-000061,2023-06-09,shareholder_activity,shareholder_meetings,annual_meeting_results,"On June 6, 2023, Palantir Technologies Inc. (the ""Company"") held its 2023 annual meeting of stockholders (the ""Annual Meeting""). Each of the following nominees was elected to serve as a director... The appointment of Ernst & Young as the Company's independent registered public accounting firm for the fiscal year ending December 31, 2023 was ratified. The stockholders approved, on an advisory basis, the compensation of the Company's named executive officers.",https://www.sec.gov/Archives/edgar/data/1321655/0001321655-23-000061.txt,2023-06-12,2023-06-09
UNH,0000731766,0000731766-23-000044,2023-06-09,shareholder_activity,shareholder_meetings,annual_meeting_results,"On June 5, 2023, the Company held its 2023 Annual Meeting of Shareholders (the ""Annual Meeting""). There were 842,090,464 shares of common stock represented at the Annual Meeting. The shareholders of the Company voted as follows on the following matters at the Annual Meeting: 1.Election of Directors. The nine directors were elected at the Annual Meeting for a one-year term based upon the following votes",https://www.sec.gov/Archives/edgar/data/731766/0000731766-23-000044.txt,2023-06-12,2023-06-09
CAT,0000018230,0001104659-23-072533,2023-06-20,shareholder_activity,shareholder_meetings,annual_meeting_results,"Set forth below are the voting results for each of the matters submitted to a vote of the Company's shareholders at the Annual Meeting. All nominees for election to the Company's Board of Directors named in the Proxy Statement were elected, each to a one-year term, with the following vote",https://www.sec.gov/Archives/edgar/data/18230/0001104659-23-072533.txt,2023-06-21,2023-06-20
TMUS,0001283699,0001193125-23-171171,2023-06-21,shareholder_activity,shareholder_meetings,annual_meeting_results,"On June 16, 2023, the Company held its Annual Meeting. At the Annual Meeting, the following six proposals were presented... Proposal 1 – Election of Directors. The following 13 director nominees were elected as directors, each to hold office until the Company's 2024 Annual Meeting of Stockholders, or until his/her successor is elected and qualified, by the votes set forth below.",https://www.sec.gov/Archives/edgar/data/1283699/0001193125-23-171171.txt,2023-06-22,2023-06-21
MET,0001099219,0001193125-23-173880,2023-06-23,shareholder_activity,shareholder_meetings,annual_meeting_results,"At MetLife, Inc.'s (the ""Company's"") annual meeting of common shareholders on June 20, 2023, the shareholders: elected fourteen Directors, each for a term expiring at the Company's 2024 annual meeting of shareholders; ratified the appointment of Deloitte & Touche LLP as the Company's independent auditor for 2023; approved, on an advisory basis, the compensation paid to the Company's Named Executive Officers as disclosed in the Company's 2023 Proxy Statement; and voted, on an advisory basis, on the frequency of future advisory votes to approve the compensation paid to the Company's Named Executive Officers.",https://www.sec.gov/Archives/edgar/data/1099219/0001193125-23-173880.txt,2023-06-26,2023-06-23
NVDA,0001045810,0001045810-23-000146,2023-06-27,shareholder_activity,shareholder_meetings,annual_meeting_results,"On June 22, 2023, at the 2023 Annual Meeting of Stockholders of NVIDIA Corporation, the following proposals were adopted by the margin indicated. Stockholders approved the election of each of our thirteen (13) director nominees to hold office until the 2024 Annual Meeting of Stockholders of NVIDIA Corporation and until his or her successor is elected or appointed.",https://www.sec.gov/Archives/edgar/data/1045810/0001045810-23-000146.txt,2023-06-28,2023-06-27
MA,0001141391,0001141391-23-000094,2023-06-29,shareholder_activity,shareholder_meetings,annual_meeting_results,"The holders of Class A common stock elected the following individuals to serve on the Board as directors for a one-year term expiring on the date of Mastercard's 2024 annual meeting of stockholders: Merit E. Janow, Candido Bracher, Richard K. Davis, Julius Genachowski, Choon Phong Goh, Oki Matsumoto, Michael Miebach, Youngme Moon, Rima Qureshi, Gabrielle Sulzberger, Harit Talwar, Lance Uggla.",https://www.sec.gov/Archives/edgar/data/1141391/0001141391-23-000094.txt,2023-06-30,2023-06-29
LIN,0001707925,0001654954-23-009793,2023-07-28,shareholder_activity,shareholder_meetings,annual_meeting_results,"The Linde plc AGM was held on July 24, 2023, at which shareholders voted upon the items set forth below. The total number of shares that were present or represented by proxy at the Annual Meeting was 411,082,505 which was 83.95% of the shares outstanding and entitled to vote and which constituted a quorum. The final voting results of the items submitted to a vote of the shareholders are set forth below.",https://www.sec.gov/Archives/edgar/data/1707925/0001654954-23-009793.txt,2023-07-31,2023-07-28
FDX,0001048911,0001193125-23-240637,2023-09-22,shareholder_activity,shareholder_meetings,annual_meeting_results,"FedEx's annual meeting of stockholders was held on September 21, 2023. The stockholders took the following actions at the annual meeting: Proposal 1: The stockholders elected thirteen directors, each of whom will hold office until the annual meeting of stockholders to be held in 2024 and until his or her successor is duly elected and qualified.",https://www.sec.gov/Archives/edgar/data/1048911/0001193125-23-240637.txt,2023-09-25,2023-09-22
PG,0000080424,0000080424-23-000088,2023-10-10,shareholder_activity,shareholder_meetings,annual_meeting_results,"According to preliminary voting results, Brett Biggs, former Executive Vice President and Chief Financial Officer of Walmart, Inc, and the Company's thirteen incumbent Director nominees were elected to the Company's Board of Directors at the Annual Meeting of Shareholders.",https://www.sec.gov/Archives/edgar/data/80424/0000080424-23-000088.txt,2023-10-11,2023-10-10
PG,0000080424,0000080424-23-000090,2023-10-13,shareholder_activity,shareholder_meetings,annual_meeting_results,"On October 10, 2023, The Procter & Gamble Company held its 2023 Annual Meeting of Shareholders. Set forth below are the final voting results for each of the proposals submitted to a vote of the shareholders.",https://www.sec.gov/Archives/edgar/data/80424/0000080424-23-000090.txt,2023-10-16,2023-10-13
ORCL,0001341439,0001193125-23-279837,2023-11-17,shareholder_activity,shareholder_meetings,annual_meeting_results,"Below is a brief description of each matter submitted to a vote at the Annual Meeting, as well as the final voting results with respect to each matter. Proposal No. 1: Election of Directors. The stockholders elected each of the following persons as a director to hold office until the 2024 Annual Meeting of Stockholders and until his or her successor is elected and qualified, or until his or her earlier resignation or removal.",https://www.sec.gov/Archives/edgar/data/1341439/0001193125-23-279837.txt,2023-11-20,2023-11-17
CSCO,0000858877,0001193125-23-291721,2023-12-08,shareholder_activity,shareholder_meetings,annual_meeting_results,"At the Meeting, Cisco's stockholders voted on the following six proposals and cast their votes as follows: Proposal 1: To elect nine members of Cisco's Board",https://www.sec.gov/Archives/edgar/data/858877/0001193125-23-291721.txt,2023-12-11,2023-12-08
MSFT,0000789019,0001193125-23-291720,2023-12-08,shareholder_activity,shareholder_meetings,annual_meeting_results,"On December 7, 2022, Microsoft Corporation (the ""Company"") held its 2023 Annual Shareholders Meeting (the ""Annual Meeting""). The results for each item submitted for a vote of shareholders are as follows. The shareholders: (1) Voted to elect each of the twelve (12) nominees for director.",https://www.sec.gov/Archives/edgar/data/789019/0001193125-23-291720.txt,2023-12-11,2023-12-08
