ticker,event_entry,control_entry
JBT,2023-05-19,2023-04-14
BBGI,2022-05-27,2022-04-22
BBGI,2022-05-27,2022-04-08
BBGI,2022-05-27,2022-04-01
FBAN,2022-05-13,2022-04-08
FBAN,2022-05-13,2022-04-01
AVPTW,2022-05-09,2022-04-04
FTAIM,2023-05-26,2023-04-21
FTAIM,2023-05-26,2023-04-14
JOB,2022-08-30,2022-07-12
JOB,2022-08-30,2022-07-05
NECB,2023-05-30,2023-04-25
NECB,2023-05-30,2023-04-18
NECB,2023-05-30,2023-04-11
NECB,2023-05-30,2023-04-04
UTMD,2023-05-09,2023-04-04
YTEN,2022-05-27,2022-04-22
YTEN,2022-05-27,2022-04-08
YTEN,2022-05-27,2022-04-01
GRNQ,2022-10-31,2022-11-28
MINDP,2022-08-01,2022-08-29
VTGN,2023-10-02,2023-11-27
PED,2022-08-29,2022-07-25
PED,2022-08-29,2022-07-18
PED,2022-08-29,2022-07-11
MCFT,2022-10-26,2022-11-30
SLDPW,2023-05-26,2023-04-21
SLDPW,2023-05-26,2023-04-14
AVNT,2023-05-17,2023-04-12
AVNT,2023-05-17,2023-04-05
BKR,2023-05-22,2023-04-17
BKR,2023-05-22,2023-04-10
BKR,2023-05-22,2023-04-03
TYL,2022-05-13,2022-04-08
TYL,2022-05-13,2022-04-01
PYCR,2022-10-31,2022-11-28
SZZLW,2023-08-14,2023-07-10
SZZLW,2023-08-14,2023-07-03
SGTX,2022-05-27,2022-04-22
ARDX,2022-07-18,2022-08-15
SHEN,2022-04-25,2022-05-23
CBRE,2022-05-24,2022-04-19
CBRE,2022-05-24,2022-04-12
SPSC,2023-05-15,2023-04-10
SPSC,2023-05-15,2023-04-03
BHE,2022-05-31,2022-04-19
WTS,2023-05-22,2023-04-17
WTS,2023-05-22,2023-04-10
WTS,2023-05-22,2023-04-03
VINC,2023-05-31,2023-04-05
SITC,2022-05-16,2022-04-11
SITC,2022-05-16,2022-04-04
DBD,2022-05-12,2022-04-07
PRMW,2022-05-13,2022-04-08
PRMW,2022-05-13,2022-04-01
EEFT,2023-05-23,2023-04-18
EEFT,2023-05-23,2023-04-11
EEFT,2023-05-23,2023-04-04
CLST,2022-05-20,2022-04-08
CLST,2022-05-20,2022-04-01
VPG,2022-05-25,2022-04-20
VPG,2022-05-25,2022-04-13
VPG,2022-05-25,2022-04-06
CORRPA,2023-05-25,2023-04-20
CORRPA,2023-05-25,2023-04-13
TBBK,2022-05-26,2022-04-21
TBBK,2022-05-26,2022-04-14
TBBK,2022-05-26,2022-04-07
TGAN,2023-10-12,2023-11-16
PAYX,2022-10-17,2022-11-14
PAYX,2022-10-17,2022-11-21
CIOPA,2022-05-09,2022-04-04
SCH,2022-05-19,2022-04-14
SCH,2022-05-19,2022-04-07
HYLN,2022-05-16,2022-04-11
HYLN,2022-05-16,2022-04-04
BHC,2023-05-18,2023-04-13
BHC,2023-05-18,2023-04-06
FAF,2022-05-16,2022-04-11
FAF,2022-05-16,2022-04-04
EFX,2023-05-09,2023-04-04
INTG,2022-05-31,2022-04-26
INTG,2022-05-31,2022-04-19
INTG,2022-05-31,2022-04-12
INTG,2022-05-31,2022-04-05
CVLG,2022-05-20,2022-04-01
VNT,2022-05-31,2022-04-19
HXL,2022-05-09,2022-04-04
HILS,2022-08-10,2022-07-06
FNB,2022-05-13,2022-04-08
FNB,2022-05-13,2022-04-01
ACLS,2022-05-12,2022-04-07
AMNB,2022-05-23,2022-04-11
VBFC,2023-05-24,2023-04-19
VBFC,2023-05-24,2023-04-12
VBFC,2023-05-24,2023-04-05
DOMO,2023-07-05,2023-08-09
DOMO,2023-07-05,2023-08-16
DOMO,2023-07-05,2023-08-23
DOMO,2023-07-05,2023-08-30
BANC,2023-05-16,2023-04-11
BANC,2023-05-16,2023-04-04
KRC,2023-05-25,2023-04-20
KRC,2023-05-25,2023-04-13
SPG,2022-05-13,2022-04-08
SPG,2022-05-13,2022-04-01
ANGO.V,2023-11-17,2023-10-13
ANGO.V,2023-11-17,2023-10-06
PAG,2022-05-13,2022-04-08
PAG,2022-05-13,2022-04-01
OXSQL,2022-08-31,2022-07-27
OXSQL,2022-08-31,2022-07-20
OXSQL,2022-08-31,2022-07-13
OXSQL,2022-08-31,2022-07-06
CLW,2022-05-19,2022-04-14
CLW,2022-05-19,2022-04-07
PWP,2022-05-26,2022-04-21
PWP,2022-05-26,2022-04-14
PWP,2022-05-26,2022-04-07
OPTT,2023-01-18,2023-02-22
OPTT,2023-01-18,2023-03-01
NNBR,2022-05-27,2022-04-22
NNBR,2022-05-27,2022-04-08
ARNC,2023-05-22,2023-04-03
ATAI,2022-05-31,2022-04-26
ATAI,2022-05-31,2022-04-19
ATAI,2022-05-31,2022-04-12
ATAI,2022-05-31,2022-04-05
DVAX,2023-05-30,2023-04-25
DVAX,2023-05-30,2023-04-18
DVAX,2023-05-30,2023-04-11
DVAX,2023-05-30,2023-04-04
DCO,2022-04-21,2022-05-26
HOMB,2022-04-25,2022-05-23
TRNO,2023-05-09,2023-04-04
DNOW,2022-05-26,2022-04-21
DNOW,2022-05-26,2022-04-14
DNOW,2022-05-26,2022-04-07
TG,2023-05-09,2023-04-04
UUUU,2022-05-27,2022-04-22
UUUU,2022-05-27,2022-04-08
UUUU,2022-05-27,2022-04-01
AVT,2022-11-21,2022-10-17
AVT,2022-11-21,2022-10-10
PIPR,2022-05-09,2022-04-04
PBBK,2023-05-26,2023-04-21
PBBK,2023-05-26,2023-04-14
FISV,2023-05-22,2023-04-17
FISV,2023-05-22,2023-04-10
FISV,2023-05-22,2023-04-03
FFBW,2022-05-31,2022-04-05
CAL,2022-05-31,2022-04-26
CAL,2022-05-31,2022-04-19
CAL,2022-05-31,2022-04-12
FRHC,2023-11-09,2023-10-05
ADTHW,2023-05-31,2023-04-26
ADTHW,2023-05-31,2023-04-19
ADTHW,2023-05-31,2023-04-12
ADTHW,2023-05-31,2023-04-05
CFFSU,2023-01-03,2023-01-31
CFFSU,2023-01-03,2023-02-07
CFFSU,2023-01-03,2023-02-14
CFFSU,2023-01-03,2023-02-21
CFFSU,2023-01-03,2023-02-28
DXR,2023-07-14,2023-08-18
DXR,2023-07-14,2023-08-25
CLX,2022-11-18,2022-10-14
CLX,2022-11-18,2022-10-07
DGICA,2023-05-17,2023-04-12
DGICA,2023-05-17,2023-04-05
KOSS,2022-10-24,2022-11-21
KOSS,2022-10-24,2022-11-28
DGICB,2022-04-26,2022-05-31
PTIX,2022-11-30,2022-10-26
PTIX,2022-11-30,2022-10-19
PTIX,2022-11-30,2022-10-12
PTIX,2022-11-30,2022-10-05
CRVLE,2023-08-16,2023-07-12
CRVLE,2023-08-16,2023-07-05
LFVN,2022-11-18,2022-10-14
LFVN,2022-11-18,2022-10-07
PXLW,2022-05-16,2022-04-11
PXLW,2022-05-16,2022-04-04
JBSS,2022-11-07,2022-10-03
CELC,2022-05-17,2022-04-12
CELC,2022-05-17,2022-04-05
ATO,2023-02-14,2023-01-10
ATO,2023-02-14,2023-01-03
PEGW,2022-04-25,2022-05-23
VERA,2023-05-18,2023-04-13
VERA,2023-05-18,2023-04-06
LPLA,2023-05-15,2023-04-10
LPLA,2023-05-15,2023-04-03
MOS,2023-05-31,2023-04-05
D,2022-05-13,2022-04-01
CRCT,2022-05-31,2022-04-26
CRCT,2022-05-31,2022-04-19
CRCT,2022-05-31,2022-04-12
CRCT,2022-05-31,2022-04-05
GIFI,2022-05-23,2022-04-18
GIFI,2022-05-23,2022-04-11
ULBI,2023-07-24,2023-08-21
ULBI,2023-07-24,2023-08-28
USBPQ,2023-04-21,2023-05-26
ISUN,2022-07-26,2022-08-30
PSN,2023-04-21,2023-05-26
OPOF,2023-05-26,2023-04-14
TMDX,2023-05-30,2023-04-04
UNVR,2022-05-06,2022-04-01
KEQU,2023-08-28,2023-07-17
KEQU,2023-08-28,2023-07-10
KEQU,2023-08-28,2023-07-03
RYN,2023-05-19,2023-04-14
HVT.A,2022-05-13,2022-04-08
HVT.A,2022-05-13,2022-04-01
RCB,2023-08-24,2023-07-20
RCB,2023-08-24,2023-07-13
RCB,2023-08-24,2023-07-06
PNFPP,2023-04-24,2023-05-22
RDVT,2022-05-27,2022-04-01
VRTS,2022-05-19,2022-04-14
VRTS,2022-05-19,2022-04-07
KE,2023-11-22,2023-10-18
KE,2023-11-22,2023-10-11
KE,2023-11-22,2023-10-04
MYOV,2022-10-24,2022-11-28
AXTI,2023-05-23,2023-04-18
AXTI,2023-05-23,2023-04-11
AXTI,2023-05-23,2023-04-04
ZIONP,2023-05-10,2023-04-05
DLA,2023-02-15,2023-01-11
MNKD,2022-05-13,2022-04-08
MNKD,2022-05-13,2022-04-01
NFE,2023-05-23,2023-04-18
NFE,2023-05-23,2023-04-11
NFE,2023-05-23,2023-04-04
PHIO,2022-08-15,2022-07-11
CTXR,2023-02-08,2023-01-04
NUVA,2022-05-13,2022-04-08
NUVA,2022-05-13,2022-04-01
TCPC,2022-05-27,2022-04-01
NRZ,2022-05-31,2022-04-26
NRZ,2022-05-31,2022-04-19
NRZ,2022-05-31,2022-04-12
NRZ,2022-05-31,2022-04-05
TBBKD,2023-05-25,2023-04-20
TBBKD,2023-05-25,2023-04-13
TBBKD,2023-05-25,2023-04-06
RELIW,2022-10-31,2022-11-28
FOSLL,2022-05-20,2022-04-08
FOSLL,2022-05-20,2022-04-01
SHC,2022-05-31,2022-04-12
SHC,2022-05-31,2022-04-05
ALG,2023-05-09,2023-04-04
TR,2022-05-13,2022-04-08
TR,2022-05-13,2022-04-01
NUWE,2023-05-23,2023-04-18
CFFSW,2023-01-03,2023-01-31
CFFSW,2023-01-03,2023-02-07
CFFSW,2023-01-03,2023-02-14
CFFSW,2023-01-03,2023-02-21
CFFSW,2023-01-03,2023-02-28
BF.AW,2022-08-01,2022-08-29
OXSQG,2022-08-31,2022-07-27
OXSQG,2022-08-31,2022-07-20
OXSQG,2022-08-31,2022-07-13
OXSQG,2022-08-31,2022-07-06
UHAL.B,2023-08-21,2023-07-17
UHAL.B,2023-08-21,2023-07-10
UHAL.B,2023-08-21,2023-07-03
CTHR,2022-11-22,2022-10-04
KNTK,2022-07-06,2022-08-24
KNTK,2022-07-06,2022-08-31
BLDE,2022-05-09,2022-04-04
CFFS,2023-01-03,2023-01-31
CFFS,2023-01-03,2023-02-07
CFFS,2023-01-03,2023-02-14
CFFS,2023-01-03,2023-02-21
CFFS,2023-01-03,2023-02-28
MCHP,2022-08-25,2022-07-21
MCHP,2022-08-25,2022-07-14
MCHP,2022-08-25,2022-07-07
CYBE,2022-05-16,2022-04-11
CYBE,2022-05-16,2022-04-04
TOVX,2023-10-04,2023-11-29
SQL,2022-07-01,2022-08-05
SQL,2022-07-01,2022-08-12
SQL,2022-07-01,2022-08-19
SQL,2022-07-01,2022-08-26
IPI,2023-05-24,2023-04-19
IPI,2023-05-24,2023-04-12
IPI,2023-05-24,2023-04-05
CNTE,2023-05-16,2023-04-11
CNTE,2023-05-16,2023-04-04
IHRT,2023-05-22,2023-04-17
IHRT,2023-05-22,2023-04-10
IHRT,2023-05-22,2023-04-03
VIVE,2022-05-10,2022-04-05
RITM,2023-05-26,2023-04-21
RITM,2023-05-26,2023-04-14
WHLRP,2023-05-23,2023-04-18
WHLRP,2023-05-23,2023-04-11
WHLRP,2023-05-23,2023-04-04
MAX,2023-05-22,2023-04-03
MTH,2023-05-19,2023-04-14
BLDEW,2022-05-09,2022-04-04
GOCO,2023-05-30,2023-04-25
GOCO,2023-05-30,2023-04-18
MRVI,2023-05-23,2023-04-18
VCEL,2023-05-08,2023-04-03
BARK,2022-11-22,2022-10-18
BARK,2022-11-22,2022-10-11
BARK,2022-11-22,2022-10-04
QUAD,2022-05-27,2022-04-22
QUAD,2022-05-27,2022-04-08
LTC,2023-05-30,2023-04-25
LTC,2023-05-30,2023-04-18
LTC,2023-05-30,2023-04-11
LTC,2023-05-30,2023-04-04
GDEN,2023-05-30,2023-04-25
GDEN,2023-05-30,2023-04-18
GDEN,2023-05-30,2023-04-11
SPXC,2022-05-12,2022-04-07
MLAB,2023-08-28,2023-07-24
MLAB,2023-08-28,2023-07-17
MLAB,2023-08-28,2023-07-10
MLAB,2023-08-28,2023-07-03
TCBI,2023-04-21,2023-05-26
XPOF,2023-05-17,2023-04-12
XPOF,2023-05-17,2023-04-05
ATHA,2023-05-23,2023-04-18
ATHA,2023-05-23,2023-04-11
ATHA,2023-05-23,2023-04-04
MAAPI,2022-05-20,2022-04-08
MAAPI,2022-05-20,2022-04-01
KFS,2022-05-23,2022-04-18
KFS,2022-05-23,2022-04-11
KFS,2022-05-23,2022-04-04
FIP,2023-05-26,2023-04-21
FIP,2023-05-26,2023-04-14
AVA,2022-05-19,2022-04-14
JEF,2022-04-04,2022-05-02
JEF,2022-04-04,2022-05-09
JEF,2022-04-04,2022-05-16
JEF,2022-04-04,2022-05-23
CFFI,2022-04-22,2022-05-27
RITMPD,2023-05-26,2023-04-21
RITMPD,2023-05-26,2023-04-14
AMN,2023-05-22,2023-04-03
DPSI,2022-11-22,2022-10-18
DPSI,2022-11-22,2022-10-11
DPSI,2022-11-22,2022-10-04
RAPT,2023-05-30,2023-04-25
RAPT,2023-05-30,2023-04-18
ENV,2022-05-23,2022-04-18
ENV,2022-05-23,2022-04-11
ENV,2022-05-23,2022-04-04
CRWS,2022-08-18,2022-07-14
CRWS,2022-08-18,2022-07-07
NOG,2022-05-31,2022-04-26
NOG,2022-05-31,2022-04-19
NOG,2022-05-31,2022-04-12
NOG,2022-05-31,2022-04-05
CHE,2023-05-17,2023-04-12
CHE,2023-05-17,2023-04-05
CATO,2022-05-24,2022-04-19
CATO,2022-05-24,2022-04-12
CATO,2022-05-24,2022-04-05
HCDIW,2023-07-18,2023-08-22
EBF,2023-07-17,2023-08-14
EBF,2023-07-17,2023-08-21
EBF,2023-07-17,2023-08-28
NHC,2022-05-11,2022-04-06
BXP,2022-05-23,2022-04-18
BXP,2022-05-23,2022-04-11
BXP,2022-05-23,2022-04-04
QRVO,2022-08-11,2022-07-07
SUM,2022-05-19,2022-04-14
SUM,2022-05-19,2022-04-07
NRZPB,2022-05-31,2022-04-26
NRZPB,2022-05-31,2022-04-19
NRZPB,2022-05-31,2022-04-12
NRZPB,2022-05-31,2022-04-05
DYN,2023-05-26,2023-04-21
DYN,2023-05-26,2023-04-14
COHU,2022-05-06,2022-04-01
BFS,2023-05-16,2023-04-11
BFS,2023-05-16,2023-04-04
POWI,2023-05-24,2023-04-19
POWI,2023-05-24,2023-04-12
POWI,2023-05-24,2023-04-05
MIND,2022-08-01,2022-08-29
ELMD,2023-11-16,2023-10-12
ELMD,2023-11-16,2023-10-05
VERY,2022-08-09,2022-07-05
FIZZ,2022-10-12,2022-11-16
FIZZ,2022-10-12,2022-11-23
FIZZ,2022-10-12,2022-11-30
GTX,2022-05-31,2022-04-26
SLDP,2023-05-26,2023-04-21
SLDP,2023-05-26,2023-04-14
EXTR,2022-11-21,2022-10-17
EXTR,2022-11-21,2022-10-10
EXTR,2022-11-21,2022-10-03
DTLAP,2022-11-11,2022-10-07
ALDX,2023-07-05,2023-08-09
ALDX,2023-07-05,2023-08-16
ALDX,2023-07-05,2023-08-23
ALDX,2023-07-05,2023-08-30
BGS,2022-05-20,2022-04-08
BGS,2022-05-20,2022-04-01
SFE,2023-05-26,2023-04-21
SFE,2023-05-26,2023-04-14
AVPT,2023-05-23,2023-04-18
AVPT,2023-05-23,2023-04-11
ONL,2022-05-31,2022-04-26
ONL,2022-05-31,2022-04-19
ONL,2022-05-31,2022-04-12
ONL,2022-05-31,2022-04-05
ENSC,2023-08-29,2023-07-25
ENSC,2023-08-29,2023-07-18
REPX,2023-04-25,2023-05-30
NMRK,2022-10-03,2022-11-07
NMRK,2022-10-03,2022-11-14
NMRK,2022-10-03,2022-11-21
NMRK,2022-10-03,2022-11-28
KODK,2023-05-23,2023-04-18
KODK,2023-05-23,2023-04-11
KODK,2023-05-23,2023-04-04
RGP,2023-10-23,2023-11-20
RGP,2023-10-23,2023-11-27
SKT,2022-05-16,2022-04-11
SKT,2022-05-16,2022-04-04
BMRN,2023-05-31,2023-04-26
BMRN,2023-05-31,2023-04-19
BMRN,2023-05-31,2023-04-12
BMRN,2023-05-31,2023-04-05
WHF,2022-08-11,2022-07-07
UPST,2023-05-30,2023-04-25
UPST,2023-05-30,2023-04-18
UPST,2023-05-30,2023-04-11
UPST,2023-05-30,2023-04-04
CVGI,2023-05-15,2023-04-03
IRNT.WS,2022-07-18,2022-08-15
EQHPA,2022-05-23,2022-04-04
NRZPC,2022-05-31,2022-04-26
NRZPC,2022-05-31,2022-04-19
NRZPC,2022-05-31,2022-04-12
NRZPC,2022-05-31,2022-04-05
OI,2023-05-11,2023-04-06
PETVW,2023-11-24,2023-10-20
NSYS,2022-05-16,2022-04-11
LNT,2022-05-25,2022-04-20
LNT,2022-05-25,2022-04-13
LNT,2022-05-25,2022-04-06
AIHS,2023-04-06,2023-05-11
AIHS,2023-04-06,2023-05-18
RELI,2023-11-17,2023-10-13
RELI,2023-11-17,2023-10-06
BKSC,2022-04-14,2022-05-19
BKSC,2022-04-14,2022-05-26
SNPO,2022-05-23,2022-04-18
SNPO,2022-05-23,2022-04-11
SNPO,2022-05-23,2022-04-04
CIO,2022-05-09,2022-04-04
HP,2023-03-02,2023-01-26
HP,2023-03-02,2023-01-19
HP,2023-03-02,2023-01-12
PCYO,2023-01-13,2023-02-17
PCYO,2023-01-13,2023-02-24
CPF,2022-04-26,2022-05-31
PACW,2023-05-08,2023-04-03
ELAN,2023-05-23,2023-04-04
AGYS,2023-08-24,2023-07-20
AGYS,2023-08-24,2023-07-13
AGYS,2023-08-24,2023-07-06
CNS,2023-05-09,2023-04-04
TSCO,2023-05-15,2023-04-03
FIVN,2022-05-20,2022-04-08
FIVN,2022-05-20,2022-04-01
AMRN,2023-07-26,2023-08-30
LNSR,2023-05-31,2023-04-12
LNSR,2023-05-31,2023-04-05
CVR,2022-05-12,2022-04-07
MTX,2022-05-20,2022-04-08
MTX,2022-05-20,2022-04-01
TIL,2022-05-23,2022-04-18
TIL,2022-05-23,2022-04-11
CHRWD,2022-05-10,2022-04-05
MTTR,2022-07-08,2022-08-12
MTTR,2022-07-08,2022-08-19
MTTR,2022-07-08,2022-08-26
BDN,2022-05-20,2022-04-08
BDN,2022-05-20,2022-04-01
NNAVW,2023-05-23,2023-04-04
ADTH,2022-05-26,2022-04-21
ADTH,2022-05-26,2022-04-14
ADTH,2022-05-26,2022-04-07
DCUE,2022-05-13,2022-04-01
IVAC,2023-05-22,2023-04-17
IVAC,2023-05-22,2023-04-10
IVAC,2023-05-22,2023-04-03
TSQ,2022-05-16,2022-04-11
SLNG,2023-08-21,2023-07-17
IONQ.WS,2022-05-27,2022-04-22
IONQ.WS,2022-05-27,2022-04-08
IONQ.WS,2022-05-27,2022-04-01
ALJJ,2022-08-23,2022-07-19
SOTK,2023-08-28,2023-07-24
SOTK,2023-08-28,2023-07-17
SOTK,2023-08-28,2023-07-10
SOTK,2023-08-28,2023-07-03
GBOX,2022-10-14,2022-11-18
GBOX,2022-10-14,2022-11-25
IBOC,2023-05-18,2023-04-13
IBOC,2023-05-18,2023-04-06
RSVR,2022-08-16,2022-07-12
RSVR,2022-08-16,2022-07-05
BECN,2023-05-22,2023-04-17
BECN,2023-05-22,2023-04-10
BECN,2023-05-22,2023-04-03
FBRTPE,2022-07-05,2022-08-30
SNDX,2022-05-12,2022-04-07
GMREPA,2023-05-11,2023-04-06
SLCA,2022-05-16,2022-04-11
SLCA,2022-05-16,2022-04-04
BARK.WS,2022-11-22,2022-10-18
BARK.WS,2022-11-22,2022-10-11
BARK.WS,2022-11-22,2022-10-04
WORX,2023-10-11,2023-11-22
HAFC,2023-05-26,2023-04-21
HAFC,2023-05-26,2023-04-14
DXPD,2022-05-18,2022-04-13
DXPD,2022-05-18,2022-04-06
ZION,2023-05-10,2023-04-05
KNSL,2022-05-27,2022-04-22
KNSL,2022-05-27,2022-04-08
KNSL,2022-05-27,2022-04-01
QSR,2023-05-24,2023-04-19
QSR,2023-05-24,2023-04-12
QSR,2023-05-24,2023-04-05
MEC,2022-04-22,2022-05-27
EMRW,2023-02-13,2023-01-09
EW,2023-05-16,2023-04-11
EW,2023-05-16,2023-04-04
WVVIP,2022-07-22,2022-08-26
BF.A,2022-08-01,2022-08-29
KALV,2022-10-18,2022-11-22
EVC,2022-05-31,2022-04-26
EVC,2022-05-31,2022-04-19
EVC,2022-05-31,2022-04-12
EVC,2022-05-31,2022-04-05
MGPI,2023-05-31,2023-04-26
MGPI,2023-05-31,2023-04-19
MGPI,2023-05-31,2023-04-12
MGPI,2023-05-31,2023-04-05
VRTX,2023-05-19,2023-04-14
NABL,2022-05-27,2022-04-22
NABL,2022-05-27,2022-04-08
NABL,2022-05-27,2022-04-01
ESS,2022-05-13,2022-04-08
EQHPC,2022-05-23,2022-04-04
IVT,2023-05-09,2023-04-04
HBB,2022-05-20,2022-04-08
HBB,2022-05-20,2022-04-01
CLWW,2022-05-19,2022-04-14
CLWW,2022-05-19,2022-04-07
CASS,2022-04-22,2022-05-27
CYN,2023-11-10,2023-10-06
NSA,2022-05-31,2022-04-26
NSA,2022-05-31,2022-04-19
NSA,2022-05-31,2022-04-12
NSA,2022-05-31,2022-04-05
SGRY,2022-05-23,2022-04-18
SGRY,2022-05-23,2022-04-11
SGRY,2022-05-23,2022-04-04
BCC,2023-05-08,2023-04-03
FL,2022-05-23,2022-04-18
FL,2022-05-23,2022-04-11
FL,2022-05-23,2022-04-04
CCAP,2022-05-18,2022-04-13
HCTI,2022-11-22,2022-10-18
HCTI,2022-11-22,2022-10-11
HCTI,2022-11-22,2022-10-04
FRZA,2023-10-16,2023-11-13
FRZA,2023-10-16,2023-11-20
FRZA,2023-10-16,2023-11-27
HDI,2022-05-19,2022-04-14
HDI,2022-05-19,2022-04-07
PDEX,2022-11-21,2022-10-17
PDEX,2022-11-21,2022-10-10
PDEX,2022-11-21,2022-10-03
FTAI,2023-05-26,2023-04-21
MOD,2023-08-22,2023-07-18
MOD,2023-08-22,2023-07-11
OCN,2023-05-24,2023-04-19
OCN,2023-05-24,2023-04-12
OCN,2023-05-24,2023-04-05
NCMI,2023-11-08,2023-10-04
OSBC,2022-05-19,2022-04-14
OSBC,2022-05-19,2022-04-07
FIZ,2022-10-12,2022-11-16
FIZ,2022-10-12,2022-11-23
FIZ,2022-10-12,2022-11-30
CDNS,2022-05-09,2022-04-04
GEOS,2023-02-10,2023-01-06
AMPS.WS,2022-05-27,2022-04-08
AMPS.WS,2022-05-27,2022-04-01
VISL,2023-08-28,2023-07-24
VISL,2023-08-28,2023-07-17
VISL,2023-08-28,2023-07-10
VISL,2023-08-28,2023-07-03
JKHY,2022-11-18,2022-10-14
JKHY,2022-11-18,2022-10-07
KMPH,2022-07-05,2022-08-02
KMPH,2022-07-05,2022-08-09
KMPH,2022-07-05,2022-08-16
KMPH,2022-07-05,2022-08-23
KMPH,2022-07-05,2022-08-30
LYB,2023-05-22,2023-04-10
NARI,2022-05-31,2022-04-26
NARI,2022-05-31,2022-04-19
PNFP,2023-04-24,2023-05-22
HEW,2023-05-11,2023-04-06
FTAIP,2023-05-26,2023-04-21
CTIB,2023-08-29,2023-07-25
CTIB,2023-08-29,2023-07-18
CTIB,2023-08-29,2023-07-11
LTR,2022-05-12,2022-04-07
FEIM,2023-10-11,2023-11-15
FEIM,2023-10-11,2023-11-22
FEIM,2023-10-11,2023-11-29
FWRG,2022-05-27,2022-04-22
NSAPA,2023-05-26,2023-04-21
CNC,2023-05-16,2023-04-11
CNC,2023-05-16,2023-04-04
CEADW,2022-10-12,2022-11-16
CEADW,2022-10-12,2022-11-23
CEADW,2022-10-12,2022-11-30
ISSC,2023-04-19,2023-05-24
ISSC,2023-04-19,2023-05-31
FB,2022-05-31,2022-04-26
FB,2022-05-31,2022-04-19
FB,2022-05-31,2022-04-12
FB,2022-05-31,2022-04-05
FSP,2022-05-16,2022-04-11
FSP,2022-05-16,2022-04-04
VHI,2022-05-27,2022-04-01
IRNT,2022-07-18,2022-08-15
CEAD,2022-10-12,2022-11-16
CEAD,2022-10-12,2022-11-23
CEAD,2022-10-12,2022-11-30
APEI,2022-05-25,2022-04-20
APEI,2022-05-25,2022-04-13
APEI,2022-05-25,2022-04-06
RCPE,2023-08-24,2023-07-20
RCPE,2023-08-24,2023-07-13
RCPE,2023-08-24,2023-07-06
SYK,2023-05-17,2023-04-12
SYK,2023-05-17,2023-04-05
CETXP,2023-05-30,2023-04-25
NRZPA,2022-05-31,2022-04-26
NRZPA,2022-05-31,2022-04-19
NRZPA,2022-05-31,2022-04-12
NRZPA,2022-05-31,2022-04-05
SMLR,2022-10-25,2022-11-29
FNA,2023-05-22,2023-04-03
HTCR,2022-08-19,2022-07-15
ICMB,2022-11-15,2022-10-11
RBKB,2023-05-24,2023-04-19
RBKB,2023-05-24,2023-04-12
RBKB,2023-05-24,2023-04-05
ZMHW,2023-05-17,2023-04-12
ZMHW,2023-05-17,2023-04-05
IMAC,2022-07-12,2022-08-16
IMAC,2022-07-12,2022-08-23
IMAC,2022-07-12,2022-08-30
ALTUU,2023-04-11,2023-05-30
ALTU,2023-04-11,2023-05-30
OTIS,2023-05-23,2023-04-18
OTIS,2023-05-23,2023-04-11
USBPA,2023-04-21,2023-05-26
RENT,2022-07-19,2022-08-23
RENT,2022-07-19,2022-08-30
ITT,2022-05-20,2022-04-08
ITT,2022-05-20,2022-04-01
FFBC,2023-05-26,2023-04-21
SMRT,2023-05-18,2023-04-13
SMRT,2023-05-18,2023-04-06
LANC,2023-11-10,2023-10-06
CHH,2022-05-31,2022-04-26
CHH,2022-05-31,2022-04-19
CHH,2022-05-31,2022-04-12
CHH,2022-05-31,2022-04-05
FBRT,2022-07-05,2022-08-30
CRVL,2023-08-16,2023-07-12
CRVL,2023-08-16,2023-07-05
KAI,2023-05-19,2023-04-14
CWH,2023-05-26,2023-04-21
CWH,2023-05-26,2023-04-14
CXW,2022-05-17,2022-04-12
CXW,2022-05-17,2022-04-05
NRC,2023-05-16,2023-04-11
NRC,2023-05-16,2023-04-04
PNNT,2023-02-13,2023-01-09
EMBC,2023-02-14,2023-01-10
EMBC,2023-02-14,2023-01-03
SPRB,2023-05-30,2023-04-18
SPRB,2023-05-30,2023-04-11
SPRB,2023-05-30,2023-04-04
INTA,2022-11-21,2022-10-03
DFIN,2023-05-22,2023-04-17
DFIN,2023-05-22,2023-04-10
DFIN,2023-05-22,2023-04-03
IP,2023-05-10,2023-04-05
MFIC,2023-07-17,2023-08-14
MFIC,2023-07-17,2023-08-21
MFIC,2023-07-17,2023-08-28
AZZW,2022-07-13,2022-08-17
AZZW,2022-07-13,2022-08-24
AZZW,2022-07-13,2022-08-31
CHUY,2022-08-01,2022-08-29
DEW,2023-02-28,2023-01-24
DEW,2023-02-28,2023-01-17
DEW,2023-02-28,2023-01-10
DEW,2023-02-28,2023-01-03
VTSI,2022-11-16,2022-10-12
VTSI,2022-11-16,2022-10-05
WVVI,2022-07-22,2022-08-26
AIKI,2022-05-26,2022-04-21
AIKI,2022-05-26,2022-04-14
AIKI,2022-05-26,2022-04-07
ARTNA,2023-05-15,2023-04-10
ARTNA,2023-05-15,2023-04-03
GBR,2022-11-16,2022-10-12
GBR,2022-11-16,2022-10-05
HVT,2022-05-13,2022-04-08
HVT,2022-05-13,2022-04-01
PGRE,2022-05-17,2022-04-12
PGRE,2022-05-17,2022-04-05
DSS,2023-10-30,2023-11-27
PDM,2022-05-12,2022-04-07
SCI,2023-05-08,2023-04-03
PLXS,2023-02-17,2023-01-13
PLXS,2023-02-17,2023-01-06
IDA,2023-05-24,2023-04-19
IDA,2023-05-24,2023-04-12
IDA,2023-05-24,2023-04-05
SPGPJ,2022-05-13,2022-04-08
SPGPJ,2022-05-13,2022-04-01
ATEX,2022-08-12,2022-07-08
ATEX,2022-08-12,2022-07-01
PLMR,2023-05-26,2023-04-21
PLMR,2023-05-26,2023-04-14
ZTS,2023-05-22,2023-04-03
UFCS,2023-05-19,2023-04-14
SCHWPD,2023-05-23,2023-04-04
MCVT,2023-11-07,2023-10-03
BDL,2023-03-02,2023-01-26
BDL,2023-03-02,2023-01-19
BDL,2023-03-02,2023-01-12
BDL,2023-03-02,2023-01-05
BZH,2023-02-10,2023-01-06
CSBR,2023-10-20,2023-11-24
CMCO,2023-07-25,2023-08-29
KPTI,2023-05-26,2023-04-21
KPTI,2023-05-26,2023-04-14
UHAE.Q,2023-08-21,2023-07-17
UHAE.Q,2023-08-21,2023-07-10
UHAE.Q,2023-08-21,2023-07-03
YUMC,2023-05-31,2023-04-26
YUMC,2023-05-31,2023-04-19
YUMC,2023-05-31,2023-04-12
YUMC,2023-05-31,2023-04-05
OZ,2023-11-21,2023-10-17
OZ,2023-11-21,2023-10-10
OZ,2023-11-21,2023-10-03
GSIT,2022-08-29,2022-07-25
GSIT,2022-08-29,2022-07-18
GSIT,2022-08-29,2022-07-11
NRZPD,2022-05-31,2022-04-26
NRZPD,2022-05-31,2022-04-19
NRZPD,2022-05-31,2022-04-12
NRZPD,2022-05-31,2022-04-05
ATLC,2023-05-16,2023-04-11
ATLC,2023-05-16,2023-04-04
SRI,2022-05-20,2022-04-01
PRPH,2022-05-23,2022-04-04
BEEM,2022-08-17,2022-07-13
BEEM,2022-08-17,2022-07-06
RH,2022-07-06,2022-08-10
RH,2022-07-06,2022-08-17
RH,2022-07-06,2022-08-24
RH,2022-07-06,2022-08-31
CDN,2023-05-09,2023-04-04
BFSPD,2023-05-16,2023-04-11
BFSPD,2023-05-16,2023-04-04
LVWR.WS,2023-05-22,2023-04-03
ENSG,2023-05-22,2023-04-17
ENSG,2023-05-22,2023-04-10
ENSG,2023-05-22,2023-04-03
DC,2023-05-23,2023-04-18
DC,2023-05-23,2023-04-11
DC,2023-05-23,2023-04-04
BEEMW,2022-08-17,2022-07-13
BEEMW,2022-08-17,2022-07-06
ABRPE,2023-05-22,2023-04-17
DW,2022-05-13,2022-04-01
NTZ,2022-05-31,2022-04-26
NTZ,2022-05-31,2022-04-19
NTZ,2022-05-31,2022-04-12
NTZ,2022-05-31,2022-04-05
CCRD,2022-05-31,2022-04-26
CCRD,2022-05-31,2022-04-19
CCRD,2022-05-31,2022-04-12
CCRD,2022-05-31,2022-04-05
SAVA,2022-05-10,2022-04-05
TCBC,2023-05-23,2023-04-18
TCBC,2023-05-23,2023-04-11
TCBC,2023-05-23,2023-04-04
KLAC,2022-11-07,2022-10-03
CMLS,2022-05-06,2022-04-01
RS,2022-05-23,2022-04-18
RS,2022-05-23,2022-04-11
RS,2022-05-23,2022-04-04
TCRR,2022-10-17,2022-11-14
TCRR,2022-10-17,2022-11-21
TCRR,2022-10-17,2022-11-28
ABRPF,2023-05-22,2023-04-17
BFSPE,2023-05-16,2023-04-11
BFSPE,2023-05-16,2023-04-04
CHRW,2023-05-09,2023-04-04
RUTH,2022-05-27,2022-04-01
IONQ,2022-05-27,2022-04-22
IONQ,2022-05-27,2022-04-08
IONQ,2022-05-27,2022-04-01
WHLR,2023-05-23,2023-04-18
WHLR,2023-05-23,2023-04-11
WHLR,2023-05-23,2023-04-04
SM,2023-05-31,2023-04-26
SM,2023-05-31,2023-04-19
SM,2023-05-31,2023-04-12
SM,2023-05-31,2023-04-05
LNKB,2023-05-26,2023-04-14
RITMPC,2023-05-26,2023-04-21
RITMPC,2023-05-26,2023-04-14
BOOM,2022-05-18,2022-04-13
BOOM,2022-05-18,2022-04-06
CBOE,2023-05-17,2023-04-12
CBOE,2023-05-17,2023-04-05
LVWR,2023-05-22,2023-04-03
ESCA,2023-05-11,2023-04-06
ZI,2023-05-22,2023-04-17
AKAM,2022-05-16,2022-04-11
AKAM,2022-05-16,2022-04-04
WSBF,2022-05-20,2022-04-08
WSBF,2022-05-20,2022-04-01
MSVB,2023-05-25,2023-04-20
MSVB,2023-05-25,2023-04-13
MSVB,2023-05-25,2023-04-06
GSAT,2022-05-24,2022-04-19
GSAT,2022-05-24,2022-04-12
GSAT,2022-05-24,2022-04-05
BAND,2022-05-24,2022-04-19
BAND,2022-05-24,2022-04-12
BAND,2022-05-24,2022-04-05
MKL,2023-05-22,2023-04-10
MKL,2023-05-22,2023-04-03
LTR.WD,2022-05-12,2022-04-07
HCDIZ,2023-07-18,2023-08-22
AMKR,2023-05-22,2023-04-17
AMKR,2023-05-22,2023-04-10
AMKR,2023-05-22,2023-04-03
RITMPB,2023-05-26,2023-04-21
RITMPB,2023-05-26,2023-04-14
EAF,2023-05-11,2023-04-06
RVSB,2023-08-29,2023-07-11
TRST,2022-05-24,2022-04-12
OEG,2022-07-27,2022-08-31
FPAY,2023-01-04,2023-02-08
FPAY,2023-01-04,2023-02-15
MRTX,2023-05-15,2023-04-10
MRTX,2023-05-15,2023-04-03
SWI,2023-05-30,2023-04-25
SWI,2023-05-30,2023-04-18
SWI,2023-05-30,2023-04-11
SWI,2023-05-30,2023-04-04
BNL,2022-05-06,2022-04-01
BSBK,2023-05-10,2023-04-05
LLAP.WS,2023-05-08,2023-04-03
THG,2022-05-12,2022-04-07
ACCD,2023-08-10,2023-07-06
NN,2022-05-24,2022-04-19
NN,2022-05-24,2022-04-12
NN,2022-05-24,2022-04-05
PETV,2023-11-24,2023-10-20
VKTX,2022-05-27,2022-04-22
VKTX,2022-05-27,2022-04-08
VKTX,2022-05-27,2022-04-01
CSPIE,2023-02-13,2023-01-09
WVVI.E,2022-07-22,2022-08-26
ALGN,2023-05-19,2023-04-14
BRY,2022-05-27,2022-04-22
PBFS,2022-11-17,2022-10-13
PBFS,2022-11-17,2022-10-06
WLFC,2022-05-27,2022-04-22
WLFC,2022-05-27,2022-04-08
PJCW,2023-05-19,2023-04-14
CCF,2023-02-10,2023-01-06
FLL,2023-05-23,2023-04-18
FLL,2023-05-23,2023-04-11
FLL,2023-05-23,2023-04-04
LLAP,2023-05-08,2023-04-03
MLKN,2022-10-19,2022-11-23
MLKN,2022-10-19,2022-11-30
PFX,2022-05-27,2022-04-22
PFX,2022-05-27,2022-04-08
PFX,2022-05-27,2022-04-01
CURIW,2022-07-15,2022-08-19
CURIW,2022-07-15,2022-08-26
ABRPD,2023-05-22,2023-04-17
MDU,2022-05-13,2022-04-08
MDU,2022-05-13,2022-04-01
DOCS,2023-07-31,2023-08-28
HNST,2022-05-31,2022-04-26
HNST,2022-05-31,2022-04-19
HNST,2022-05-31,2022-04-12
HNST,2022-05-31,2022-04-05
NHTC,2023-05-17,2023-04-12
NHTC,2023-05-17,2023-04-05
PTIXW,2022-11-30,2022-10-26
PTIXW,2022-11-30,2022-10-19
PTIXW,2022-11-30,2022-10-12
PTIXW,2022-11-30,2022-10-05
MAR,2022-05-12,2022-04-07
HUBB,2022-05-09,2022-04-04
IIIV,2023-02-28,2023-01-24
IIIV,2023-02-28,2023-01-17
IIIV,2023-02-28,2023-01-10
IIIV,2023-02-28,2023-01-03
INO,2022-05-18,2022-04-06
STC,2022-05-31,2022-04-12
STC,2022-05-31,2022-04-05
L,2022-05-12,2022-04-07
DGX,2022-05-23,2022-04-18
DGX,2022-05-23,2022-04-11
DGX,2022-05-23,2022-04-04
BRSP,2022-05-06,2022-04-01
CORR,2023-05-25,2023-04-20
CORR,2023-05-25,2023-04-13
PKE,2023-10-04,2023-11-08
PKE,2023-10-04,2023-11-15
PKE,2023-10-04,2023-11-22
PKE,2023-10-04,2023-11-29
FLR,2023-05-08,2023-04-03
INLX,2022-11-17,2022-10-13
INLX,2022-11-17,2022-10-06
CCS,2022-05-06,2022-04-01
HPW,2023-03-02,2023-01-26
HPW,2023-03-02,2023-01-19
HPW,2023-03-02,2023-01-12
RSVRW,2022-08-16,2022-07-12
RSVRW,2022-08-16,2022-07-05
PACK,2022-05-31,2022-04-26
PACK,2022-05-31,2022-04-19
PACK,2022-05-31,2022-04-12
PACK,2022-05-31,2022-04-05
QUBT,2023-11-10,2023-10-06
NODK,2022-05-26,2022-04-21
NODK,2022-05-26,2022-04-14
NODK,2022-05-26,2022-04-07
TMCI,2023-05-30,2023-04-25
TMCI,2023-05-30,2023-04-18
TMCI,2023-05-30,2023-04-11
TMCI,2023-05-30,2023-04-04
MVIS,2023-05-22,2023-04-17
MVIS,2023-05-22,2023-04-10
MVIS,2023-05-22,2023-04-03
MHO,2023-05-11,2023-04-06
PACWP,2023-05-08,2023-04-03
AUD,2022-05-17,2022-04-12
AUD,2022-05-17,2022-04-05
SZZL,2023-08-14,2023-07-10
SZZL,2023-08-14,2023-07-03
RFP,2022-05-31,2022-04-26
RFP,2022-05-31,2022-04-19
RFP,2022-05-31,2022-04-12
RFP,2022-05-31,2022-04-05
SMLP,2022-05-12,2022-04-07
STEL,2023-05-30,2023-04-25
STEL,2023-05-30,2023-04-18
STEL,2023-05-30,2023-04-11
STEL,2023-05-30,2023-04-04
WLFCE,2022-05-27,2022-04-22
WLFCE,2022-05-27,2022-04-08
PHMW,2022-05-09,2022-04-04
AORT,2022-05-23,2022-04-18
AORT,2022-05-23,2022-04-11
AORT,2022-05-23,2022-04-04
ELME,2023-05-31,2023-04-26
ELME,2023-05-31,2023-04-19
ELME,2023-05-31,2023-04-12
ELME,2023-05-31,2023-04-05
DALN,2022-05-13,2022-04-08
DOW,2022-04-19,2022-05-24
DOW,2022-04-19,2022-05-31
NEEPQ,2023-05-23,2023-04-18
AMPS,2022-05-27,2022-04-08
AMPS,2022-05-27,2022-04-01
TGI,2023-07-24,2023-08-21
TGI,2023-07-24,2023-08-28
DFNS,2022-07-18,2022-08-15
VECO,2022-05-13,2022-04-08
VECO,2022-05-13,2022-04-01
KITT,2023-05-16,2023-04-04
NSC,2023-05-16,2023-04-11
CBRL,2023-11-20,2023-10-16
CBRL,2023-11-20,2023-10-09
CBRL,2023-11-20,2023-10-02
ICUI,2023-05-23,2023-04-18
ICUI,2023-05-23,2023-04-11
ICUI,2023-05-23,2023-04-04
ATGE,2022-11-15,2022-10-11
ATGE,2022-11-15,2022-10-04
SCHWPJ,2022-05-19,2022-04-14
SCHWPJ,2022-05-19,2022-04-07
DH,2022-05-27,2022-04-01
OIS,2022-05-11,2022-04-06
HOG,2022-05-19,2022-04-14
HOG,2022-05-19,2022-04-07
SMMT,2023-05-26,2023-04-21
SMMT,2023-05-26,2023-04-14
COUP,2022-05-31,2022-04-26
COUP,2022-05-31,2022-04-19
SZZLU,2023-08-14,2023-07-10
SZZLU,2023-08-14,2023-07-03
EQH,2022-05-23,2022-04-04
HCDIP,2023-07-18,2023-08-22
ALTUW,2023-04-11,2023-05-30
OGE,2022-05-24,2022-04-19
OGE,2022-05-24,2022-04-12
OGE,2022-05-24,2022-04-05
YOSH,2023-11-27,2023-10-23
YOSH,2023-11-27,2023-10-16
YOSH,2023-11-27,2023-10-09
ZYXI,2023-05-18,2023-04-06
FNBPE,2023-05-16,2023-04-11
FNBPE,2023-05-16,2023-04-04
RITMPA,2023-05-26,2023-04-21
RITMPA,2023-05-26,2023-04-14
SGA,2023-05-10,2023-04-05
CONN,2022-05-26,2022-04-21
CONN,2022-05-26,2022-04-14
CONN,2022-05-26,2022-04-07
CSPI,2023-02-13,2023-01-09
AVTRPA,2022-05-16,2022-04-11
AVTRPA,2022-05-16,2022-04-04
BGCP,2023-01-03,2023-02-28
INDP,2022-10-03,2022-10-31
INDP,2022-10-03,2022-11-07
INDP,2022-10-03,2022-11-14
INDP,2022-10-03,2022-11-21
DX,2022-05-18,2022-04-13
DX,2022-05-18,2022-04-06
NEEPR,2023-05-23,2023-04-18
MCS,2022-05-17,2022-04-12
MCS,2022-05-17,2022-04-05
TDOC,2023-05-31,2023-04-26
TDOC,2023-05-31,2023-04-19
TDOC,2023-05-31,2023-04-12
TDOC,2023-05-31,2023-04-05
ITW,2023-05-11,2023-04-06
HES,2023-05-19,2023-04-14
AVGR,2022-10-17,2022-11-14
AVGR,2022-10-17,2022-11-21
OTRKP,2023-10-03,2023-11-21
OTRKP,2023-10-03,2023-11-28
FOSL,2022-05-20,2022-04-08
FOSL,2022-05-20,2022-04-01
AGS,2022-07-06,2022-08-17
AGS,2022-07-06,2022-08-24
AGS,2022-07-06,2022-08-31
MTEM,2023-10-30,2023-11-27
LPTV,2023-08-17,2023-07-13
LPTV,2023-08-17,2023-07-06
BKU,2022-05-20,2022-04-01
AMOT,2023-05-11,2023-04-06
BBCP,2022-04-18,2022-05-16
BBCP,2022-04-18,2022-05-23
SSY,2022-11-16,2022-10-12
SSY,2022-11-16,2022-10-05
KITTW,2023-05-16,2023-04-04
DC.WS,2023-05-23,2023-04-18
DC.WS,2023-05-23,2023-04-11
DC.WS,2023-05-23,2023-04-04
NEPH,2022-05-23,2022-04-11
NEPH,2022-05-23,2022-04-04
ADEA,2023-05-30,2023-04-25
ADEA,2023-05-30,2023-04-18
ADEA,2023-05-30,2023-04-11
ADEA,2023-05-30,2023-04-04
BRZE,2022-07-05,2022-08-02
BRZE,2022-07-05,2022-08-09
BRZE,2022-07-05,2022-08-16
BRZE,2022-07-05,2022-08-23
BRZE,2022-07-05,2022-08-30
SYN,2022-10-04,2022-11-15
SYN,2022-10-04,2022-11-22
SYN,2022-10-04,2022-11-29
ABR,2023-05-22,2023-04-17
DXPC,2022-05-18,2022-04-13
DXPC,2022-05-18,2022-04-06
ATRI,2023-05-26,2023-04-21
ATRI,2023-05-26,2023-04-14
CFB,2022-05-09,2022-04-04
