window,group,horizon,n_events,difference,ci_lo,ci_hi,dependence_clusters,bucket,delay,otm,stale,cost,control_rule,class_filter,n_companies,company_only_ci_lo,company_only_ci_hi,incremental_net,ordinary_incremental_net,covered_net,entry_premium,ordinary_entry_premium,exit_premium,ordinary_exit_premium,stock_return,ordinary_stock_return,absolute_move,ordinary_absolute_move,upside,ordinary_upside,downside,ordinary_downside,upside_tail,ordinary_upside_tail,downside_tail,ordinary_downside_tail,max_upside,max_downside,intrinsic_upside_surrendered,ordinary_intrinsic_upside_surrendered,call_buyback_value,ordinary_call_buyback_value,entry_volume,exit_volume,capacity_contracts,moneyness,event_earnings_near,ordinary_earnings_near,entry_premium_gap,buyback_value_gap,upside_gap,stock_return_q0.05,stock_return_q0.5,stock_return_q0.95,largest_upside,worst_downside
in_sample,ceo_appointment,1,3,0.005783498721615,,,3,3-6m,0.0,0.05,3.0,0.05,all_disclosures_30d,routine,3.0,,,-0.0014021650625854,-0.0071856637842004,-0.0019408568186456,0.0417162883300192,0.0456808332841036,0.0389982022665927,0.0481063839381351,-0.0005386917560601,0.0090939869233956,0.0017915661100387,0.0090939869233956,0.0006264371769892,0.0090939869233956,-0.0011651289330494,0.0,0.0,0.0,0.0,0.0,0.0006264371769892,-0.0011651289330494,0.0,0.0,0.0389982022665927,0.0481063839381351,39.333333333333336,72.0,0.0,0.0604030795530941,0.0,0.0,-0.0039645449540843,-0.0091081816715424,-0.0084675497464063,-0.0030669215209699,0.000789265982636,0.0010599675917622,0.0010900455483318,-0.0034953867991484
in_sample,ceo_appointment,2,3,0.0026032467988107,,,3,3-6m,0.0,0.05,3.0,0.05,all_disclosures_30d,routine,3.0,,,-0.0025513775838975,-0.0051546243827083,-0.0002005791047486,0.0417162883300192,0.0456808332841036,0.040092690382128,0.0461720606986189,0.0023507984791489,0.0014230792933981,0.0123821665300591,0.0120213097711274,0.007366482504604,0.0067221945322627,-0.005015684025455,-0.0052991152388646,0.0,0.0,0.0,0.0,0.0077298310207146,-0.005015684025455,0.0,0.0,0.040092690382128,0.0461720606986189,39.333333333333336,64.0,0.3333333333333333,0.0604030795530941,0.0,0.0,-0.0039645449540843,-0.0060793703164908,0.0006442879723412,-0.0106459401260184,-0.0036205084283879,0.019527451919592,0.022099447513812,-0.0114265436479773
in_sample,ceo_appointment,3,3,0.0101033476720863,,,3,3-6m,0.0,0.05,3.0,0.05,all_disclosures_30d,routine,3.0,,,0.0002800396620917,-0.0098233080099945,-0.0112593015182125,0.0417162883300192,0.0456808332841036,0.0373961025288048,0.050618426057939,-0.0115393411803043,0.0257285195839119,0.0214314748293441,0.0349828601064735,0.0049460668245198,0.0303556898451927,-0.0164854080048242,-0.0046271702612807,0.0,0.1666666666666666,0.0,0.0,0.0077298310207146,-0.0164854080048242,0.0,0.0158517501513205,0.0373961025288048,0.050618426057939,39.333333333333336,67.33333333333333,0.3333333333333333,0.0604030795530941,0.0,0.0,-0.0039645449540843,-0.0132223235291342,-0.0254096230206728,-0.0284090716562378,-0.0201269124459844,0.0113416891816052,0.0148382004735596,-0.0293293115684882
in_sample,ceo_appointment,5,3,0.011459931788915,,,2,3-6m,0.0,0.05,3.0,0.05,all_disclosures_30d,routine,3.0,,,-0.0038976167178694,-0.0153575485067845,-0.0001307898759012,0.0417162883300192,0.0456808332841036,0.0413748228906727,0.0558891312929771,0.0037668268419682,0.0238795152591805,0.0322267274807191,0.0270675701421506,0.0179967771613436,0.0254735427006655,-0.0142299503193754,-0.001594027441485,0.3333333333333333,0.1666666666666666,0.0,0.0,0.0179967771613436,-0.0209389211347035,0.0,0.0050194133191608,0.0413748228906727,0.0558891312929771,39.333333333333336,11.0,0.0,0.0604030795530941,0.0,0.0,-0.0039645449540843,-0.0145143084023044,-0.0074767655393218,-0.0383099147975728,0.001109510647409,0.0477036898177007,0.052880820836622,-0.0426898509581263
in_sample,ceo_appointment,10,2,-0.0333308533381351,,,2,3-6m,0.0,0.05,3.0,0.05,all_disclosures_30d,routine,2.0,,,-0.0297611353502207,0.0035697179879143,0.0291367240081547,0.0399520052416577,0.0289848402256128,0.0643812223215739,0.0227365041254714,0.0588978593583755,-0.0241845738875361,0.0789079812098958,0.0256978910788195,0.0689029202841357,0.0007566585956416,-0.0100050609257601,-0.0249412324831778,0.5,0.0,0.0,0.25,0.0694576756078402,-0.0100634562229922,0.0361483820047355,0.0,0.0643812223215739,0.0227365041254714,57.5,28.0,0.0,0.0583122133679663,0.0,0.0,0.0109671650160449,0.0416447181961025,0.068146261688494,-0.0121193237305307,0.0588978593583755,0.1299150424472818,0.1378058405682714,-0.0200101218515202
in_sample,ceo_appointment,21,3,-0.0192150021332983,,,2,3-6m,0.0,0.05,3.0,0.05,all_disclosures_30d,routine,3.0,,,-0.0024875817005402,0.0167274204327581,-0.0082527543521244,0.0417162883300192,0.0400027723906054,0.0400319323979782,0.0201952431751231,-0.0057651726515841,-0.0418917442804224,0.084481299986496,0.0440382287576748,0.0393580636674559,0.0010732422386262,-0.0451232363190401,-0.0429649865190486,0.3333333333333333,0.0,0.3333333333333333,0.3333333333333333,0.0489886214128564,-0.0466739558788693,0.0175217048145224,0.0,0.0400319323979782,0.0201952431751231,39.333333333333336,87.66666666666667,0.0,0.0604030795530941,0.0,0.0,0.0017135159394138,0.019836689222855,0.0382848214288296,-0.0866242668502898,-0.044010589013898,0.1018657130007411,0.1180741910023677,-0.0913591199432222
in_sample,ceo_appointment,42,3,-0.0817096701848339,,,2,3-6m,0.0,0.05,3.0,0.05,all_disclosures_30d,routine,3.0,,,-0.0541061060426376,0.0276035641421962,-0.0103644405438875,0.0417162883300192,0.0400027723906054,0.0891924317714043,0.0098370110708963,0.0437416654987501,-0.020010164102759,0.1461031121913314,0.0292050132619257,0.0949223888450407,0.0045974245795833,-0.0511807233462906,-0.0246075886823424,0.3333333333333333,0.0,0.6666666666666666,0.3333333333333333,0.1025008550355873,-0.0566574207676296,0.0730860299921073,0.0,0.0891924317714043,0.0098370110708963,39.333333333333336,1.6666666666666667,0.0,0.0604030795530941,0.0,0.0,0.0017135159394138,0.0793554207005079,0.0903249642654574,-0.0792009167909702,-0.0737337953050181,0.2489170703511082,0.2847671665351223,-0.0798083747338538
in_sample,ceo_appointment,63,3,-0.0099782218246072,,,2,3-6m,0.0,0.05,3.0,0.05,all_disclosures_30d,routine,3.0,,,0.0029281390277778,0.012906360852385,-0.0223623555111999,0.0417162883300192,0.0456808332841036,0.0348741031329134,0.0289711223794823,-0.0252904945389777,-0.0284645854152467,0.135682496643687,0.0898268657015217,0.0551960010523546,0.0306811401431374,-0.0804864955913324,-0.0591457255583842,0.3333333333333333,0.1666666666666666,0.6666666666666666,0.5,0.1029744146251689,-0.0909167284811349,0.0333596421994212,0.0174572242644344,0.0348741031329134,0.0289711223794823,39.333333333333336,14.0,0.0,0.0604030795530941,0.0,0.0,-0.0039645449540843,0.005902980753431,0.0245148609092172,-0.1409947776341067,-0.0953984505781134,0.1394893577835462,0.165588003157064,-0.1460610361958837
in_sample,ceo_appointment,exp,2,-0.0621360508464187,,,2,3-6m,0.0,0.05,3.0,0.05,all_disclosures_30d,routine,2.0,,,-0.0347677561724566,0.027368294673962,0.0479790851735276,0.0399520052416577,0.0289848402256128,0.0691494326284652,7.119299590217231e-05,0.0827468413459843,-0.0173067911793999,0.1234094333185774,0.0273162263026719,0.1030781373322808,0.005004717561636,-0.0203312959862965,-0.0223115087410359,0.5,0.0,0.0,0.25,0.1544616219377533,-0.0531689181297933,0.0703235990528808,0.0,0.0691494326284652,7.119299590217231e-05,57.5,110.0,0.0,0.0583122133679663,0.0,0.0,0.0109671650160449,0.0690782396325631,0.0980734197706448,-0.0283216486407353,0.0827468413459843,0.193815331332704,0.2061562746645617,-0.0406625919725931
in_sample,cfo_appointment,1,3,0.0056542232193689,,,3,3-6m,0.0,0.05,3.0,0.05,all_disclosures_30d,routine,3.0,,,0.0015937512559315,-0.0040604719634374,-0.0059923570067396,0.0393154343002623,0.032863978630566,0.0339663348260227,0.0335138276125781,-0.0075861082626712,0.0031651996517524,0.0122033605063892,0.0063398028263555,0.002308626121859,0.0047525012390539,-0.0098947343845302,-0.0015873015873015,0.0,0.0,0.0,0.0,0.002308626121859,-0.0098947343845302,0.0,0.0,0.0339663348260227,0.0335138276125781,27.666666666666668,121.33333333333331,0.0,0.0557873713025676,0.0,0.0,0.0064514556696962,0.0004525072134445,-0.0024438751171949,-0.0185840359309746,-0.0101646836340713,0.0052168221656121,0.006925878365577,-0.0195195195195194
in_sample,cfo_appointment,2,3,0.0037269177956643,,,3,3-6m,0.0,0.05,3.0,0.05,all_disclosures_30d,routine,3.0,,,0.0015326947553193,-0.0021942230403449,-0.003332877945346,0.0393154343002623,0.032863978630566,0.0340244838742248,0.0317364476858234,-0.0048655727006653,-0.0031668211304317,0.0188015346399113,0.0121303643663461,0.0069679809696229,0.0044817716179571,-0.0118335536702883,-0.0076485927483889,0.0,0.0,0.0,0.0,0.0069679809696229,-0.0118466863364822,0.0,0.0,0.0340244838742248,0.0317364476858234,27.666666666666668,203.66666666666663,0.0,0.0557873713025676,0.0,0.0,0.0064514556696962,0.0022880361884014,0.0024862093516657,-0.0238503664013868,-0.0101252856354896,0.017801020054433,0.0209039429088688,-0.0253753753753753
in_sample,cfo_appointment,3,3,0.0024172416093335,,,3,3-6m,0.0,0.05,3.0,0.05,all_disclosures_30d,routine,3.0,,,0.0011252975622078,-0.0012919440471257,-0.0060240411972718,0.0393154343002623,0.032863978630566,0.0344124812009976,0.0308771343589479,-0.0071493387594797,-0.006383362905079,0.0171557243210935,0.0151209344627772,0.0050031927808068,0.0043687857788491,-0.0121525315402866,-0.0107521486839281,0.0,0.0,0.0,0.0,0.0069679809696229,-0.013553932941688,0.0,0.0,0.0344124812009976,0.0308771343589479,27.666666666666668,436.3333333333333,0.0,0.0557873713025676,0.0,0.0,0.0064514556696962,0.0035353468420497,0.0006344070019577,-0.0205826963990229,-0.0152864234496887,0.0119799781632097,0.0150095783424206,-0.0211711711711711
in_sample,cfo_appointment,5,3,0.0056392557498689,,,3,3-6m,0.0,0.05,3.0,0.05,all_disclosures_30d,routine,3.0,,,0.0040876275648,-0.0015516281850688,-0.0212990626803717,0.0393154343002623,0.032863978630566,0.0315912145318623,0.0311244525855605,-0.0253866902451717,-0.0038337127757738,0.0253866902451717,0.0175692570142926,0.0,0.0068677721192593,-0.0253866902451717,-0.0107014848950332,0.0,0.0,0.0,0.0,0.0082681149228181,-0.0263191095449379,0.0,0.0,0.0315912145318623,0.0311244525855605,27.666666666666668,5.333333333333333,0.0,0.0557873713025676,0.0,0.0,0.0064514556696962,0.0004667619463017,-0.0068677721192593,-0.044925649077071,-0.015472706986927,-0.0127875196940437,-0.01248916555039,-0.0481981981981981
in_sample,cfo_appointment,10,3,0.0156919260149336,,,3,3-6m,0.0,0.05,3.0,0.05,all_disclosures_30d,routine,3.0,,,0.0169254334489623,0.0012335074340286,-0.0241272712465326,0.0393154343002623,0.032863978630566,0.0193647327374219,0.0284719424721342,-0.0410527046954949,-0.0099356640793788,0.0410527046954949,0.0184974798873531,0.0,0.0042809079039871,-0.0410527046954949,-0.0142165719833659,0.0,0.0,0.3333333333333333,0.0,0.0082681149228181,-0.0461129720361467,0.0,0.0,0.0193647327374219,0.0284719424721342,27.666666666666668,7.666666666666667,0.0,0.0557873713025676,0.0,0.0,0.0064514556696962,-0.0091072097347122,-0.0042809079039871,-0.0608929308020944,-0.042713091804728,-0.0200502076124323,-0.0175321093688439,-0.0629129129129129
in_sample,cfo_appointment,21,3,-0.01233873666057,,,3,3-6m,0.0,0.05,3.0,0.05,all_disclosures_30d,routine,3.0,,,-0.0081950091107396,0.0041437275498304,0.0187626448398819,0.0393154343002623,0.032863978630566,0.043288963746662,0.0257003042666087,0.0269576539506215,-0.0146775739222957,0.0481788751718427,0.0352158886757355,0.0375682645612321,0.0102691573767198,-0.0106106106106105,-0.0249467312990156,0.6666666666666666,0.0,0.0,0.3333333333333333,0.0375682645612321,-0.048365224288399,0.0,0.0,0.043288963746662,0.0257003042666087,27.666666666666668,46.0,0.0,0.0557873713025676,0.0,0.0,0.0064514556696962,0.0175886594800532,0.0272991071845122,-0.0233942436637001,0.0525440498494833,0.0593990744357401,0.0601607438342131,-0.0318318318318316
in_sample,cfo_appointment,42,3,0.0556947630318312,,,3,3-6m,0.0,0.05,3.0,0.05,all_disclosures_30d,routine,3.0,,,0.0069171071152159,-0.0487776559166152,0.0146815649388538,0.0393154343002623,0.032863978630566,0.0288964721028947,0.0761016218536998,0.0077644578236378,0.1141652692849708,0.0408001417613699,0.1141652692849708,0.0242822997925039,0.1141652692849708,-0.016517841968866,0.0,0.3333333333333333,1.0,0.0,0.0,0.0449488229621987,-0.0485153744385491,0.0030336458907887,0.0503015349524176,0.0288964721028947,0.0761016218536998,27.666666666666668,29.0,0.0,0.0557873713025676,0.0,0.0,0.0064514556696962,-0.0472051497508051,-0.0898829694924669,-0.0357061033414104,-0.0111150874681598,0.0644507006929446,0.0728468993775117,-0.0384384384384383
in_sample,cfo_appointment,63,3,0.0524569838627188,,,3,3-6m,0.0,0.05,3.0,0.05,all_disclosures_30d,routine,3.0,,,-0.056801342929654,-0.1092583267923729,0.083845850976754,0.0393154343002623,0.032863978630566,0.0895807102408661,0.1337022607829929,0.1406471939064081,0.1933419338349779,0.1406471939064081,0.1933419338349779,0.1406471939064081,0.1933419338349779,0.0,0.0,1.0,1.0,0.0,0.0,0.1489733042733348,-0.0485153744385491,0.0848598226038405,0.1294781995024247,0.0895807102408661,0.1337022607829929,27.666666666666668,45.333333333333336,0.0,0.0557873713025676,0.0,0.0,0.0064514556696962,-0.0441215505421267,-0.0526947399285698,0.0947431250492476,0.1379717910330153,0.1884240447749434,0.1940298507462687,0.0899399399399401
in_sample,cfo_appointment,exp,3,-0.0618972697448028,,,3,3-6m,0.0,0.05,3.0,0.05,all_disclosures_30d,routine,3.0,,,-0.1112810649510877,-0.0493837952062849,0.0972561535985597,0.0393154343002623,0.032863978630566,0.1414661597850887,0.076678897367671,0.2085372185496474,0.1413980529809938,0.2085372185496474,0.1413980529809938,0.2085372185496474,0.1413980529809938,0.0,0.0,1.0,1.0,0.0,0.0,0.2089161419860619,-0.0485153744385491,0.1527498472470798,0.0775343186484406,0.1414661597850887,0.076678897367671,27.666666666666668,76.33333333333333,0.0,0.0557873713025676,0.0,0.0,0.0064514556696962,0.0647872624174177,0.0671391655686535,0.1813521393113229,0.2108108108108108,0.2341307832051576,0.2367218912489739,0.1780789535891576
in_sample,ceo_resignation,1,0,,,,0,,,,,,,,,,,,,,,,,,,,,,,,,,,,,,,,,,,,,,,,,,,,,,,,,
in_sample,ceo_resignation,2,0,,,,0,,,,,,,,,,,,,,,,,,,,,,,,,,,,,,,,,,,,,,,,,,,,,,,,,
in_sample,ceo_resignation,3,0,,,,0,,,,,,,,,,,,,,,,,,,,,,,,,,,,,,,,,,,,,,,,,,,,,,,,,
in_sample,ceo_resignation,5,0,,,,0,,,,,,,,,,,,,,,,,,,,,,,,,,,,,,,,,,,,,,,,,,,,,,,,,
in_sample,ceo_resignation,10,0,,,,0,,,,,,,,,,,,,,,,,,,,,,,,,,,,,,,,,,,,,,,,,,,,,,,,,
in_sample,ceo_resignation,21,0,,,,0,,,,,,,,,,,,,,,,,,,,,,,,,,,,,,,,,,,,,,,,,,,,,,,,,
in_sample,ceo_resignation,42,0,,,,0,,,,,,,,,,,,,,,,,,,,,,,,,,,,,,,,,,,,,,,,,,,,,,,,,
in_sample,ceo_resignation,63,0,,,,0,,,,,,,,,,,,,,,,,,,,,,,,,,,,,,,,,,,,,,,,,,,,,,,,,
in_sample,ceo_resignation,exp,0,,,,0,,,,,,,,,,,,,,,,,,,,,,,,,,,,,,,,,,,,,,,,,,,,,,,,,
in_sample,cfo_resignation,1,0,,,,0,,,,,,,,,,,,,,,,,,,,,,,,,,,,,,,,,,,,,,,,,,,,,,,,,
in_sample,cfo_resignation,2,0,,,,0,,,,,,,,,,,,,,,,,,,,,,,,,,,,,,,,,,,,,,,,,,,,,,,,,
in_sample,cfo_resignation,3,0,,,,0,,,,,,,,,,,,,,,,,,,,,,,,,,,,,,,,,,,,,,,,,,,,,,,,,
in_sample,cfo_resignation,5,0,,,,0,,,,,,,,,,,,,,,,,,,,,,,,,,,,,,,,,,,,,,,,,,,,,,,,,
in_sample,cfo_resignation,10,0,,,,0,,,,,,,,,,,,,,,,,,,,,,,,,,,,,,,,,,,,,,,,,,,,,,,,,
in_sample,cfo_resignation,21,0,,,,0,,,,,,,,,,,,,,,,,,,,,,,,,,,,,,,,,,,,,,,,,,,,,,,,,
in_sample,cfo_resignation,42,0,,,,0,,,,,,,,,,,,,,,,,,,,,,,,,,,,,,,,,,,,,,,,,,,,,,,,,
in_sample,cfo_resignation,63,0,,,,0,,,,,,,,,,,,,,,,,,,,,,,,,,,,,,,,,,,,,,,,,,,,,,,,,
in_sample,cfo_resignation,exp,0,,,,0,,,,,,,,,,,,,,,,,,,,,,,,,,,,,,,,,,,,,,,,,,,,,,,,,
out_of_sample,ceo_appointment,1,0,,,,0,,,,,,,,,,,,,,,,,,,,,,,,,,,,,,,,,,,,,,,,,,,,,,,,,
out_of_sample,ceo_appointment,2,0,,,,0,,,,,,,,,,,,,,,,,,,,,,,,,,,,,,,,,,,,,,,,,,,,,,,,,
out_of_sample,ceo_appointment,3,0,,,,0,,,,,,,,,,,,,,,,,,,,,,,,,,,,,,,,,,,,,,,,,,,,,,,,,
out_of_sample,ceo_appointment,5,0,,,,0,,,,,,,,,,,,,,,,,,,,,,,,,,,,,,,,,,,,,,,,,,,,,,,,,
out_of_sample,ceo_appointment,10,0,,,,0,,,,,,,,,,,,,,,,,,,,,,,,,,,,,,,,,,,,,,,,,,,,,,,,,
out_of_sample,ceo_appointment,21,0,,,,0,,,,,,,,,,,,,,,,,,,,,,,,,,,,,,,,,,,,,,,,,,,,,,,,,
out_of_sample,ceo_appointment,42,0,,,,0,,,,,,,,,,,,,,,,,,,,,,,,,,,,,,,,,,,,,,,,,,,,,,,,,
out_of_sample,ceo_appointment,63,0,,,,0,,,,,,,,,,,,,,,,,,,,,,,,,,,,,,,,,,,,,,,,,,,,,,,,,
out_of_sample,ceo_appointment,exp,0,,,,0,,,,,,,,,,,,,,,,,,,,,,,,,,,,,,,,,,,,,,,,,,,,,,,,,
out_of_sample,cfo_appointment,1,1,-0.0085049326610878,,,1,3-6m,0.0,0.05,3.0,0.05,all_disclosures_30d,routine,1.0,,,-0.0129097928039328,-0.0044048601428449,0.0047335404288688,0.0416201707030189,0.0436786842329909,0.049914045299635,0.0436786842329909,0.0176433332328016,0.0039552684745183,0.0176433332328016,0.0039552684745183,0.0176433332328016,0.0039552684745183,0.0,0.0,0.0,0.0,0.0,0.0,0.0176433332328016,0.0,0.0,0.0,0.049914045299635,0.0436786842329909,5.0,14.0,0.0,0.0555840395693216,0.0,0.0,-0.0020585135299719,0.0062353610666441,0.0136880647582833,0.0176433332328016,0.0176433332328016,0.0176433332328016,0.0176433332328016,0.0176433332328016
out_of_sample,cfo_appointment,2,1,-0.0131917257967756,,,1,3-6m,0.0,0.05,3.0,0.05,all_disclosures_30d,routine,1.0,,,-0.0175965859396205,-0.0044048601428449,0.0057167415628675,0.0416201707030189,0.0436786842329909,0.0543776578098139,0.0436786842329909,0.0233133275024881,0.0196340665281848,0.0233133275024881,0.0196340665281848,0.0233133275024881,0.0196340665281848,0.0,0.0,0.0,0.0,0.0,0.0,0.0233133275024881,0.0,0.0,0.0,0.0543776578098139,0.0436786842329909,5.0,266.0,0.0,0.0555840395693216,0.0,0.0,-0.0020585135299719,0.010698973576823,0.0036792609743032,0.0233133275024881,0.0233133275024881,0.0233133275024881,0.0233133275024881,0.0233133275024881
out_of_sample,cfo_appointment,3,1,0.0002106282375472,,,1,3-6m,0.0,0.05,3.0,0.05,all_disclosures_30d,routine,1.0,,,-0.0146515064692221,-0.0148621347067694,-0.0014717857465994,0.0416201707030189,0.0436786842329909,0.0515728202189582,0.0536379933414904,0.0131797207226227,0.0259511140198616,0.0131797207226227,0.0259511140198616,0.0131797207226227,0.0259511140198616,0.0,0.0,0.0,0.0,0.0,0.0,0.0233133275024881,0.0,0.0,0.0,0.0515728202189582,0.0536379933414904,5.0,3.0,0.0,0.0555840395693216,0.0,0.0,-0.0020585135299719,-0.0020651731225321,-0.0127713932972388,0.0131797207226227,0.0131797207226227,0.0131797207226227,0.0131797207226227,0.0131797207226227
out_of_sample,cfo_appointment,5,1,0.0028903855497393,,,1,3-6m,0.0,0.05,3.0,0.05,all_disclosures_30d,routine,1.0,,,-0.0116430919564496,-0.0145334775061889,0.0031652441415086,0.0416201707030189,0.0436786842329909,0.0487076635401272,0.0533249864837947,0.0148083360979582,0.028170617192613,0.0148083360979582,0.028170617192613,0.0148083360979582,0.028170617192613,0.0,0.0,0.0,0.0,0.0,0.0,0.0233133275024881,0.0,0.0,0.0,0.0487076635401272,0.0533249864837947,5.0,6.0,0.0,0.0555840395693216,0.0,0.0,-0.0020585135299719,-0.0046173229436675,-0.0133622810946547,0.0148083360979582,0.0148083360979582,0.0148083360979582,0.0148083360979582,0.0148083360979582
out_of_sample,cfo_appointment,10,1,-0.0099884942579778,,,1,3-6m,0.0,0.05,3.0,0.05,all_disclosures_30d,routine,1.0,,,-0.0270018397321832,-0.0170133454742053,0.0153120004825528,0.0416201707030189,0.0436786842329909,0.0633350423741593,0.0556867655009532,0.042313840214736,0.0346868508664599,0.042313840214736,0.0346868508664599,0.042313840214736,0.0346868508664599,0.0,0.0,0.0,0.0,0.0,0.0,0.042313840214736,-0.0099828090599269,0.0,0.0,0.0633350423741593,0.0556867655009532,5.0,54.0,0.0,0.0555840395693216,0.0,0.0,-0.0020585135299719,0.007648276873206,0.0076269893482761,0.042313840214736,0.042313840214736,0.042313840214736,0.042313840214736,0.042313840214736
out_of_sample,cfo_appointment,21,1,0.0068855421087406,,,1,3-6m,0.0,0.05,3.0,0.05,all_disclosures_30d,routine,1.0,,,-0.0165515577404469,-0.0234370998491876,0.0231082426033719,0.0416201707030189,0.0436786842329909,0.0533823928582199,0.0618046268104601,0.0396598003438188,0.0700281706171925,0.0396598003438188,0.0700281706171925,0.0396598003438188,0.0700281706171925,0.0,0.0,0.0,1.0,0.0,0.0,0.0712670024429229,-0.0099828090599269,0.0,0.0171869220043821,0.0533823928582199,0.0618046268104601,5.0,143.0,0.0,0.0555840395693216,0.0,0.0,-0.0020585135299719,-0.0084222339522401,-0.0303683702733736,0.0396598003438188,0.0396598003438188,0.0396598003438188,0.0396598003438188,0.0396598003438188
out_of_sample,cfo_appointment,42,1,0.1089997056743292,,,1,3-6m,0.0,0.05,3.0,0.05,all_disclosures_30d,routine,1.0,,,-0.0510691558343637,-0.160068861508693,0.0529209518352083,0.0416201707030189,0.0436786842329909,0.0862562958048074,0.1919301141052272,0.1039901076695721,0.2629542156332696,0.1039901076695721,0.2629542156332696,0.1039901076695721,0.2629542156332696,0.0,0.0,1.0,1.0,0.0,0.0,0.1284193382996048,-0.0099828090599269,0.0484060681002503,0.2101129670204592,0.0862562958048074,0.1919301141052272,5.0,5.0,0.0,0.0555840395693216,0.0,0.0,-0.0020585135299719,-0.1056738183004197,-0.1589641079636974,0.1039901076695721,0.1039901076695721,0.1039901076695721,0.1039901076695721,0.1039901076695721
out_of_sample,cfo_appointment,63,1,-0.1458960606270976,,,1,3-6m,0.0,0.05,3.0,0.05,all_disclosures_30d,routine,1.0,,,-0.2230237958802063,-0.0771277352531087,0.0850861054980849,0.0416201707030189,0.0436786842329909,0.2500226196579908,0.1129385652903849,0.3081099013782913,0.1555359531058815,0.3081099013782913,0.1555359531058815,0.3081099013782913,0.1555359531058815,0.0,0.0,1.0,1.0,0.0,0.0,0.3341375878396719,-0.0099828090599269,0.2525258618089695,0.1026947044930711,0.2500226196579908,0.1129385652903849,5.0,6000.0,0.0,0.0555840395693216,0.0,0.0,-0.0020585135299719,0.1370840543676058,0.1525739482724097,0.3081099013782913,0.3081099013782913,0.3081099013782913,0.3081099013782913,0.3081099013782913
out_of_sample,cfo_appointment,exp,0,,,,0,,,,,,,,,,,,,,,,,,,,,,,,,,,,,,,,,,,,,,,,,,,,,,,,,
out_of_sample,ceo_resignation,1,0,,,,0,3-6m,,,,,all_disclosures_30d,all,,,,,,,,,,,,,,,,,,,,,,,,,,,,,,,,,,,,,,,,,,
out_of_sample,ceo_resignation,2,0,,,,0,3-6m,,,,,all_disclosures_30d,all,,,,,,,,,,,,,,,,,,,,,,,,,,,,,,,,,,,,,,,,,,
out_of_sample,ceo_resignation,3,0,,,,0,3-6m,,,,,all_disclosures_30d,all,,,,,,,,,,,,,,,,,,,,,,,,,,,,,,,,,,,,,,,,,,
out_of_sample,ceo_resignation,5,0,,,,0,3-6m,,,,,all_disclosures_30d,all,,,,,,,,,,,,,,,,,,,,,,,,,,,,,,,,,,,,,,,,,,
out_of_sample,ceo_resignation,10,0,,,,0,3-6m,,,,,all_disclosures_30d,all,,,,,,,,,,,,,,,,,,,,,,,,,,,,,,,,,,,,,,,,,,
out_of_sample,ceo_resignation,21,0,,,,0,3-6m,,,,,all_disclosures_30d,all,,,,,,,,,,,,,,,,,,,,,,,,,,,,,,,,,,,,,,,,,,
out_of_sample,ceo_resignation,42,0,,,,0,3-6m,,,,,all_disclosures_30d,all,,,,,,,,,,,,,,,,,,,,,,,,,,,,,,,,,,,,,,,,,,
out_of_sample,ceo_resignation,63,0,,,,0,3-6m,,,,,all_disclosures_30d,all,,,,,,,,,,,,,,,,,,,,,,,,,,,,,,,,,,,,,,,,,,
out_of_sample,ceo_resignation,exp,0,,,,0,3-6m,,,,,all_disclosures_30d,all,,,,,,,,,,,,,,,,,,,,,,,,,,,,,,,,,,,,,,,,,,
out_of_sample,cfo_resignation,1,0,,,,0,,,,,,,,,,,,,,,,,,,,,,,,,,,,,,,,,,,,,,,,,,,,,,,,,
out_of_sample,cfo_resignation,2,0,,,,0,,,,,,,,,,,,,,,,,,,,,,,,,,,,,,,,,,,,,,,,,,,,,,,,,
out_of_sample,cfo_resignation,3,0,,,,0,,,,,,,,,,,,,,,,,,,,,,,,,,,,,,,,,,,,,,,,,,,,,,,,,
out_of_sample,cfo_resignation,5,0,,,,0,,,,,,,,,,,,,,,,,,,,,,,,,,,,,,,,,,,,,,,,,,,,,,,,,
out_of_sample,cfo_resignation,10,0,,,,0,,,,,,,,,,,,,,,,,,,,,,,,,,,,,,,,,,,,,,,,,,,,,,,,,
out_of_sample,cfo_resignation,21,0,,,,0,,,,,,,,,,,,,,,,,,,,,,,,,,,,,,,,,,,,,,,,,,,,,,,,,
out_of_sample,cfo_resignation,42,0,,,,0,,,,,,,,,,,,,,,,,,,,,,,,,,,,,,,,,,,,,,,,,,,,,,,,,
out_of_sample,cfo_resignation,63,0,,,,0,,,,,,,,,,,,,,,,,,,,,,,,,,,,,,,,,,,,,,,,,,,,,,,,,
out_of_sample,cfo_resignation,exp,0,,,,0,,,,,,,,,,,,,,,,,,,,,,,,,,,,,,,,,,,,,,,,,,,,,,,,,
