window,event_id,group,ticker,classification,jev_proxy,bucket,delay,control_rule,otm,stale,horizon,stage,reason
in_sample,0000012927-24-000058:ceo_appointment,ceo_appointment,BA,routine,True,3-6m,0,all_disclosures_30d,0.05,3.0,1,matching,no_usable_ordinary_control
in_sample,0000012927-24-000058:ceo_appointment,ceo_appointment,BA,routine,True,3-6m,0,all_disclosures_30d,0.05,3.0,2,matching,no_usable_ordinary_control
in_sample,0000012927-24-000058:ceo_appointment,ceo_appointment,BA,routine,True,3-6m,0,all_disclosures_30d,0.05,3.0,3,matching,no_usable_ordinary_control
in_sample,0000012927-24-000058:ceo_appointment,ceo_appointment,BA,routine,True,3-6m,0,all_disclosures_30d,0.05,3.0,5,matching,no_usable_ordinary_control
in_sample,0000012927-24-000058:ceo_appointment,ceo_appointment,BA,routine,True,3-6m,0,all_disclosures_30d,0.05,3.0,10,matching,no_usable_ordinary_control
in_sample,0000012927-24-000058:ceo_appointment,ceo_appointment,BA,routine,True,3-6m,0,all_disclosures_30d,0.05,3.0,21,matching,no_usable_ordinary_control
in_sample,0000012927-24-000058:ceo_appointment,ceo_appointment,BA,routine,True,3-6m,0,all_disclosures_30d,0.05,3.0,42,matching,no_usable_ordinary_control
in_sample,0000012927-24-000058:ceo_appointment,ceo_appointment,BA,routine,True,3-6m,0,all_disclosures_30d,0.05,3.0,63,matching,no_usable_ordinary_control
in_sample,0000012927-24-000058:ceo_appointment,ceo_appointment,BA,routine,True,3-6m,0,all_disclosures_30d,0.05,3.0,exp,matching,no_usable_ordinary_control
in_sample,0001552781-25-000454:ceo_appointment,ceo_appointment,KO,routine,True,3-6m,0,all_disclosures_30d,0.05,3.0,1,matching,no_usable_ordinary_control
in_sample,0001552781-25-000454:ceo_appointment,ceo_appointment,KO,routine,True,3-6m,0,all_disclosures_30d,0.05,3.0,2,matching,no_usable_ordinary_control
in_sample,0001552781-25-000454:ceo_appointment,ceo_appointment,KO,routine,True,3-6m,0,all_disclosures_30d,0.05,3.0,3,matching,no_usable_ordinary_control
in_sample,0001552781-25-000454:ceo_appointment,ceo_appointment,KO,routine,True,3-6m,0,all_disclosures_30d,0.05,3.0,5,matching,no_usable_ordinary_control
in_sample,0001552781-25-000454:ceo_appointment,ceo_appointment,KO,routine,True,3-6m,0,all_disclosures_30d,0.05,3.0,10,matching,no_usable_ordinary_control
in_sample,0001552781-25-000454:ceo_appointment,ceo_appointment,KO,routine,True,3-6m,0,all_disclosures_30d,0.05,3.0,21,matching,no_usable_ordinary_control
in_sample,0001552781-25-000454:ceo_appointment,ceo_appointment,KO,routine,True,3-6m,0,all_disclosures_30d,0.05,3.0,42,matching,no_usable_ordinary_control
in_sample,0001552781-25-000454:ceo_appointment,ceo_appointment,KO,routine,True,3-6m,0,all_disclosures_30d,0.05,3.0,63,matching,no_usable_ordinary_control
in_sample,0001552781-25-000454:ceo_appointment,ceo_appointment,KO,routine,True,3-6m,0,all_disclosures_30d,0.05,3.0,exp,matching,no_usable_ordinary_control
in_sample,0001193125-25-014216:ceo_appointment,ceo_appointment,USB,routine,True,3-6m,0,all_disclosures_30d,0.05,3.0,1,matching,no_usable_ordinary_control
in_sample,0001193125-25-014216:ceo_appointment,ceo_appointment,USB,routine,True,3-6m,0,all_disclosures_30d,0.05,3.0,2,matching,no_usable_ordinary_control
in_sample,0001193125-25-014216:ceo_appointment,ceo_appointment,USB,routine,True,3-6m,0,all_disclosures_30d,0.05,3.0,3,matching,no_usable_ordinary_control
in_sample,0001193125-25-014216:ceo_appointment,ceo_appointment,USB,routine,True,3-6m,0,all_disclosures_30d,0.05,3.0,5,matching,no_usable_ordinary_control
in_sample,0001193125-25-014216:ceo_appointment,ceo_appointment,USB,routine,True,3-6m,0,all_disclosures_30d,0.05,3.0,10,matching,no_usable_ordinary_control
in_sample,0001193125-25-014216:ceo_appointment,ceo_appointment,USB,routine,True,3-6m,0,all_disclosures_30d,0.05,3.0,21,matching,no_usable_ordinary_control
in_sample,0001193125-25-014216:ceo_appointment,ceo_appointment,USB,routine,True,3-6m,0,all_disclosures_30d,0.05,3.0,42,matching,no_usable_ordinary_control
in_sample,0001193125-25-014216:ceo_appointment,ceo_appointment,USB,routine,True,3-6m,0,all_disclosures_30d,0.05,3.0,63,matching,no_usable_ordinary_control
in_sample,0001193125-25-014216:ceo_appointment,ceo_appointment,USB,routine,True,3-6m,0,all_disclosures_30d,0.05,3.0,exp,horizon,missing_or_stale_exit_call
in_sample,0000050863-25-000036:ceo_appointment,ceo_appointment,INTC,unknown,True,3-6m,0,all_disclosures_30d,0.05,3.0,1,matching,no_usable_ordinary_control
in_sample,0000050863-25-000036:ceo_appointment,ceo_appointment,INTC,unknown,True,3-6m,0,all_disclosures_30d,0.05,3.0,2,matching,no_usable_ordinary_control
in_sample,0000050863-25-000036:ceo_appointment,ceo_appointment,INTC,unknown,True,3-6m,0,all_disclosures_30d,0.05,3.0,3,matching,no_usable_ordinary_control
in_sample,0000050863-25-000036:ceo_appointment,ceo_appointment,INTC,unknown,True,3-6m,0,all_disclosures_30d,0.05,3.0,5,matching,no_usable_ordinary_control
in_sample,0000050863-25-000036:ceo_appointment,ceo_appointment,INTC,unknown,True,3-6m,0,all_disclosures_30d,0.05,3.0,10,matching,no_usable_ordinary_control
in_sample,0000050863-25-000036:ceo_appointment,ceo_appointment,INTC,unknown,True,3-6m,0,all_disclosures_30d,0.05,3.0,21,matching,no_usable_ordinary_control
in_sample,0000050863-25-000036:ceo_appointment,ceo_appointment,INTC,unknown,True,3-6m,0,all_disclosures_30d,0.05,3.0,42,matching,no_usable_ordinary_control
in_sample,0000050863-25-000036:ceo_appointment,ceo_appointment,INTC,unknown,True,3-6m,0,all_disclosures_30d,0.05,3.0,63,matching,no_usable_ordinary_control
in_sample,0000050863-25-000036:ceo_appointment,ceo_appointment,INTC,unknown,True,3-6m,0,all_disclosures_30d,0.05,3.0,exp,matching,no_usable_ordinary_control
in_sample,0000066740-24-000029:ceo_appointment,ceo_appointment,MMM,routine,True,3-6m,0,,,,,pricing,no_paired_listed_strikes
in_sample,0000104169-25-000172:ceo_appointment,ceo_appointment,WMT,routine,True,3-6m,0,all_disclosures_30d,0.05,3.0,1,matching,no_usable_ordinary_control
in_sample,0000104169-25-000172:ceo_appointment,ceo_appointment,WMT,routine,True,3-6m,0,all_disclosures_30d,0.05,3.0,2,matching,no_usable_ordinary_control
in_sample,0000104169-25-000172:ceo_appointment,ceo_appointment,WMT,routine,True,3-6m,0,all_disclosures_30d,0.05,3.0,3,matching,no_usable_ordinary_control
in_sample,0000104169-25-000172:ceo_appointment,ceo_appointment,WMT,routine,True,3-6m,0,all_disclosures_30d,0.05,3.0,5,matching,no_usable_ordinary_control
in_sample,0000104169-25-000172:ceo_appointment,ceo_appointment,WMT,routine,True,3-6m,0,all_disclosures_30d,0.05,3.0,10,matching,no_usable_ordinary_control
in_sample,0000104169-25-000172:ceo_appointment,ceo_appointment,WMT,routine,True,3-6m,0,all_disclosures_30d,0.05,3.0,21,matching,no_usable_ordinary_control
in_sample,0000104169-25-000172:ceo_appointment,ceo_appointment,WMT,routine,True,3-6m,0,all_disclosures_30d,0.05,3.0,42,matching,no_usable_ordinary_control
in_sample,0000104169-25-000172:ceo_appointment,ceo_appointment,WMT,routine,True,3-6m,0,all_disclosures_30d,0.05,3.0,63,matching,no_usable_ordinary_control
in_sample,0000104169-25-000172:ceo_appointment,ceo_appointment,WMT,routine,True,3-6m,0,all_disclosures_30d,0.05,3.0,exp,matching,no_usable_ordinary_control
in_sample,0001193125-25-231018:ceo_appointment,ceo_appointment,VZ,unknown,True,3-6m,0,all_disclosures_30d,0.05,3.0,1,matching,no_usable_ordinary_control
in_sample,0001193125-25-231018:ceo_appointment,ceo_appointment,VZ,unknown,True,3-6m,0,all_disclosures_30d,0.05,3.0,2,matching,no_usable_ordinary_control
in_sample,0001193125-25-231018:ceo_appointment,ceo_appointment,VZ,unknown,True,3-6m,0,all_disclosures_30d,0.05,3.0,3,matching,no_usable_ordinary_control
in_sample,0001193125-25-231018:ceo_appointment,ceo_appointment,VZ,unknown,True,3-6m,0,all_disclosures_30d,0.05,3.0,5,matching,no_usable_ordinary_control
in_sample,0001193125-25-231018:ceo_appointment,ceo_appointment,VZ,unknown,True,3-6m,0,all_disclosures_30d,0.05,3.0,10,matching,no_usable_ordinary_control
in_sample,0001193125-25-231018:ceo_appointment,ceo_appointment,VZ,unknown,True,3-6m,0,all_disclosures_30d,0.05,3.0,21,matching,no_usable_ordinary_control
in_sample,0001193125-25-231018:ceo_appointment,ceo_appointment,VZ,unknown,True,3-6m,0,all_disclosures_30d,0.05,3.0,42,matching,no_usable_ordinary_control
in_sample,0001193125-25-231018:ceo_appointment,ceo_appointment,VZ,unknown,True,3-6m,0,all_disclosures_30d,0.05,3.0,63,matching,no_usable_ordinary_control
in_sample,0001193125-25-231018:ceo_appointment,ceo_appointment,VZ,unknown,True,3-6m,0,all_disclosures_30d,0.05,3.0,exp,matching,no_usable_ordinary_control
in_sample,0000764180-25-000133:ceo_appointment,ceo_appointment,MO,routine,True,3-6m,0,all_disclosures_30d,0.05,3.0,1,matching,no_usable_ordinary_control
in_sample,0000764180-25-000133:ceo_appointment,ceo_appointment,MO,routine,True,3-6m,0,all_disclosures_30d,0.05,3.0,2,matching,no_usable_ordinary_control
in_sample,0000764180-25-000133:ceo_appointment,ceo_appointment,MO,routine,True,3-6m,0,all_disclosures_30d,0.05,3.0,3,matching,no_usable_ordinary_control
in_sample,0000764180-25-000133:ceo_appointment,ceo_appointment,MO,routine,True,3-6m,0,all_disclosures_30d,0.05,3.0,5,matching,no_usable_ordinary_control
in_sample,0000764180-25-000133:ceo_appointment,ceo_appointment,MO,routine,True,3-6m,0,all_disclosures_30d,0.05,3.0,10,matching,no_usable_ordinary_control
in_sample,0000764180-25-000133:ceo_appointment,ceo_appointment,MO,routine,True,3-6m,0,all_disclosures_30d,0.05,3.0,21,matching,no_usable_ordinary_control
in_sample,0000764180-25-000133:ceo_appointment,ceo_appointment,MO,routine,True,3-6m,0,all_disclosures_30d,0.05,3.0,42,matching,no_usable_ordinary_control
in_sample,0000764180-25-000133:ceo_appointment,ceo_appointment,MO,routine,True,3-6m,0,all_disclosures_30d,0.05,3.0,63,matching,no_usable_ordinary_control
in_sample,0000764180-25-000133:ceo_appointment,ceo_appointment,MO,routine,True,3-6m,0,all_disclosures_30d,0.05,3.0,exp,matching,no_usable_ordinary_control
in_sample,0001035267-25-000161:ceo_appointment,ceo_appointment,ISRG,routine,True,3-6m,0,all_disclosures_30d,0.05,3.0,10,matching,no_usable_ordinary_control
in_sample,0001035267-25-000161:ceo_appointment,ceo_appointment,ISRG,routine,True,3-6m,0,all_disclosures_30d,0.05,3.0,exp,horizon,missing_or_stale_exit_call
in_sample,0001628280-25-058790:ceo_appointment,ceo_appointment,CMCSA,unknown,True,3-6m,0,,,,,pricing,no_paired_listed_strikes
in_sample,0001193125-25-209990:ceo_appointment,ceo_appointment,TMUS,routine,True,3-6m,0,all_disclosures_30d,0.05,3.0,1,matching,no_usable_ordinary_control
in_sample,0001193125-25-209990:ceo_appointment,ceo_appointment,TMUS,routine,True,3-6m,0,all_disclosures_30d,0.05,3.0,2,matching,no_usable_ordinary_control
in_sample,0001193125-25-209990:ceo_appointment,ceo_appointment,TMUS,routine,True,3-6m,0,all_disclosures_30d,0.05,3.0,3,matching,no_usable_ordinary_control
in_sample,0001193125-25-209990:ceo_appointment,ceo_appointment,TMUS,routine,True,3-6m,0,all_disclosures_30d,0.05,3.0,5,matching,no_usable_ordinary_control
in_sample,0001193125-25-209990:ceo_appointment,ceo_appointment,TMUS,routine,True,3-6m,0,all_disclosures_30d,0.05,3.0,10,matching,no_usable_ordinary_control
in_sample,0001193125-25-209990:ceo_appointment,ceo_appointment,TMUS,routine,True,3-6m,0,all_disclosures_30d,0.05,3.0,21,matching,no_usable_ordinary_control
in_sample,0001193125-25-209990:ceo_appointment,ceo_appointment,TMUS,routine,True,3-6m,0,all_disclosures_30d,0.05,3.0,42,matching,no_usable_ordinary_control
in_sample,0001193125-25-209990:ceo_appointment,ceo_appointment,TMUS,routine,True,3-6m,0,all_disclosures_30d,0.05,3.0,63,matching,no_usable_ordinary_control
in_sample,0001193125-25-209990:ceo_appointment,ceo_appointment,TMUS,routine,True,3-6m,0,all_disclosures_30d,0.05,3.0,exp,matching,no_usable_ordinary_control
in_sample,0001104659-25-002897:ceo_appointment,ceo_appointment,DUK,nonroutine,True,3-6m,0,all_disclosures_30d,0.05,3.0,1,matching,no_usable_ordinary_control
in_sample,0001104659-25-002897:ceo_appointment,ceo_appointment,DUK,nonroutine,True,3-6m,0,all_disclosures_30d,0.05,3.0,2,matching,no_usable_ordinary_control
in_sample,0001104659-25-002897:ceo_appointment,ceo_appointment,DUK,nonroutine,True,3-6m,0,all_disclosures_30d,0.05,3.0,3,matching,no_usable_ordinary_control
in_sample,0001104659-25-002897:ceo_appointment,ceo_appointment,DUK,nonroutine,True,3-6m,0,all_disclosures_30d,0.05,3.0,5,matching,no_usable_ordinary_control
in_sample,0001104659-25-002897:ceo_appointment,ceo_appointment,DUK,nonroutine,True,3-6m,0,all_disclosures_30d,0.05,3.0,10,matching,no_usable_ordinary_control
in_sample,0001104659-25-002897:ceo_appointment,ceo_appointment,DUK,nonroutine,True,3-6m,0,all_disclosures_30d,0.05,3.0,21,matching,no_usable_ordinary_control
in_sample,0001104659-25-002897:ceo_appointment,ceo_appointment,DUK,nonroutine,True,3-6m,0,all_disclosures_30d,0.05,3.0,42,matching,no_usable_ordinary_control
in_sample,0001104659-25-002897:ceo_appointment,ceo_appointment,DUK,nonroutine,True,3-6m,0,all_disclosures_30d,0.05,3.0,63,matching,no_usable_ordinary_control
in_sample,0001104659-25-002897:ceo_appointment,ceo_appointment,DUK,nonroutine,True,3-6m,0,all_disclosures_30d,0.05,3.0,exp,matching,no_usable_ordinary_control
in_sample,0000012927-24-000058:ceo_resignation,ceo_resignation,BA,routine,True,3-6m,0,all_disclosures_30d,0.05,3.0,1,matching,no_usable_ordinary_control
in_sample,0000012927-24-000058:ceo_resignation,ceo_resignation,BA,routine,True,3-6m,0,all_disclosures_30d,0.05,3.0,2,matching,no_usable_ordinary_control
in_sample,0000012927-24-000058:ceo_resignation,ceo_resignation,BA,routine,True,3-6m,0,all_disclosures_30d,0.05,3.0,3,matching,no_usable_ordinary_control
in_sample,0000012927-24-000058:ceo_resignation,ceo_resignation,BA,routine,True,3-6m,0,all_disclosures_30d,0.05,3.0,5,matching,no_usable_ordinary_control
in_sample,0000012927-24-000058:ceo_resignation,ceo_resignation,BA,routine,True,3-6m,0,all_disclosures_30d,0.05,3.0,10,matching,no_usable_ordinary_control
in_sample,0000012927-24-000058:ceo_resignation,ceo_resignation,BA,routine,True,3-6m,0,all_disclosures_30d,0.05,3.0,21,matching,no_usable_ordinary_control
in_sample,0000012927-24-000058:ceo_resignation,ceo_resignation,BA,routine,True,3-6m,0,all_disclosures_30d,0.05,3.0,42,matching,no_usable_ordinary_control
in_sample,0000012927-24-000058:ceo_resignation,ceo_resignation,BA,routine,True,3-6m,0,all_disclosures_30d,0.05,3.0,63,matching,no_usable_ordinary_control
in_sample,0000012927-24-000058:ceo_resignation,ceo_resignation,BA,routine,True,3-6m,0,all_disclosures_30d,0.05,3.0,exp,matching,no_usable_ordinary_control
in_sample,0000050863-24-000173:ceo_resignation,ceo_resignation,INTC,unknown,False,3-6m,0,all_disclosures_30d,0.05,3.0,1,matching,no_usable_ordinary_control
in_sample,0000050863-24-000173:ceo_resignation,ceo_resignation,INTC,unknown,False,3-6m,0,all_disclosures_30d,0.05,3.0,2,matching,no_usable_ordinary_control
in_sample,0000050863-24-000173:ceo_resignation,ceo_resignation,INTC,unknown,False,3-6m,0,all_disclosures_30d,0.05,3.0,3,matching,no_usable_ordinary_control
in_sample,0000050863-24-000173:ceo_resignation,ceo_resignation,INTC,unknown,False,3-6m,0,all_disclosures_30d,0.05,3.0,5,matching,no_usable_ordinary_control
in_sample,0000050863-24-000173:ceo_resignation,ceo_resignation,INTC,unknown,False,3-6m,0,all_disclosures_30d,0.05,3.0,10,matching,no_usable_ordinary_control
in_sample,0000050863-24-000173:ceo_resignation,ceo_resignation,INTC,unknown,False,3-6m,0,all_disclosures_30d,0.05,3.0,21,matching,no_usable_ordinary_control
in_sample,0000050863-24-000173:ceo_resignation,ceo_resignation,INTC,unknown,False,3-6m,0,all_disclosures_30d,0.05,3.0,42,matching,no_usable_ordinary_control
in_sample,0000050863-24-000173:ceo_resignation,ceo_resignation,INTC,unknown,False,3-6m,0,all_disclosures_30d,0.05,3.0,63,matching,no_usable_ordinary_control
in_sample,0000050863-24-000173:ceo_resignation,ceo_resignation,INTC,unknown,False,3-6m,0,all_disclosures_30d,0.05,3.0,exp,matching,no_usable_ordinary_control
in_sample,0000050863-25-000149:ceo_resignation,ceo_resignation,INTC,unknown,True,3-6m,0,all_disclosures_30d,0.05,3.0,1,matching,no_usable_ordinary_control
in_sample,0000050863-25-000149:ceo_resignation,ceo_resignation,INTC,unknown,True,3-6m,0,all_disclosures_30d,0.05,3.0,2,matching,no_usable_ordinary_control
in_sample,0000050863-25-000149:ceo_resignation,ceo_resignation,INTC,unknown,True,3-6m,0,all_disclosures_30d,0.05,3.0,3,matching,no_usable_ordinary_control
in_sample,0000050863-25-000149:ceo_resignation,ceo_resignation,INTC,unknown,True,3-6m,0,all_disclosures_30d,0.05,3.0,5,matching,no_usable_ordinary_control
in_sample,0000050863-25-000149:ceo_resignation,ceo_resignation,INTC,unknown,True,3-6m,0,all_disclosures_30d,0.05,3.0,10,matching,no_usable_ordinary_control
in_sample,0000050863-25-000149:ceo_resignation,ceo_resignation,INTC,unknown,True,3-6m,0,all_disclosures_30d,0.05,3.0,21,matching,no_usable_ordinary_control
in_sample,0000050863-25-000149:ceo_resignation,ceo_resignation,INTC,unknown,True,3-6m,0,all_disclosures_30d,0.05,3.0,42,matching,no_usable_ordinary_control
in_sample,0000050863-25-000149:ceo_resignation,ceo_resignation,INTC,unknown,True,3-6m,0,all_disclosures_30d,0.05,3.0,63,matching,no_usable_ordinary_control
in_sample,0000050863-25-000149:ceo_resignation,ceo_resignation,INTC,unknown,True,3-6m,0,all_disclosures_30d,0.05,3.0,exp,matching,no_usable_ordinary_control
in_sample,0000005272-24-000101:cfo_appointment,cfo_appointment,AIG,routine,True,3-6m,0,all_disclosures_30d,0.05,3.0,1,matching,no_usable_ordinary_control
in_sample,0000005272-24-000101:cfo_appointment,cfo_appointment,AIG,routine,True,3-6m,0,all_disclosures_30d,0.05,3.0,2,matching,no_usable_ordinary_control
in_sample,0000005272-24-000101:cfo_appointment,cfo_appointment,AIG,routine,True,3-6m,0,all_disclosures_30d,0.05,3.0,3,matching,no_usable_ordinary_control
in_sample,0000005272-24-000101:cfo_appointment,cfo_appointment,AIG,routine,True,3-6m,0,all_disclosures_30d,0.05,3.0,5,matching,no_usable_ordinary_control
in_sample,0000005272-24-000101:cfo_appointment,cfo_appointment,AIG,routine,True,3-6m,0,all_disclosures_30d,0.05,3.0,10,matching,no_usable_ordinary_control
in_sample,0000005272-24-000101:cfo_appointment,cfo_appointment,AIG,routine,True,3-6m,0,all_disclosures_30d,0.05,3.0,21,matching,no_usable_ordinary_control
in_sample,0000005272-24-000101:cfo_appointment,cfo_appointment,AIG,routine,True,3-6m,0,all_disclosures_30d,0.05,3.0,42,matching,no_usable_ordinary_control
in_sample,0000005272-24-000101:cfo_appointment,cfo_appointment,AIG,routine,True,3-6m,0,all_disclosures_30d,0.05,3.0,63,matching,no_usable_ordinary_control
in_sample,0000005272-24-000101:cfo_appointment,cfo_appointment,AIG,routine,True,3-6m,0,all_disclosures_30d,0.05,3.0,exp,matching,no_usable_ordinary_control
in_sample,0000012927-25-000050:cfo_appointment,cfo_appointment,BA,unknown,True,3-6m,0,all_disclosures_30d,0.05,3.0,1,matching,no_usable_ordinary_control
in_sample,0000012927-25-000050:cfo_appointment,cfo_appointment,BA,unknown,True,3-6m,0,all_disclosures_30d,0.05,3.0,2,matching,no_usable_ordinary_control
in_sample,0000012927-25-000050:cfo_appointment,cfo_appointment,BA,unknown,True,3-6m,0,all_disclosures_30d,0.05,3.0,3,matching,no_usable_ordinary_control
in_sample,0000012927-25-000050:cfo_appointment,cfo_appointment,BA,unknown,True,3-6m,0,all_disclosures_30d,0.05,3.0,5,matching,no_usable_ordinary_control
in_sample,0000012927-25-000050:cfo_appointment,cfo_appointment,BA,unknown,True,3-6m,0,all_disclosures_30d,0.05,3.0,10,matching,no_usable_ordinary_control
in_sample,0000012927-25-000050:cfo_appointment,cfo_appointment,BA,unknown,True,3-6m,0,all_disclosures_30d,0.05,3.0,21,matching,no_usable_ordinary_control
in_sample,0000012927-25-000050:cfo_appointment,cfo_appointment,BA,unknown,True,3-6m,0,all_disclosures_30d,0.05,3.0,42,matching,no_usable_ordinary_control
in_sample,0000012927-25-000050:cfo_appointment,cfo_appointment,BA,unknown,True,3-6m,0,all_disclosures_30d,0.05,3.0,63,matching,no_usable_ordinary_control
in_sample,0000012927-25-000050:cfo_appointment,cfo_appointment,BA,unknown,True,3-6m,0,all_disclosures_30d,0.05,3.0,exp,matching,no_usable_ordinary_control
in_sample,0000034088-25-000122:cfo_appointment,cfo_appointment,XOM,nonroutine,True,3-6m,0,all_disclosures_30d,0.05,3.0,1,matching,no_usable_ordinary_control
in_sample,0000034088-25-000122:cfo_appointment,cfo_appointment,XOM,nonroutine,True,3-6m,0,all_disclosures_30d,0.05,3.0,2,matching,no_usable_ordinary_control
in_sample,0000034088-25-000122:cfo_appointment,cfo_appointment,XOM,nonroutine,True,3-6m,0,all_disclosures_30d,0.05,3.0,3,matching,no_usable_ordinary_control
in_sample,0000034088-25-000122:cfo_appointment,cfo_appointment,XOM,nonroutine,True,3-6m,0,all_disclosures_30d,0.05,3.0,5,matching,no_usable_ordinary_control
in_sample,0000034088-25-000122:cfo_appointment,cfo_appointment,XOM,nonroutine,True,3-6m,0,all_disclosures_30d,0.05,3.0,10,matching,no_usable_ordinary_control
in_sample,0000034088-25-000122:cfo_appointment,cfo_appointment,XOM,nonroutine,True,3-6m,0,all_disclosures_30d,0.05,3.0,21,matching,no_usable_ordinary_control
in_sample,0000034088-25-000122:cfo_appointment,cfo_appointment,XOM,nonroutine,True,3-6m,0,all_disclosures_30d,0.05,3.0,42,matching,no_usable_ordinary_control
in_sample,0000034088-25-000122:cfo_appointment,cfo_appointment,XOM,nonroutine,True,3-6m,0,all_disclosures_30d,0.05,3.0,63,matching,no_usable_ordinary_control
in_sample,0000034088-25-000122:cfo_appointment,cfo_appointment,XOM,nonroutine,True,3-6m,0,all_disclosures_30d,0.05,3.0,exp,matching,no_usable_ordinary_control
in_sample,0000059478-24-000213:cfo_appointment,cfo_appointment,LLY,unknown,True,3-6m,0,all_disclosures_30d,0.05,3.0,1,matching,no_usable_ordinary_control
in_sample,0000059478-24-000213:cfo_appointment,cfo_appointment,LLY,unknown,True,3-6m,0,all_disclosures_30d,0.05,3.0,2,matching,no_usable_ordinary_control
in_sample,0000059478-24-000213:cfo_appointment,cfo_appointment,LLY,unknown,True,3-6m,0,all_disclosures_30d,0.05,3.0,3,matching,no_usable_ordinary_control
in_sample,0000059478-24-000213:cfo_appointment,cfo_appointment,LLY,unknown,True,3-6m,0,all_disclosures_30d,0.05,3.0,5,matching,no_usable_ordinary_control
in_sample,0000059478-24-000213:cfo_appointment,cfo_appointment,LLY,unknown,True,3-6m,0,all_disclosures_30d,0.05,3.0,10,matching,no_usable_ordinary_control
in_sample,0000059478-24-000213:cfo_appointment,cfo_appointment,LLY,unknown,True,3-6m,0,all_disclosures_30d,0.05,3.0,21,matching,no_usable_ordinary_control
in_sample,0000059478-24-000213:cfo_appointment,cfo_appointment,LLY,unknown,True,3-6m,0,all_disclosures_30d,0.05,3.0,42,matching,no_usable_ordinary_control
in_sample,0000059478-24-000213:cfo_appointment,cfo_appointment,LLY,unknown,True,3-6m,0,all_disclosures_30d,0.05,3.0,63,matching,no_usable_ordinary_control
in_sample,0000059478-24-000213:cfo_appointment,cfo_appointment,LLY,unknown,True,3-6m,0,all_disclosures_30d,0.05,3.0,exp,matching,no_usable_ordinary_control
in_sample,0000947871-24-000009:cfo_appointment,cfo_appointment,CVS,nonroutine,True,3-6m,0,all_disclosures_30d,0.05,3.0,1,matching,no_usable_ordinary_control
in_sample,0000947871-24-000009:cfo_appointment,cfo_appointment,CVS,nonroutine,True,3-6m,0,all_disclosures_30d,0.05,3.0,2,matching,no_usable_ordinary_control
in_sample,0000947871-24-000009:cfo_appointment,cfo_appointment,CVS,nonroutine,True,3-6m,0,all_disclosures_30d,0.05,3.0,3,matching,no_usable_ordinary_control
in_sample,0000947871-24-000009:cfo_appointment,cfo_appointment,CVS,nonroutine,True,3-6m,0,all_disclosures_30d,0.05,3.0,5,matching,no_usable_ordinary_control
in_sample,0000947871-24-000009:cfo_appointment,cfo_appointment,CVS,nonroutine,True,3-6m,0,all_disclosures_30d,0.05,3.0,10,matching,no_usable_ordinary_control
in_sample,0000947871-24-000009:cfo_appointment,cfo_appointment,CVS,nonroutine,True,3-6m,0,all_disclosures_30d,0.05,3.0,21,matching,no_usable_ordinary_control
in_sample,0000947871-24-000009:cfo_appointment,cfo_appointment,CVS,nonroutine,True,3-6m,0,all_disclosures_30d,0.05,3.0,42,matching,no_usable_ordinary_control
in_sample,0000947871-24-000009:cfo_appointment,cfo_appointment,CVS,nonroutine,True,3-6m,0,all_disclosures_30d,0.05,3.0,63,matching,no_usable_ordinary_control
in_sample,0000947871-24-000009:cfo_appointment,cfo_appointment,CVS,nonroutine,True,3-6m,0,all_disclosures_30d,0.05,3.0,exp,matching,no_usable_ordinary_control
in_sample,0001193125-25-075089:cfo_appointment,cfo_appointment,CVS,nonroutine,True,3-6m,0,all_disclosures_30d,0.05,3.0,1,matching,no_usable_ordinary_control
in_sample,0001193125-25-075089:cfo_appointment,cfo_appointment,CVS,nonroutine,True,3-6m,0,all_disclosures_30d,0.05,3.0,2,matching,no_usable_ordinary_control
in_sample,0001193125-25-075089:cfo_appointment,cfo_appointment,CVS,nonroutine,True,3-6m,0,all_disclosures_30d,0.05,3.0,3,matching,no_usable_ordinary_control
in_sample,0001193125-25-075089:cfo_appointment,cfo_appointment,CVS,nonroutine,True,3-6m,0,all_disclosures_30d,0.05,3.0,5,matching,no_usable_ordinary_control
in_sample,0001193125-25-075089:cfo_appointment,cfo_appointment,CVS,nonroutine,True,3-6m,0,all_disclosures_30d,0.05,3.0,10,matching,no_usable_ordinary_control
in_sample,0001193125-25-075089:cfo_appointment,cfo_appointment,CVS,nonroutine,True,3-6m,0,all_disclosures_30d,0.05,3.0,21,matching,no_usable_ordinary_control
in_sample,0001193125-25-075089:cfo_appointment,cfo_appointment,CVS,nonroutine,True,3-6m,0,all_disclosures_30d,0.05,3.0,42,matching,no_usable_ordinary_control
in_sample,0001193125-25-075089:cfo_appointment,cfo_appointment,CVS,nonroutine,True,3-6m,0,all_disclosures_30d,0.05,3.0,63,matching,no_usable_ordinary_control
in_sample,0001193125-25-075089:cfo_appointment,cfo_appointment,CVS,nonroutine,True,3-6m,0,all_disclosures_30d,0.05,3.0,exp,matching,no_usable_ordinary_control
in_sample,0000066740-24-000088:cfo_appointment,cfo_appointment,MMM,routine,True,3-6m,0,all_disclosures_30d,0.05,3.0,1,matching,no_usable_ordinary_control
in_sample,0000066740-24-000088:cfo_appointment,cfo_appointment,MMM,routine,True,3-6m,0,all_disclosures_30d,0.05,3.0,2,matching,no_usable_ordinary_control
in_sample,0000066740-24-000088:cfo_appointment,cfo_appointment,MMM,routine,True,3-6m,0,all_disclosures_30d,0.05,3.0,3,matching,no_usable_ordinary_control
in_sample,0000066740-24-000088:cfo_appointment,cfo_appointment,MMM,routine,True,3-6m,0,all_disclosures_30d,0.05,3.0,5,matching,no_usable_ordinary_control
in_sample,0000066740-24-000088:cfo_appointment,cfo_appointment,MMM,routine,True,3-6m,0,all_disclosures_30d,0.05,3.0,10,matching,no_usable_ordinary_control
in_sample,0000066740-24-000088:cfo_appointment,cfo_appointment,MMM,routine,True,3-6m,0,all_disclosures_30d,0.05,3.0,21,matching,no_usable_ordinary_control
in_sample,0000066740-24-000088:cfo_appointment,cfo_appointment,MMM,routine,True,3-6m,0,all_disclosures_30d,0.05,3.0,42,matching,no_usable_ordinary_control
in_sample,0000066740-24-000088:cfo_appointment,cfo_appointment,MMM,routine,True,3-6m,0,all_disclosures_30d,0.05,3.0,63,matching,no_usable_ordinary_control
in_sample,0000066740-24-000088:cfo_appointment,cfo_appointment,MMM,routine,True,3-6m,0,all_disclosures_30d,0.05,3.0,exp,matching,no_usable_ordinary_control
in_sample,0000077476-25-000055:cfo_appointment,cfo_appointment,PEP,routine,True,3-6m,0,all_disclosures_30d,0.05,3.0,1,matching,no_usable_ordinary_control
in_sample,0000077476-25-000055:cfo_appointment,cfo_appointment,PEP,routine,True,3-6m,0,all_disclosures_30d,0.05,3.0,2,matching,no_usable_ordinary_control
in_sample,0000077476-25-000055:cfo_appointment,cfo_appointment,PEP,routine,True,3-6m,0,all_disclosures_30d,0.05,3.0,3,matching,no_usable_ordinary_control
in_sample,0000077476-25-000055:cfo_appointment,cfo_appointment,PEP,routine,True,3-6m,0,all_disclosures_30d,0.05,3.0,5,matching,no_usable_ordinary_control
in_sample,0000077476-25-000055:cfo_appointment,cfo_appointment,PEP,routine,True,3-6m,0,all_disclosures_30d,0.05,3.0,10,matching,no_usable_ordinary_control
in_sample,0000077476-25-000055:cfo_appointment,cfo_appointment,PEP,routine,True,3-6m,0,all_disclosures_30d,0.05,3.0,21,matching,no_usable_ordinary_control
in_sample,0000077476-25-000055:cfo_appointment,cfo_appointment,PEP,routine,True,3-6m,0,all_disclosures_30d,0.05,3.0,42,matching,no_usable_ordinary_control
in_sample,0000077476-25-000055:cfo_appointment,cfo_appointment,PEP,routine,True,3-6m,0,all_disclosures_30d,0.05,3.0,63,matching,no_usable_ordinary_control
in_sample,0000077476-25-000055:cfo_appointment,cfo_appointment,PEP,routine,True,3-6m,0,all_disclosures_30d,0.05,3.0,exp,matching,no_usable_ordinary_control
in_sample,0000313616-25-000155:cfo_appointment,cfo_appointment,DHR,unknown,True,3-6m,0,all_disclosures_30d,0.05,3.0,1,matching,no_usable_ordinary_control
in_sample,0000313616-25-000155:cfo_appointment,cfo_appointment,DHR,unknown,True,3-6m,0,all_disclosures_30d,0.05,3.0,2,matching,no_usable_ordinary_control
in_sample,0000313616-25-000155:cfo_appointment,cfo_appointment,DHR,unknown,True,3-6m,0,all_disclosures_30d,0.05,3.0,3,matching,no_usable_ordinary_control
in_sample,0000313616-25-000155:cfo_appointment,cfo_appointment,DHR,unknown,True,3-6m,0,all_disclosures_30d,0.05,3.0,5,matching,no_usable_ordinary_control
in_sample,0000313616-25-000155:cfo_appointment,cfo_appointment,DHR,unknown,True,3-6m,0,all_disclosures_30d,0.05,3.0,10,matching,no_usable_ordinary_control
in_sample,0000313616-25-000155:cfo_appointment,cfo_appointment,DHR,unknown,True,3-6m,0,all_disclosures_30d,0.05,3.0,21,matching,no_usable_ordinary_control
in_sample,0000313616-25-000155:cfo_appointment,cfo_appointment,DHR,unknown,True,3-6m,0,all_disclosures_30d,0.05,3.0,42,matching,no_usable_ordinary_control
in_sample,0000313616-25-000155:cfo_appointment,cfo_appointment,DHR,unknown,True,3-6m,0,all_disclosures_30d,0.05,3.0,63,matching,no_usable_ordinary_control
in_sample,0000313616-25-000155:cfo_appointment,cfo_appointment,DHR,unknown,True,3-6m,0,all_disclosures_30d,0.05,3.0,exp,matching,no_usable_ordinary_control
in_sample,0001140361-25-000228:cfo_appointment,cfo_appointment,AAPL,routine,True,3-6m,0,all_disclosures_30d,0.05,3.0,1,matching,no_usable_ordinary_control
in_sample,0001140361-25-000228:cfo_appointment,cfo_appointment,AAPL,routine,True,3-6m,0,all_disclosures_30d,0.05,3.0,2,matching,no_usable_ordinary_control
in_sample,0001140361-25-000228:cfo_appointment,cfo_appointment,AAPL,routine,True,3-6m,0,all_disclosures_30d,0.05,3.0,3,matching,no_usable_ordinary_control
in_sample,0001140361-25-000228:cfo_appointment,cfo_appointment,AAPL,routine,True,3-6m,0,all_disclosures_30d,0.05,3.0,5,matching,no_usable_ordinary_control
in_sample,0001140361-25-000228:cfo_appointment,cfo_appointment,AAPL,routine,True,3-6m,0,all_disclosures_30d,0.05,3.0,10,matching,no_usable_ordinary_control
in_sample,0001140361-25-000228:cfo_appointment,cfo_appointment,AAPL,routine,True,3-6m,0,all_disclosures_30d,0.05,3.0,21,matching,no_usable_ordinary_control
in_sample,0001140361-25-000228:cfo_appointment,cfo_appointment,AAPL,routine,True,3-6m,0,all_disclosures_30d,0.05,3.0,42,matching,no_usable_ordinary_control
in_sample,0001140361-25-000228:cfo_appointment,cfo_appointment,AAPL,routine,True,3-6m,0,all_disclosures_30d,0.05,3.0,63,matching,no_usable_ordinary_control
in_sample,0001140361-25-000228:cfo_appointment,cfo_appointment,AAPL,routine,True,3-6m,0,all_disclosures_30d,0.05,3.0,exp,matching,no_usable_ordinary_control
in_sample,0000731766-25-000232:cfo_appointment,cfo_appointment,UNH,routine,True,3-6m,0,all_disclosures_30d,0.05,3.0,1,matching,no_usable_ordinary_control
in_sample,0000731766-25-000232:cfo_appointment,cfo_appointment,UNH,routine,True,3-6m,0,all_disclosures_30d,0.05,3.0,2,matching,no_usable_ordinary_control
in_sample,0000731766-25-000232:cfo_appointment,cfo_appointment,UNH,routine,True,3-6m,0,all_disclosures_30d,0.05,3.0,3,matching,no_usable_ordinary_control
in_sample,0000731766-25-000232:cfo_appointment,cfo_appointment,UNH,routine,True,3-6m,0,all_disclosures_30d,0.05,3.0,5,matching,no_usable_ordinary_control
in_sample,0000731766-25-000232:cfo_appointment,cfo_appointment,UNH,routine,True,3-6m,0,all_disclosures_30d,0.05,3.0,10,matching,no_usable_ordinary_control
in_sample,0000731766-25-000232:cfo_appointment,cfo_appointment,UNH,routine,True,3-6m,0,all_disclosures_30d,0.05,3.0,21,matching,no_usable_ordinary_control
in_sample,0000731766-25-000232:cfo_appointment,cfo_appointment,UNH,routine,True,3-6m,0,all_disclosures_30d,0.05,3.0,42,matching,no_usable_ordinary_control
in_sample,0000731766-25-000232:cfo_appointment,cfo_appointment,UNH,routine,True,3-6m,0,all_disclosures_30d,0.05,3.0,63,matching,no_usable_ordinary_control
in_sample,0000731766-25-000232:cfo_appointment,cfo_appointment,UNH,routine,True,3-6m,0,all_disclosures_30d,0.05,3.0,exp,matching,no_usable_ordinary_control
in_sample,0000753308-25-000019:cfo_appointment,cfo_appointment,NEE,routine,True,3-6m,0,all_disclosures_30d,0.05,3.0,1,matching,no_usable_ordinary_control
in_sample,0000753308-25-000019:cfo_appointment,cfo_appointment,NEE,routine,True,3-6m,0,all_disclosures_30d,0.05,3.0,2,matching,no_usable_ordinary_control
in_sample,0000753308-25-000019:cfo_appointment,cfo_appointment,NEE,routine,True,3-6m,0,all_disclosures_30d,0.05,3.0,3,matching,no_usable_ordinary_control
in_sample,0000753308-25-000019:cfo_appointment,cfo_appointment,NEE,routine,True,3-6m,0,all_disclosures_30d,0.05,3.0,5,matching,no_usable_ordinary_control
in_sample,0000753308-25-000019:cfo_appointment,cfo_appointment,NEE,routine,True,3-6m,0,all_disclosures_30d,0.05,3.0,10,matching,no_usable_ordinary_control
in_sample,0000753308-25-000019:cfo_appointment,cfo_appointment,NEE,routine,True,3-6m,0,all_disclosures_30d,0.05,3.0,21,matching,no_usable_ordinary_control
in_sample,0000753308-25-000019:cfo_appointment,cfo_appointment,NEE,routine,True,3-6m,0,all_disclosures_30d,0.05,3.0,42,matching,no_usable_ordinary_control
in_sample,0000753308-25-000019:cfo_appointment,cfo_appointment,NEE,routine,True,3-6m,0,all_disclosures_30d,0.05,3.0,63,matching,no_usable_ordinary_control
in_sample,0000753308-25-000019:cfo_appointment,cfo_appointment,NEE,routine,True,3-6m,0,all_disclosures_30d,0.05,3.0,exp,matching,no_usable_ordinary_control
in_sample,0000764180-25-000133:cfo_appointment,cfo_appointment,MO,routine,True,3-6m,0,all_disclosures_30d,0.05,3.0,1,matching,no_usable_ordinary_control
in_sample,0000764180-25-000133:cfo_appointment,cfo_appointment,MO,routine,True,3-6m,0,all_disclosures_30d,0.05,3.0,2,matching,no_usable_ordinary_control
in_sample,0000764180-25-000133:cfo_appointment,cfo_appointment,MO,routine,True,3-6m,0,all_disclosures_30d,0.05,3.0,3,matching,no_usable_ordinary_control
in_sample,0000764180-25-000133:cfo_appointment,cfo_appointment,MO,routine,True,3-6m,0,all_disclosures_30d,0.05,3.0,5,matching,no_usable_ordinary_control
in_sample,0000764180-25-000133:cfo_appointment,cfo_appointment,MO,routine,True,3-6m,0,all_disclosures_30d,0.05,3.0,10,matching,no_usable_ordinary_control
in_sample,0000764180-25-000133:cfo_appointment,cfo_appointment,MO,routine,True,3-6m,0,all_disclosures_30d,0.05,3.0,21,matching,no_usable_ordinary_control
in_sample,0000764180-25-000133:cfo_appointment,cfo_appointment,MO,routine,True,3-6m,0,all_disclosures_30d,0.05,3.0,42,matching,no_usable_ordinary_control
in_sample,0000764180-25-000133:cfo_appointment,cfo_appointment,MO,routine,True,3-6m,0,all_disclosures_30d,0.05,3.0,63,matching,no_usable_ordinary_control
in_sample,0000764180-25-000133:cfo_appointment,cfo_appointment,MO,routine,True,3-6m,0,all_disclosures_30d,0.05,3.0,exp,matching,no_usable_ordinary_control
in_sample,0000773840-24-000086:cfo_appointment,cfo_appointment,HON,unknown,True,3-6m,0,all_disclosures_30d,0.05,3.0,1,matching,no_usable_ordinary_control
in_sample,0000773840-24-000086:cfo_appointment,cfo_appointment,HON,unknown,True,3-6m,0,all_disclosures_30d,0.05,3.0,2,matching,no_usable_ordinary_control
in_sample,0000773840-24-000086:cfo_appointment,cfo_appointment,HON,unknown,True,3-6m,0,all_disclosures_30d,0.05,3.0,3,matching,no_usable_ordinary_control
in_sample,0000773840-24-000086:cfo_appointment,cfo_appointment,HON,unknown,True,3-6m,0,all_disclosures_30d,0.05,3.0,5,matching,no_usable_ordinary_control
in_sample,0000773840-24-000086:cfo_appointment,cfo_appointment,HON,unknown,True,3-6m,0,all_disclosures_30d,0.05,3.0,10,matching,no_usable_ordinary_control
in_sample,0000773840-24-000086:cfo_appointment,cfo_appointment,HON,unknown,True,3-6m,0,all_disclosures_30d,0.05,3.0,21,matching,no_usable_ordinary_control
in_sample,0000773840-24-000086:cfo_appointment,cfo_appointment,HON,unknown,True,3-6m,0,all_disclosures_30d,0.05,3.0,42,matching,no_usable_ordinary_control
in_sample,0000773840-24-000086:cfo_appointment,cfo_appointment,HON,unknown,True,3-6m,0,all_disclosures_30d,0.05,3.0,63,matching,no_usable_ordinary_control
in_sample,0000773840-24-000086:cfo_appointment,cfo_appointment,HON,unknown,True,3-6m,0,all_disclosures_30d,0.05,3.0,exp,matching,no_usable_ordinary_control
in_sample,0000773840-25-000014:cfo_appointment,cfo_appointment,HON,unknown,True,3-6m,0,all_disclosures_30d,0.05,3.0,1,matching,no_usable_ordinary_control
in_sample,0000773840-25-000014:cfo_appointment,cfo_appointment,HON,unknown,True,3-6m,0,all_disclosures_30d,0.05,3.0,2,matching,no_usable_ordinary_control
in_sample,0000773840-25-000014:cfo_appointment,cfo_appointment,HON,unknown,True,3-6m,0,all_disclosures_30d,0.05,3.0,3,matching,no_usable_ordinary_control
in_sample,0000773840-25-000014:cfo_appointment,cfo_appointment,HON,unknown,True,3-6m,0,all_disclosures_30d,0.05,3.0,5,matching,no_usable_ordinary_control
in_sample,0000773840-25-000014:cfo_appointment,cfo_appointment,HON,unknown,True,3-6m,0,all_disclosures_30d,0.05,3.0,10,matching,no_usable_ordinary_control
in_sample,0000773840-25-000014:cfo_appointment,cfo_appointment,HON,unknown,True,3-6m,0,all_disclosures_30d,0.05,3.0,21,matching,no_usable_ordinary_control
in_sample,0000773840-25-000014:cfo_appointment,cfo_appointment,HON,unknown,True,3-6m,0,all_disclosures_30d,0.05,3.0,42,matching,no_usable_ordinary_control
in_sample,0000773840-25-000014:cfo_appointment,cfo_appointment,HON,unknown,True,3-6m,0,all_disclosures_30d,0.05,3.0,63,matching,no_usable_ordinary_control
in_sample,0000773840-25-000014:cfo_appointment,cfo_appointment,HON,unknown,True,3-6m,0,all_disclosures_30d,0.05,3.0,exp,matching,no_usable_ordinary_control
in_sample,0001104659-25-114632:cfo_appointment,cfo_appointment,C,unknown,True,3-6m,0,all_disclosures_30d,0.05,3.0,1,matching,no_usable_ordinary_control
in_sample,0001104659-25-114632:cfo_appointment,cfo_appointment,C,unknown,True,3-6m,0,all_disclosures_30d,0.05,3.0,2,matching,no_usable_ordinary_control
in_sample,0001104659-25-114632:cfo_appointment,cfo_appointment,C,unknown,True,3-6m,0,all_disclosures_30d,0.05,3.0,3,matching,no_usable_ordinary_control
in_sample,0001104659-25-114632:cfo_appointment,cfo_appointment,C,unknown,True,3-6m,0,all_disclosures_30d,0.05,3.0,5,matching,no_usable_ordinary_control
in_sample,0001104659-25-114632:cfo_appointment,cfo_appointment,C,unknown,True,3-6m,0,all_disclosures_30d,0.05,3.0,10,matching,no_usable_ordinary_control
in_sample,0001104659-25-114632:cfo_appointment,cfo_appointment,C,unknown,True,3-6m,0,all_disclosures_30d,0.05,3.0,21,matching,no_usable_ordinary_control
in_sample,0001104659-25-114632:cfo_appointment,cfo_appointment,C,unknown,True,3-6m,0,all_disclosures_30d,0.05,3.0,42,matching,no_usable_ordinary_control
in_sample,0001104659-25-114632:cfo_appointment,cfo_appointment,C,unknown,True,3-6m,0,all_disclosures_30d,0.05,3.0,63,matching,no_usable_ordinary_control
in_sample,0001104659-25-114632:cfo_appointment,cfo_appointment,C,unknown,True,3-6m,0,all_disclosures_30d,0.05,3.0,exp,matching,no_usable_ordinary_control
in_sample,0000858877-25-000021:cfo_appointment,cfo_appointment,CSCO,routine,True,3-6m,0,all_disclosures_30d,0.05,3.0,1,matching,no_usable_ordinary_control
in_sample,0000858877-25-000021:cfo_appointment,cfo_appointment,CSCO,routine,True,3-6m,0,all_disclosures_30d,0.05,3.0,2,matching,no_usable_ordinary_control
in_sample,0000858877-25-000021:cfo_appointment,cfo_appointment,CSCO,routine,True,3-6m,0,all_disclosures_30d,0.05,3.0,3,matching,no_usable_ordinary_control
in_sample,0000858877-25-000021:cfo_appointment,cfo_appointment,CSCO,routine,True,3-6m,0,all_disclosures_30d,0.05,3.0,5,matching,no_usable_ordinary_control
in_sample,0000858877-25-000021:cfo_appointment,cfo_appointment,CSCO,routine,True,3-6m,0,all_disclosures_30d,0.05,3.0,10,matching,no_usable_ordinary_control
in_sample,0000858877-25-000021:cfo_appointment,cfo_appointment,CSCO,routine,True,3-6m,0,all_disclosures_30d,0.05,3.0,21,matching,no_usable_ordinary_control
in_sample,0000858877-25-000021:cfo_appointment,cfo_appointment,CSCO,routine,True,3-6m,0,all_disclosures_30d,0.05,3.0,42,matching,no_usable_ordinary_control
in_sample,0000858877-25-000021:cfo_appointment,cfo_appointment,CSCO,routine,True,3-6m,0,all_disclosures_30d,0.05,3.0,63,matching,no_usable_ordinary_control
in_sample,0000858877-25-000021:cfo_appointment,cfo_appointment,CSCO,routine,True,3-6m,0,all_disclosures_30d,0.05,3.0,exp,matching,no_usable_ordinary_control
in_sample,0001193125-25-314935:cfo_appointment,cfo_appointment,BRK.B,unknown,True,3-6m,0,all_disclosures_30d,0.05,3.0,1,matching,no_usable_ordinary_control
in_sample,0001193125-25-314935:cfo_appointment,cfo_appointment,BRK.B,unknown,True,3-6m,0,all_disclosures_30d,0.05,3.0,2,matching,no_usable_ordinary_control
in_sample,0001193125-25-314935:cfo_appointment,cfo_appointment,BRK.B,unknown,True,3-6m,0,all_disclosures_30d,0.05,3.0,3,matching,no_usable_ordinary_control
in_sample,0001193125-25-314935:cfo_appointment,cfo_appointment,BRK.B,unknown,True,3-6m,0,all_disclosures_30d,0.05,3.0,5,matching,no_usable_ordinary_control
in_sample,0001193125-25-314935:cfo_appointment,cfo_appointment,BRK.B,unknown,True,3-6m,0,all_disclosures_30d,0.05,3.0,10,matching,no_usable_ordinary_control
in_sample,0001193125-25-314935:cfo_appointment,cfo_appointment,BRK.B,unknown,True,3-6m,0,all_disclosures_30d,0.05,3.0,21,matching,no_usable_ordinary_control
in_sample,0001193125-25-314935:cfo_appointment,cfo_appointment,BRK.B,unknown,True,3-6m,0,all_disclosures_30d,0.05,3.0,42,matching,no_usable_ordinary_control
in_sample,0001193125-25-314935:cfo_appointment,cfo_appointment,BRK.B,unknown,True,3-6m,0,all_disclosures_30d,0.05,3.0,63,matching,no_usable_ordinary_control
in_sample,0001193125-25-314935:cfo_appointment,cfo_appointment,BRK.B,unknown,True,3-6m,0,all_disclosures_30d,0.05,3.0,exp,matching,no_usable_ordinary_control
in_sample,0001075531-24-000003:cfo_appointment,cfo_appointment,BKNG,unknown,True,3-6m,0,all_disclosures_30d,0.05,3.0,1,matching,no_usable_ordinary_control
in_sample,0001075531-24-000003:cfo_appointment,cfo_appointment,BKNG,unknown,True,3-6m,0,all_disclosures_30d,0.05,3.0,2,matching,no_usable_ordinary_control
in_sample,0001075531-24-000003:cfo_appointment,cfo_appointment,BKNG,unknown,True,3-6m,0,all_disclosures_30d,0.05,3.0,3,matching,no_usable_ordinary_control
in_sample,0001075531-24-000003:cfo_appointment,cfo_appointment,BKNG,unknown,True,3-6m,0,all_disclosures_30d,0.05,3.0,5,matching,no_usable_ordinary_control
in_sample,0001075531-24-000003:cfo_appointment,cfo_appointment,BKNG,unknown,True,3-6m,0,all_disclosures_30d,0.05,3.0,10,matching,no_usable_ordinary_control
in_sample,0001075531-24-000003:cfo_appointment,cfo_appointment,BKNG,unknown,True,3-6m,0,all_disclosures_30d,0.05,3.0,21,matching,no_usable_ordinary_control
in_sample,0001075531-24-000003:cfo_appointment,cfo_appointment,BKNG,unknown,True,3-6m,0,all_disclosures_30d,0.05,3.0,42,matching,no_usable_ordinary_control
in_sample,0001075531-24-000003:cfo_appointment,cfo_appointment,BKNG,unknown,True,3-6m,0,all_disclosures_30d,0.05,3.0,63,matching,no_usable_ordinary_control
in_sample,0001075531-24-000003:cfo_appointment,cfo_appointment,BKNG,unknown,True,3-6m,0,all_disclosures_30d,0.05,3.0,exp,matching,no_usable_ordinary_control
in_sample,0001090727-24-000038:cfo_appointment,cfo_appointment,UPS,unknown,True,3-6m,0,all_disclosures_30d,0.05,3.0,1,matching,no_usable_ordinary_control
in_sample,0001090727-24-000038:cfo_appointment,cfo_appointment,UPS,unknown,True,3-6m,0,all_disclosures_30d,0.05,3.0,2,matching,no_usable_ordinary_control
in_sample,0001090727-24-000038:cfo_appointment,cfo_appointment,UPS,unknown,True,3-6m,0,all_disclosures_30d,0.05,3.0,3,matching,no_usable_ordinary_control
in_sample,0001090727-24-000038:cfo_appointment,cfo_appointment,UPS,unknown,True,3-6m,0,all_disclosures_30d,0.05,3.0,5,matching,no_usable_ordinary_control
in_sample,0001090727-24-000038:cfo_appointment,cfo_appointment,UPS,unknown,True,3-6m,0,all_disclosures_30d,0.05,3.0,10,matching,no_usable_ordinary_control
in_sample,0001090727-24-000038:cfo_appointment,cfo_appointment,UPS,unknown,True,3-6m,0,all_disclosures_30d,0.05,3.0,21,matching,no_usable_ordinary_control
in_sample,0001090727-24-000038:cfo_appointment,cfo_appointment,UPS,unknown,True,3-6m,0,all_disclosures_30d,0.05,3.0,42,matching,no_usable_ordinary_control
in_sample,0001090727-24-000038:cfo_appointment,cfo_appointment,UPS,unknown,True,3-6m,0,all_disclosures_30d,0.05,3.0,63,matching,no_usable_ordinary_control
in_sample,0001090727-24-000038:cfo_appointment,cfo_appointment,UPS,unknown,True,3-6m,0,all_disclosures_30d,0.05,3.0,exp,matching,no_usable_ordinary_control
in_sample,0001613103-24-000076:cfo_appointment,cfo_appointment,MDT,routine,True,3-6m,0,all_disclosures_30d,0.05,3.0,1,matching,no_usable_ordinary_control
in_sample,0001613103-24-000076:cfo_appointment,cfo_appointment,MDT,routine,True,3-6m,0,all_disclosures_30d,0.05,3.0,2,matching,no_usable_ordinary_control
in_sample,0001613103-24-000076:cfo_appointment,cfo_appointment,MDT,routine,True,3-6m,0,all_disclosures_30d,0.05,3.0,3,matching,no_usable_ordinary_control
in_sample,0001613103-24-000076:cfo_appointment,cfo_appointment,MDT,routine,True,3-6m,0,all_disclosures_30d,0.05,3.0,5,matching,no_usable_ordinary_control
in_sample,0001613103-24-000076:cfo_appointment,cfo_appointment,MDT,routine,True,3-6m,0,all_disclosures_30d,0.05,3.0,10,matching,no_usable_ordinary_control
in_sample,0001613103-24-000076:cfo_appointment,cfo_appointment,MDT,routine,True,3-6m,0,all_disclosures_30d,0.05,3.0,21,matching,no_usable_ordinary_control
in_sample,0001613103-24-000076:cfo_appointment,cfo_appointment,MDT,routine,True,3-6m,0,all_disclosures_30d,0.05,3.0,42,matching,no_usable_ordinary_control
in_sample,0001613103-24-000076:cfo_appointment,cfo_appointment,MDT,routine,True,3-6m,0,all_disclosures_30d,0.05,3.0,63,matching,no_usable_ordinary_control
in_sample,0001613103-24-000076:cfo_appointment,cfo_appointment,MDT,routine,True,3-6m,0,all_disclosures_30d,0.05,3.0,exp,matching,no_usable_ordinary_control
in_sample,0001613103-25-000005:cfo_appointment,cfo_appointment,MDT,unknown,True,3-6m,0,all_disclosures_30d,0.05,3.0,1,matching,no_usable_ordinary_control
in_sample,0001613103-25-000005:cfo_appointment,cfo_appointment,MDT,unknown,True,3-6m,0,all_disclosures_30d,0.05,3.0,2,matching,no_usable_ordinary_control
in_sample,0001613103-25-000005:cfo_appointment,cfo_appointment,MDT,unknown,True,3-6m,0,all_disclosures_30d,0.05,3.0,3,matching,no_usable_ordinary_control
in_sample,0001613103-25-000005:cfo_appointment,cfo_appointment,MDT,unknown,True,3-6m,0,all_disclosures_30d,0.05,3.0,5,matching,no_usable_ordinary_control
in_sample,0001613103-25-000005:cfo_appointment,cfo_appointment,MDT,unknown,True,3-6m,0,all_disclosures_30d,0.05,3.0,10,matching,no_usable_ordinary_control
in_sample,0001613103-25-000005:cfo_appointment,cfo_appointment,MDT,unknown,True,3-6m,0,all_disclosures_30d,0.05,3.0,21,matching,no_usable_ordinary_control
in_sample,0001613103-25-000005:cfo_appointment,cfo_appointment,MDT,unknown,True,3-6m,0,all_disclosures_30d,0.05,3.0,42,matching,no_usable_ordinary_control
in_sample,0001613103-25-000005:cfo_appointment,cfo_appointment,MDT,unknown,True,3-6m,0,all_disclosures_30d,0.05,3.0,63,matching,no_usable_ordinary_control
in_sample,0001613103-25-000005:cfo_appointment,cfo_appointment,MDT,unknown,True,3-6m,0,all_disclosures_30d,0.05,3.0,exp,matching,no_usable_ordinary_control
in_sample,0001193125-24-154725:cfo_appointment,cfo_appointment,GOOGL,routine,True,3-6m,0,all_disclosures_30d,0.05,3.0,1,matching,no_usable_ordinary_control
in_sample,0001193125-24-154725:cfo_appointment,cfo_appointment,GOOGL,routine,True,3-6m,0,all_disclosures_30d,0.05,3.0,2,matching,no_usable_ordinary_control
in_sample,0001193125-24-154725:cfo_appointment,cfo_appointment,GOOGL,routine,True,3-6m,0,all_disclosures_30d,0.05,3.0,3,matching,no_usable_ordinary_control
in_sample,0001193125-24-154725:cfo_appointment,cfo_appointment,GOOGL,routine,True,3-6m,0,all_disclosures_30d,0.05,3.0,5,matching,no_usable_ordinary_control
in_sample,0001193125-24-154725:cfo_appointment,cfo_appointment,GOOGL,routine,True,3-6m,0,all_disclosures_30d,0.05,3.0,10,matching,no_usable_ordinary_control
in_sample,0001193125-24-154725:cfo_appointment,cfo_appointment,GOOGL,routine,True,3-6m,0,all_disclosures_30d,0.05,3.0,21,matching,no_usable_ordinary_control
in_sample,0001193125-24-154725:cfo_appointment,cfo_appointment,GOOGL,routine,True,3-6m,0,all_disclosures_30d,0.05,3.0,42,matching,no_usable_ordinary_control
in_sample,0001193125-24-154725:cfo_appointment,cfo_appointment,GOOGL,routine,True,3-6m,0,all_disclosures_30d,0.05,3.0,63,matching,no_usable_ordinary_control
in_sample,0001193125-24-154725:cfo_appointment,cfo_appointment,GOOGL,routine,True,3-6m,0,all_disclosures_30d,0.05,3.0,exp,matching,no_usable_ordinary_control
in_sample,0000059478-24-000146:cfo_resignation,cfo_resignation,LLY,unknown,True,3-6m,0,all_disclosures_30d,0.05,3.0,1,matching,no_usable_ordinary_control
in_sample,0000059478-24-000146:cfo_resignation,cfo_resignation,LLY,unknown,True,3-6m,0,all_disclosures_30d,0.05,3.0,2,matching,no_usable_ordinary_control
in_sample,0000059478-24-000146:cfo_resignation,cfo_resignation,LLY,unknown,True,3-6m,0,all_disclosures_30d,0.05,3.0,3,matching,no_usable_ordinary_control
in_sample,0000059478-24-000146:cfo_resignation,cfo_resignation,LLY,unknown,True,3-6m,0,all_disclosures_30d,0.05,3.0,5,matching,no_usable_ordinary_control
in_sample,0000059478-24-000146:cfo_resignation,cfo_resignation,LLY,unknown,True,3-6m,0,all_disclosures_30d,0.05,3.0,10,matching,no_usable_ordinary_control
in_sample,0000059478-24-000146:cfo_resignation,cfo_resignation,LLY,unknown,True,3-6m,0,all_disclosures_30d,0.05,3.0,21,matching,no_usable_ordinary_control
in_sample,0000059478-24-000146:cfo_resignation,cfo_resignation,LLY,unknown,True,3-6m,0,all_disclosures_30d,0.05,3.0,42,matching,no_usable_ordinary_control
in_sample,0000059478-24-000146:cfo_resignation,cfo_resignation,LLY,unknown,True,3-6m,0,all_disclosures_30d,0.05,3.0,63,matching,no_usable_ordinary_control
in_sample,0000059478-24-000146:cfo_resignation,cfo_resignation,LLY,unknown,True,3-6m,0,all_disclosures_30d,0.05,3.0,exp,matching,no_usable_ordinary_control
in_sample,0000059478-24-000164:cfo_resignation,cfo_resignation,LLY,unknown,True,3-6m,0,all_disclosures_30d,0.05,3.0,1,matching,no_usable_ordinary_control
in_sample,0000059478-24-000164:cfo_resignation,cfo_resignation,LLY,unknown,True,3-6m,0,all_disclosures_30d,0.05,3.0,2,matching,no_usable_ordinary_control
in_sample,0000059478-24-000164:cfo_resignation,cfo_resignation,LLY,unknown,True,3-6m,0,all_disclosures_30d,0.05,3.0,3,matching,no_usable_ordinary_control
in_sample,0000059478-24-000164:cfo_resignation,cfo_resignation,LLY,unknown,True,3-6m,0,all_disclosures_30d,0.05,3.0,5,matching,no_usable_ordinary_control
in_sample,0000059478-24-000164:cfo_resignation,cfo_resignation,LLY,unknown,True,3-6m,0,all_disclosures_30d,0.05,3.0,10,matching,no_usable_ordinary_control
in_sample,0000059478-24-000164:cfo_resignation,cfo_resignation,LLY,unknown,True,3-6m,0,all_disclosures_30d,0.05,3.0,21,matching,no_usable_ordinary_control
in_sample,0000059478-24-000164:cfo_resignation,cfo_resignation,LLY,unknown,True,3-6m,0,all_disclosures_30d,0.05,3.0,42,matching,no_usable_ordinary_control
in_sample,0000059478-24-000164:cfo_resignation,cfo_resignation,LLY,unknown,True,3-6m,0,all_disclosures_30d,0.05,3.0,63,matching,no_usable_ordinary_control
in_sample,0000059478-24-000164:cfo_resignation,cfo_resignation,LLY,unknown,True,3-6m,0,all_disclosures_30d,0.05,3.0,exp,matching,no_usable_ordinary_control
in_sample,0000066740-24-000070:cfo_resignation,cfo_resignation,MMM,unknown,True,3-6m,0,all_disclosures_30d,0.05,3.0,1,matching,no_usable_ordinary_control
in_sample,0000066740-24-000070:cfo_resignation,cfo_resignation,MMM,unknown,True,3-6m,0,all_disclosures_30d,0.05,3.0,2,matching,no_usable_ordinary_control
in_sample,0000066740-24-000070:cfo_resignation,cfo_resignation,MMM,unknown,True,3-6m,0,all_disclosures_30d,0.05,3.0,3,matching,no_usable_ordinary_control
in_sample,0000066740-24-000070:cfo_resignation,cfo_resignation,MMM,unknown,True,3-6m,0,all_disclosures_30d,0.05,3.0,5,matching,no_usable_ordinary_control
in_sample,0000066740-24-000070:cfo_resignation,cfo_resignation,MMM,unknown,True,3-6m,0,all_disclosures_30d,0.05,3.0,10,matching,no_usable_ordinary_control
in_sample,0000066740-24-000070:cfo_resignation,cfo_resignation,MMM,unknown,True,3-6m,0,all_disclosures_30d,0.05,3.0,21,matching,no_usable_ordinary_control
in_sample,0000066740-24-000070:cfo_resignation,cfo_resignation,MMM,unknown,True,3-6m,0,all_disclosures_30d,0.05,3.0,42,matching,no_usable_ordinary_control
in_sample,0000066740-24-000070:cfo_resignation,cfo_resignation,MMM,unknown,True,3-6m,0,all_disclosures_30d,0.05,3.0,63,matching,no_usable_ordinary_control
in_sample,0000066740-24-000070:cfo_resignation,cfo_resignation,MMM,unknown,True,3-6m,0,all_disclosures_30d,0.05,3.0,exp,matching,no_usable_ordinary_control
in_sample,0000753308-25-000019:cfo_resignation,cfo_resignation,NEE,routine,False,3-6m,0,all_disclosures_30d,0.05,3.0,1,matching,no_usable_ordinary_control
in_sample,0000753308-25-000019:cfo_resignation,cfo_resignation,NEE,routine,False,3-6m,0,all_disclosures_30d,0.05,3.0,2,matching,no_usable_ordinary_control
in_sample,0000753308-25-000019:cfo_resignation,cfo_resignation,NEE,routine,False,3-6m,0,all_disclosures_30d,0.05,3.0,3,matching,no_usable_ordinary_control
in_sample,0000753308-25-000019:cfo_resignation,cfo_resignation,NEE,routine,False,3-6m,0,all_disclosures_30d,0.05,3.0,5,matching,no_usable_ordinary_control
in_sample,0000753308-25-000019:cfo_resignation,cfo_resignation,NEE,routine,False,3-6m,0,all_disclosures_30d,0.05,3.0,10,matching,no_usable_ordinary_control
in_sample,0000753308-25-000019:cfo_resignation,cfo_resignation,NEE,routine,False,3-6m,0,all_disclosures_30d,0.05,3.0,21,matching,no_usable_ordinary_control
in_sample,0000753308-25-000019:cfo_resignation,cfo_resignation,NEE,routine,False,3-6m,0,all_disclosures_30d,0.05,3.0,42,matching,no_usable_ordinary_control
in_sample,0000753308-25-000019:cfo_resignation,cfo_resignation,NEE,routine,False,3-6m,0,all_disclosures_30d,0.05,3.0,63,matching,no_usable_ordinary_control
in_sample,0000753308-25-000019:cfo_resignation,cfo_resignation,NEE,routine,False,3-6m,0,all_disclosures_30d,0.05,3.0,exp,matching,no_usable_ordinary_control
in_sample,0001193125-25-314935:cfo_resignation,cfo_resignation,BRK.B,unknown,True,3-6m,0,all_disclosures_30d,0.05,3.0,1,matching,no_usable_ordinary_control
in_sample,0001193125-25-314935:cfo_resignation,cfo_resignation,BRK.B,unknown,True,3-6m,0,all_disclosures_30d,0.05,3.0,2,matching,no_usable_ordinary_control
in_sample,0001193125-25-314935:cfo_resignation,cfo_resignation,BRK.B,unknown,True,3-6m,0,all_disclosures_30d,0.05,3.0,3,matching,no_usable_ordinary_control
in_sample,0001193125-25-314935:cfo_resignation,cfo_resignation,BRK.B,unknown,True,3-6m,0,all_disclosures_30d,0.05,3.0,5,matching,no_usable_ordinary_control
in_sample,0001193125-25-314935:cfo_resignation,cfo_resignation,BRK.B,unknown,True,3-6m,0,all_disclosures_30d,0.05,3.0,10,matching,no_usable_ordinary_control
in_sample,0001193125-25-314935:cfo_resignation,cfo_resignation,BRK.B,unknown,True,3-6m,0,all_disclosures_30d,0.05,3.0,21,matching,no_usable_ordinary_control
in_sample,0001193125-25-314935:cfo_resignation,cfo_resignation,BRK.B,unknown,True,3-6m,0,all_disclosures_30d,0.05,3.0,42,matching,no_usable_ordinary_control
in_sample,0001193125-25-314935:cfo_resignation,cfo_resignation,BRK.B,unknown,True,3-6m,0,all_disclosures_30d,0.05,3.0,63,matching,no_usable_ordinary_control
in_sample,0001193125-25-314935:cfo_resignation,cfo_resignation,BRK.B,unknown,True,3-6m,0,all_disclosures_30d,0.05,3.0,exp,matching,no_usable_ordinary_control
in_sample,0001613103-24-000076:cfo_resignation,cfo_resignation,MDT,routine,False,3-6m,0,all_disclosures_30d,0.05,3.0,1,matching,no_usable_ordinary_control
in_sample,0001613103-24-000076:cfo_resignation,cfo_resignation,MDT,routine,False,3-6m,0,all_disclosures_30d,0.05,3.0,2,matching,no_usable_ordinary_control
in_sample,0001613103-24-000076:cfo_resignation,cfo_resignation,MDT,routine,False,3-6m,0,all_disclosures_30d,0.05,3.0,3,matching,no_usable_ordinary_control
in_sample,0001613103-24-000076:cfo_resignation,cfo_resignation,MDT,routine,False,3-6m,0,all_disclosures_30d,0.05,3.0,5,matching,no_usable_ordinary_control
in_sample,0001613103-24-000076:cfo_resignation,cfo_resignation,MDT,routine,False,3-6m,0,all_disclosures_30d,0.05,3.0,10,matching,no_usable_ordinary_control
in_sample,0001613103-24-000076:cfo_resignation,cfo_resignation,MDT,routine,False,3-6m,0,all_disclosures_30d,0.05,3.0,21,matching,no_usable_ordinary_control
in_sample,0001613103-24-000076:cfo_resignation,cfo_resignation,MDT,routine,False,3-6m,0,all_disclosures_30d,0.05,3.0,42,matching,no_usable_ordinary_control
in_sample,0001613103-24-000076:cfo_resignation,cfo_resignation,MDT,routine,False,3-6m,0,all_disclosures_30d,0.05,3.0,63,matching,no_usable_ordinary_control
in_sample,0001613103-24-000076:cfo_resignation,cfo_resignation,MDT,routine,False,3-6m,0,all_disclosures_30d,0.05,3.0,exp,matching,no_usable_ordinary_control
