group,classification,horizon,usable_events,companies
ceo_appointment,unknown,1,1,1
ceo_appointment,unknown,2,1,1
ceo_appointment,unknown,3,1,1
ceo_appointment,unknown,5,1,1
ceo_appointment,unknown,10,1,1
ceo_appointment,unknown,21,1,1
ceo_appointment,unknown,42,1,1
ceo_appointment,unknown,63,1,1
ceo_appointment,unknown,exp,1,1
ceo_resignation,routine,1,1,1
ceo_resignation,routine,2,1,1
ceo_resignation,routine,3,1,1
ceo_resignation,routine,5,1,1
ceo_resignation,routine,10,1,1
ceo_resignation,routine,21,1,1
ceo_resignation,routine,42,1,1
ceo_resignation,routine,63,1,1
ceo_resignation,routine,exp,1,1
cfo_appointment,routine,1,1,1
cfo_appointment,routine,2,1,1
cfo_appointment,routine,3,1,1
cfo_appointment,routine,5,1,1
cfo_appointment,routine,10,1,1
cfo_appointment,routine,21,1,1
cfo_appointment,routine,42,1,1
cfo_appointment,routine,63,1,1
cfo_appointment,nonroutine,1,1,1
cfo_appointment,nonroutine,2,1,1
cfo_appointment,nonroutine,3,1,1
cfo_appointment,nonroutine,5,1,1
cfo_appointment,nonroutine,10,1,1
cfo_appointment,nonroutine,21,1,1
cfo_appointment,nonroutine,42,1,1
cfo_appointment,nonroutine,63,1,1
cfo_appointment,unknown,1,1,1
cfo_appointment,unknown,2,1,1
cfo_appointment,unknown,3,1,1
cfo_appointment,unknown,5,1,1
cfo_appointment,unknown,10,1,1
cfo_appointment,unknown,21,1,1
cfo_appointment,unknown,42,1,1
cfo_appointment,unknown,63,1,1
cfo_appointment,unknown,exp,1,1
