window,event_id,group,ticker,classification,jev_proxy,bucket,delay,stage,reason,control_rule,otm,stale,horizon
out_of_sample,0000005272-26-000042:ceo_appointment,ceo_appointment,AIG,unknown,True,3-6m,0,pricing,no_entry_day_call_trade,,,,
out_of_sample,0000019617-26-000241:ceo_appointment,ceo_appointment,JPM,unknown,True,3-6m,0,matching,no_usable_ordinary_control,all_disclosures_30d,0.05,3.0,1
out_of_sample,0000019617-26-000241:ceo_appointment,ceo_appointment,JPM,unknown,True,3-6m,0,matching,no_usable_ordinary_control,all_disclosures_30d,0.05,3.0,2
out_of_sample,0000019617-26-000241:ceo_appointment,ceo_appointment,JPM,unknown,True,3-6m,0,matching,no_usable_ordinary_control,all_disclosures_30d,0.05,3.0,3
out_of_sample,0000019617-26-000241:ceo_appointment,ceo_appointment,JPM,unknown,True,3-6m,0,matching,no_usable_ordinary_control,all_disclosures_30d,0.05,3.0,5
out_of_sample,0000019617-26-000241:ceo_appointment,ceo_appointment,JPM,unknown,True,3-6m,0,matching,no_usable_ordinary_control,all_disclosures_30d,0.05,3.0,10
out_of_sample,0000019617-26-000241:ceo_appointment,ceo_appointment,JPM,unknown,True,3-6m,0,matching,no_usable_ordinary_control,all_disclosures_30d,0.05,3.0,21
out_of_sample,0000019617-26-000241:ceo_appointment,ceo_appointment,JPM,unknown,True,3-6m,0,matching,no_usable_ordinary_control,all_disclosures_30d,0.05,3.0,42
out_of_sample,0000019617-26-000241:ceo_appointment,ceo_appointment,JPM,unknown,True,3-6m,0,matching,no_usable_ordinary_control,all_disclosures_30d,0.05,3.0,63
out_of_sample,0000019617-26-000241:ceo_appointment,ceo_appointment,JPM,unknown,True,3-6m,0,horizon,unresolved_horizon,all_disclosures_30d,0.05,3.0,exp
out_of_sample,0000027419-26-000004:ceo_appointment,ceo_appointment,TGT,unknown,True,3-6m,0,matching,no_usable_ordinary_control,all_disclosures_30d,0.05,3.0,1
out_of_sample,0000027419-26-000004:ceo_appointment,ceo_appointment,TGT,unknown,True,3-6m,0,matching,no_usable_ordinary_control,all_disclosures_30d,0.05,3.0,2
out_of_sample,0000027419-26-000004:ceo_appointment,ceo_appointment,TGT,unknown,True,3-6m,0,matching,no_usable_ordinary_control,all_disclosures_30d,0.05,3.0,3
out_of_sample,0000027419-26-000004:ceo_appointment,ceo_appointment,TGT,unknown,True,3-6m,0,matching,no_usable_ordinary_control,all_disclosures_30d,0.05,3.0,5
out_of_sample,0000027419-26-000004:ceo_appointment,ceo_appointment,TGT,unknown,True,3-6m,0,matching,no_usable_ordinary_control,all_disclosures_30d,0.05,3.0,10
out_of_sample,0000027419-26-000004:ceo_appointment,ceo_appointment,TGT,unknown,True,3-6m,0,matching,no_usable_ordinary_control,all_disclosures_30d,0.05,3.0,21
out_of_sample,0000027419-26-000004:ceo_appointment,ceo_appointment,TGT,unknown,True,3-6m,0,matching,no_usable_ordinary_control,all_disclosures_30d,0.05,3.0,42
out_of_sample,0000027419-26-000004:ceo_appointment,ceo_appointment,TGT,unknown,True,3-6m,0,matching,no_usable_ordinary_control,all_disclosures_30d,0.05,3.0,63
out_of_sample,0000027419-26-000004:ceo_appointment,ceo_appointment,TGT,unknown,True,3-6m,0,matching,no_usable_ordinary_control,all_disclosures_30d,0.05,3.0,exp
out_of_sample,0001193125-26-330652:ceo_appointment,ceo_appointment,DHR,unknown,True,3-6m,0,pricing,no_entry_day_call_trade,,,,
out_of_sample,0000764180-26-000073:ceo_appointment,ceo_appointment,MO,unknown,True,3-6m,0,matching,no_usable_ordinary_control,all_disclosures_30d,0.05,3.0,1
out_of_sample,0000764180-26-000073:ceo_appointment,ceo_appointment,MO,unknown,True,3-6m,0,matching,no_usable_ordinary_control,all_disclosures_30d,0.05,3.0,2
out_of_sample,0000764180-26-000073:ceo_appointment,ceo_appointment,MO,unknown,True,3-6m,0,matching,no_usable_ordinary_control,all_disclosures_30d,0.05,3.0,3
out_of_sample,0000764180-26-000073:ceo_appointment,ceo_appointment,MO,unknown,True,3-6m,0,matching,no_usable_ordinary_control,all_disclosures_30d,0.05,3.0,5
out_of_sample,0000764180-26-000073:ceo_appointment,ceo_appointment,MO,unknown,True,3-6m,0,matching,no_usable_ordinary_control,all_disclosures_30d,0.05,3.0,10
out_of_sample,0000764180-26-000073:ceo_appointment,ceo_appointment,MO,unknown,True,3-6m,0,matching,no_usable_ordinary_control,all_disclosures_30d,0.05,3.0,21
out_of_sample,0000764180-26-000073:ceo_appointment,ceo_appointment,MO,unknown,True,3-6m,0,matching,no_usable_ordinary_control,all_disclosures_30d,0.05,3.0,42
out_of_sample,0000764180-26-000073:ceo_appointment,ceo_appointment,MO,unknown,True,3-6m,0,matching,no_usable_ordinary_control,all_disclosures_30d,0.05,3.0,63
out_of_sample,0000764180-26-000073:ceo_appointment,ceo_appointment,MO,unknown,True,3-6m,0,matching,no_usable_ordinary_control,all_disclosures_30d,0.05,3.0,exp
out_of_sample,0001193125-26-035860:ceo_appointment,ceo_appointment,PYPL,unknown,True,3-6m,0,matching,no_usable_ordinary_control,all_disclosures_30d,0.05,3.0,1
out_of_sample,0001193125-26-035860:ceo_appointment,ceo_appointment,PYPL,unknown,True,3-6m,0,matching,no_usable_ordinary_control,all_disclosures_30d,0.05,3.0,2
out_of_sample,0001193125-26-035860:ceo_appointment,ceo_appointment,PYPL,unknown,True,3-6m,0,matching,no_usable_ordinary_control,all_disclosures_30d,0.05,3.0,3
out_of_sample,0001193125-26-035860:ceo_appointment,ceo_appointment,PYPL,unknown,True,3-6m,0,matching,no_usable_ordinary_control,all_disclosures_30d,0.05,3.0,5
out_of_sample,0001193125-26-035860:ceo_appointment,ceo_appointment,PYPL,unknown,True,3-6m,0,matching,no_usable_ordinary_control,all_disclosures_30d,0.05,3.0,10
out_of_sample,0001193125-26-035860:ceo_appointment,ceo_appointment,PYPL,unknown,True,3-6m,0,matching,no_usable_ordinary_control,all_disclosures_30d,0.05,3.0,21
out_of_sample,0001193125-26-035860:ceo_appointment,ceo_appointment,PYPL,unknown,True,3-6m,0,matching,no_usable_ordinary_control,all_disclosures_30d,0.05,3.0,42
out_of_sample,0001193125-26-035860:ceo_appointment,ceo_appointment,PYPL,unknown,True,3-6m,0,matching,no_usable_ordinary_control,all_disclosures_30d,0.05,3.0,63
out_of_sample,0001193125-26-035860:ceo_appointment,ceo_appointment,PYPL,unknown,True,3-6m,0,matching,no_usable_ordinary_control,all_disclosures_30d,0.05,3.0,exp
out_of_sample,0001193125-26-330652:ceo_resignation,ceo_resignation,DHR,unknown,True,3-6m,0,pricing,no_entry_day_call_trade,,,,
out_of_sample,0001104659-26-062992:ceo_resignation,ceo_resignation,NEE,unknown,True,3-6m,0,matching,no_usable_ordinary_control,all_disclosures_30d,0.05,3.0,1
out_of_sample,0001104659-26-062992:ceo_resignation,ceo_resignation,NEE,unknown,True,3-6m,0,matching,no_usable_ordinary_control,all_disclosures_30d,0.05,3.0,2
out_of_sample,0001104659-26-062992:ceo_resignation,ceo_resignation,NEE,unknown,True,3-6m,0,matching,no_usable_ordinary_control,all_disclosures_30d,0.05,3.0,3
out_of_sample,0001104659-26-062992:ceo_resignation,ceo_resignation,NEE,unknown,True,3-6m,0,matching,no_usable_ordinary_control,all_disclosures_30d,0.05,3.0,5
out_of_sample,0001104659-26-062992:ceo_resignation,ceo_resignation,NEE,unknown,True,3-6m,0,matching,no_usable_ordinary_control,all_disclosures_30d,0.05,3.0,10
out_of_sample,0001104659-26-062992:ceo_resignation,ceo_resignation,NEE,unknown,True,3-6m,0,matching,no_usable_ordinary_control,all_disclosures_30d,0.05,3.0,21
out_of_sample,0001104659-26-062992:ceo_resignation,ceo_resignation,NEE,unknown,True,3-6m,0,matching,no_usable_ordinary_control,all_disclosures_30d,0.05,3.0,42
out_of_sample,0001104659-26-062992:ceo_resignation,ceo_resignation,NEE,unknown,True,3-6m,0,matching,no_usable_ordinary_control,all_disclosures_30d,0.05,3.0,63
out_of_sample,0001104659-26-062992:ceo_resignation,ceo_resignation,NEE,unknown,True,3-6m,0,matching,no_usable_ordinary_control,all_disclosures_30d,0.05,3.0,exp
out_of_sample,0001193125-26-035860:ceo_resignation,ceo_resignation,PYPL,unknown,True,3-6m,0,matching,no_usable_ordinary_control,all_disclosures_30d,0.05,3.0,1
out_of_sample,0001193125-26-035860:ceo_resignation,ceo_resignation,PYPL,unknown,True,3-6m,0,matching,no_usable_ordinary_control,all_disclosures_30d,0.05,3.0,2
out_of_sample,0001193125-26-035860:ceo_resignation,ceo_resignation,PYPL,unknown,True,3-6m,0,matching,no_usable_ordinary_control,all_disclosures_30d,0.05,3.0,3
out_of_sample,0001193125-26-035860:ceo_resignation,ceo_resignation,PYPL,unknown,True,3-6m,0,matching,no_usable_ordinary_control,all_disclosures_30d,0.05,3.0,5
out_of_sample,0001193125-26-035860:ceo_resignation,ceo_resignation,PYPL,unknown,True,3-6m,0,matching,no_usable_ordinary_control,all_disclosures_30d,0.05,3.0,10
out_of_sample,0001193125-26-035860:ceo_resignation,ceo_resignation,PYPL,unknown,True,3-6m,0,matching,no_usable_ordinary_control,all_disclosures_30d,0.05,3.0,21
out_of_sample,0001193125-26-035860:ceo_resignation,ceo_resignation,PYPL,unknown,True,3-6m,0,matching,no_usable_ordinary_control,all_disclosures_30d,0.05,3.0,42
out_of_sample,0001193125-26-035860:ceo_resignation,ceo_resignation,PYPL,unknown,True,3-6m,0,matching,no_usable_ordinary_control,all_disclosures_30d,0.05,3.0,63
out_of_sample,0001193125-26-035860:ceo_resignation,ceo_resignation,PYPL,unknown,True,3-6m,0,matching,no_usable_ordinary_control,all_disclosures_30d,0.05,3.0,exp
out_of_sample,0001104659-26-042062:cfo_appointment,cfo_appointment,CAT,routine,True,3-6m,0,matching,no_usable_ordinary_control,all_disclosures_30d,0.05,3.0,1
out_of_sample,0001104659-26-042062:cfo_appointment,cfo_appointment,CAT,routine,True,3-6m,0,matching,no_usable_ordinary_control,all_disclosures_30d,0.05,3.0,2
out_of_sample,0001104659-26-042062:cfo_appointment,cfo_appointment,CAT,routine,True,3-6m,0,matching,no_usable_ordinary_control,all_disclosures_30d,0.05,3.0,3
out_of_sample,0001104659-26-042062:cfo_appointment,cfo_appointment,CAT,routine,True,3-6m,0,matching,no_usable_ordinary_control,all_disclosures_30d,0.05,3.0,5
out_of_sample,0001104659-26-042062:cfo_appointment,cfo_appointment,CAT,routine,True,3-6m,0,matching,no_usable_ordinary_control,all_disclosures_30d,0.05,3.0,10
out_of_sample,0001104659-26-042062:cfo_appointment,cfo_appointment,CAT,routine,True,3-6m,0,matching,no_usable_ordinary_control,all_disclosures_30d,0.05,3.0,21
out_of_sample,0001104659-26-042062:cfo_appointment,cfo_appointment,CAT,routine,True,3-6m,0,matching,no_usable_ordinary_control,all_disclosures_30d,0.05,3.0,42
out_of_sample,0001104659-26-042062:cfo_appointment,cfo_appointment,CAT,routine,True,3-6m,0,matching,no_usable_ordinary_control,all_disclosures_30d,0.05,3.0,63
out_of_sample,0001104659-26-042062:cfo_appointment,cfo_appointment,CAT,routine,True,3-6m,0,matching,no_usable_ordinary_control,all_disclosures_30d,0.05,3.0,exp
out_of_sample,0000078003-26-000085:cfo_appointment,cfo_appointment,PFE,nonroutine,True,3-6m,0,matching,no_usable_ordinary_control,all_disclosures_30d,0.05,3.0,1
out_of_sample,0000078003-26-000085:cfo_appointment,cfo_appointment,PFE,nonroutine,True,3-6m,0,matching,no_usable_ordinary_control,all_disclosures_30d,0.05,3.0,2
out_of_sample,0000078003-26-000085:cfo_appointment,cfo_appointment,PFE,nonroutine,True,3-6m,0,matching,no_usable_ordinary_control,all_disclosures_30d,0.05,3.0,3
out_of_sample,0000078003-26-000085:cfo_appointment,cfo_appointment,PFE,nonroutine,True,3-6m,0,matching,no_usable_ordinary_control,all_disclosures_30d,0.05,3.0,5
out_of_sample,0000078003-26-000085:cfo_appointment,cfo_appointment,PFE,nonroutine,True,3-6m,0,matching,no_usable_ordinary_control,all_disclosures_30d,0.05,3.0,10
out_of_sample,0000078003-26-000085:cfo_appointment,cfo_appointment,PFE,nonroutine,True,3-6m,0,matching,no_usable_ordinary_control,all_disclosures_30d,0.05,3.0,21
out_of_sample,0000078003-26-000085:cfo_appointment,cfo_appointment,PFE,nonroutine,True,3-6m,0,matching,no_usable_ordinary_control,all_disclosures_30d,0.05,3.0,42
out_of_sample,0000078003-26-000085:cfo_appointment,cfo_appointment,PFE,nonroutine,True,3-6m,0,matching,no_usable_ordinary_control,all_disclosures_30d,0.05,3.0,63
out_of_sample,0000078003-26-000085:cfo_appointment,cfo_appointment,PFE,nonroutine,True,3-6m,0,horizon,unresolved_horizon,all_disclosures_30d,0.05,3.0,exp
out_of_sample,0000950103-26-008325:cfo_appointment,cfo_appointment,TXN,nonroutine,True,3-6m,0,matching,no_usable_ordinary_control,all_disclosures_30d,0.05,3.0,1
out_of_sample,0000950103-26-008325:cfo_appointment,cfo_appointment,TXN,nonroutine,True,3-6m,0,matching,no_usable_ordinary_control,all_disclosures_30d,0.05,3.0,2
out_of_sample,0000950103-26-008325:cfo_appointment,cfo_appointment,TXN,nonroutine,True,3-6m,0,matching,no_usable_ordinary_control,all_disclosures_30d,0.05,3.0,3
out_of_sample,0000950103-26-008325:cfo_appointment,cfo_appointment,TXN,nonroutine,True,3-6m,0,matching,no_usable_ordinary_control,all_disclosures_30d,0.05,3.0,5
out_of_sample,0000950103-26-008325:cfo_appointment,cfo_appointment,TXN,nonroutine,True,3-6m,0,matching,no_usable_ordinary_control,all_disclosures_30d,0.05,3.0,10
out_of_sample,0000950103-26-008325:cfo_appointment,cfo_appointment,TXN,nonroutine,True,3-6m,0,matching,no_usable_ordinary_control,all_disclosures_30d,0.05,3.0,21
out_of_sample,0000950103-26-008325:cfo_appointment,cfo_appointment,TXN,nonroutine,True,3-6m,0,matching,no_usable_ordinary_control,all_disclosures_30d,0.05,3.0,42
out_of_sample,0000950103-26-008325:cfo_appointment,cfo_appointment,TXN,nonroutine,True,3-6m,0,matching,no_usable_ordinary_control,all_disclosures_30d,0.05,3.0,63
out_of_sample,0000950103-26-008325:cfo_appointment,cfo_appointment,TXN,nonroutine,True,3-6m,0,matching,no_usable_ordinary_control,all_disclosures_30d,0.05,3.0,exp
out_of_sample,0001104659-26-053322:cfo_appointment,cfo_appointment,DE,unknown,True,3-6m,0,matching,no_usable_ordinary_control,all_disclosures_30d,0.05,3.0,1
out_of_sample,0001104659-26-053322:cfo_appointment,cfo_appointment,DE,unknown,True,3-6m,0,matching,no_usable_ordinary_control,all_disclosures_30d,0.05,3.0,2
out_of_sample,0001104659-26-053322:cfo_appointment,cfo_appointment,DE,unknown,True,3-6m,0,matching,no_usable_ordinary_control,all_disclosures_30d,0.05,3.0,3
out_of_sample,0001104659-26-053322:cfo_appointment,cfo_appointment,DE,unknown,True,3-6m,0,matching,no_usable_ordinary_control,all_disclosures_30d,0.05,3.0,5
out_of_sample,0001104659-26-053322:cfo_appointment,cfo_appointment,DE,unknown,True,3-6m,0,matching,no_usable_ordinary_control,all_disclosures_30d,0.05,3.0,10
out_of_sample,0001104659-26-053322:cfo_appointment,cfo_appointment,DE,unknown,True,3-6m,0,matching,no_usable_ordinary_control,all_disclosures_30d,0.05,3.0,21
out_of_sample,0001104659-26-053322:cfo_appointment,cfo_appointment,DE,unknown,True,3-6m,0,matching,no_usable_ordinary_control,all_disclosures_30d,0.05,3.0,42
out_of_sample,0001104659-26-053322:cfo_appointment,cfo_appointment,DE,unknown,True,3-6m,0,matching,no_usable_ordinary_control,all_disclosures_30d,0.05,3.0,63
out_of_sample,0001104659-26-053322:cfo_appointment,cfo_appointment,DE,unknown,True,3-6m,0,matching,no_usable_ordinary_control,all_disclosures_30d,0.05,3.0,exp
out_of_sample,0000318154-26-000097:cfo_appointment,cfo_appointment,AMGN,routine,True,3-6m,0,matching,no_usable_ordinary_control,all_disclosures_30d,0.05,3.0,exp
out_of_sample,0000320187-26-000070:cfo_appointment,cfo_appointment,NKE,nonroutine,True,3-6m,0,horizon,unresolved_horizon,all_disclosures_30d,0.05,3.0,exp
out_of_sample,0000320187-26-000112:cfo_appointment,cfo_appointment,NKE,unknown,True,3-6m,0,matching,no_usable_ordinary_control,all_disclosures_30d,0.05,3.0,1
out_of_sample,0000320187-26-000112:cfo_appointment,cfo_appointment,NKE,unknown,True,3-6m,0,matching,no_usable_ordinary_control,all_disclosures_30d,0.05,3.0,2
out_of_sample,0000320187-26-000112:cfo_appointment,cfo_appointment,NKE,unknown,True,3-6m,0,matching,no_usable_ordinary_control,all_disclosures_30d,0.05,3.0,3
out_of_sample,0000320187-26-000112:cfo_appointment,cfo_appointment,NKE,unknown,True,3-6m,0,matching,no_usable_ordinary_control,all_disclosures_30d,0.05,3.0,5
out_of_sample,0000320187-26-000112:cfo_appointment,cfo_appointment,NKE,unknown,True,3-6m,0,matching,no_usable_ordinary_control,all_disclosures_30d,0.05,3.0,10
out_of_sample,0000320187-26-000112:cfo_appointment,cfo_appointment,NKE,unknown,True,3-6m,0,matching,no_usable_ordinary_control,all_disclosures_30d,0.05,3.0,21
out_of_sample,0000320187-26-000112:cfo_appointment,cfo_appointment,NKE,unknown,True,3-6m,0,horizon,unresolved_horizon,all_disclosures_30d,0.05,3.0,42
out_of_sample,0000320187-26-000112:cfo_appointment,cfo_appointment,NKE,unknown,True,3-6m,0,horizon,unresolved_horizon,all_disclosures_30d,0.05,3.0,63
out_of_sample,0000320187-26-000112:cfo_appointment,cfo_appointment,NKE,unknown,True,3-6m,0,horizon,unresolved_horizon,all_disclosures_30d,0.05,3.0,exp
out_of_sample,0001193125-26-272580:cfo_appointment,cfo_appointment,T,routine,True,3-6m,0,matching,no_usable_ordinary_control,all_disclosures_30d,0.05,3.0,1
out_of_sample,0001193125-26-272580:cfo_appointment,cfo_appointment,T,routine,True,3-6m,0,matching,no_usable_ordinary_control,all_disclosures_30d,0.05,3.0,2
out_of_sample,0001193125-26-272580:cfo_appointment,cfo_appointment,T,routine,True,3-6m,0,matching,no_usable_ordinary_control,all_disclosures_30d,0.05,3.0,3
out_of_sample,0001193125-26-272580:cfo_appointment,cfo_appointment,T,routine,True,3-6m,0,matching,no_usable_ordinary_control,all_disclosures_30d,0.05,3.0,5
out_of_sample,0001193125-26-272580:cfo_appointment,cfo_appointment,T,routine,True,3-6m,0,matching,no_usable_ordinary_control,all_disclosures_30d,0.05,3.0,10
out_of_sample,0001193125-26-272580:cfo_appointment,cfo_appointment,T,routine,True,3-6m,0,matching,no_usable_ordinary_control,all_disclosures_30d,0.05,3.0,21
out_of_sample,0001193125-26-272580:cfo_appointment,cfo_appointment,T,routine,True,3-6m,0,matching,no_usable_ordinary_control,all_disclosures_30d,0.05,3.0,42
out_of_sample,0001193125-26-272580:cfo_appointment,cfo_appointment,T,routine,True,3-6m,0,matching,no_usable_ordinary_control,all_disclosures_30d,0.05,3.0,63
out_of_sample,0001193125-26-272580:cfo_appointment,cfo_appointment,T,routine,True,3-6m,0,horizon,unresolved_horizon,all_disclosures_30d,0.05,3.0,exp
out_of_sample,0000764180-26-000073:cfo_appointment,cfo_appointment,MO,unknown,True,3-6m,0,matching,no_usable_ordinary_control,all_disclosures_30d,0.05,3.0,1
out_of_sample,0000764180-26-000073:cfo_appointment,cfo_appointment,MO,unknown,True,3-6m,0,matching,no_usable_ordinary_control,all_disclosures_30d,0.05,3.0,2
out_of_sample,0000764180-26-000073:cfo_appointment,cfo_appointment,MO,unknown,True,3-6m,0,matching,no_usable_ordinary_control,all_disclosures_30d,0.05,3.0,3
out_of_sample,0000764180-26-000073:cfo_appointment,cfo_appointment,MO,unknown,True,3-6m,0,matching,no_usable_ordinary_control,all_disclosures_30d,0.05,3.0,5
out_of_sample,0000764180-26-000073:cfo_appointment,cfo_appointment,MO,unknown,True,3-6m,0,matching,no_usable_ordinary_control,all_disclosures_30d,0.05,3.0,10
out_of_sample,0000764180-26-000073:cfo_appointment,cfo_appointment,MO,unknown,True,3-6m,0,matching,no_usable_ordinary_control,all_disclosures_30d,0.05,3.0,21
out_of_sample,0000764180-26-000073:cfo_appointment,cfo_appointment,MO,unknown,True,3-6m,0,matching,no_usable_ordinary_control,all_disclosures_30d,0.05,3.0,42
out_of_sample,0000764180-26-000073:cfo_appointment,cfo_appointment,MO,unknown,True,3-6m,0,matching,no_usable_ordinary_control,all_disclosures_30d,0.05,3.0,63
out_of_sample,0000764180-26-000073:cfo_appointment,cfo_appointment,MO,unknown,True,3-6m,0,matching,no_usable_ordinary_control,all_disclosures_30d,0.05,3.0,exp
out_of_sample,0000796343-26-000109:cfo_appointment,cfo_appointment,ADBE,unknown,True,3-6m,0,matching,no_usable_ordinary_control,all_disclosures_30d,0.05,3.0,1
out_of_sample,0000796343-26-000109:cfo_appointment,cfo_appointment,ADBE,unknown,True,3-6m,0,matching,no_usable_ordinary_control,all_disclosures_30d,0.05,3.0,2
out_of_sample,0000796343-26-000109:cfo_appointment,cfo_appointment,ADBE,unknown,True,3-6m,0,matching,no_usable_ordinary_control,all_disclosures_30d,0.05,3.0,3
out_of_sample,0000796343-26-000109:cfo_appointment,cfo_appointment,ADBE,unknown,True,3-6m,0,matching,no_usable_ordinary_control,all_disclosures_30d,0.05,3.0,5
out_of_sample,0000796343-26-000109:cfo_appointment,cfo_appointment,ADBE,unknown,True,3-6m,0,matching,no_usable_ordinary_control,all_disclosures_30d,0.05,3.0,10
out_of_sample,0000796343-26-000109:cfo_appointment,cfo_appointment,ADBE,unknown,True,3-6m,0,matching,no_usable_ordinary_control,all_disclosures_30d,0.05,3.0,21
out_of_sample,0000796343-26-000109:cfo_appointment,cfo_appointment,ADBE,unknown,True,3-6m,0,horizon,missing_or_stale_exit_call,all_disclosures_30d,0.05,3.0,42
out_of_sample,0000796343-26-000109:cfo_appointment,cfo_appointment,ADBE,unknown,True,3-6m,0,horizon,missing_or_stale_exit_call,all_disclosures_30d,0.05,3.0,63
out_of_sample,0000796343-26-000109:cfo_appointment,cfo_appointment,ADBE,unknown,True,3-6m,0,horizon,unresolved_horizon,all_disclosures_30d,0.05,3.0,exp
out_of_sample,0001104659-26-042617:cfo_appointment,cfo_appointment,FDX,nonroutine,True,3-6m,0,pricing,no_paired_listed_strikes,,,,
out_of_sample,0001193125-26-212148:cfo_appointment,cfo_appointment,BRK.B,unknown,True,3-6m,0,matching,no_usable_ordinary_control,all_disclosures_30d,0.05,3.0,1
out_of_sample,0001193125-26-212148:cfo_appointment,cfo_appointment,BRK.B,unknown,True,3-6m,0,matching,no_usable_ordinary_control,all_disclosures_30d,0.05,3.0,2
out_of_sample,0001193125-26-212148:cfo_appointment,cfo_appointment,BRK.B,unknown,True,3-6m,0,matching,no_usable_ordinary_control,all_disclosures_30d,0.05,3.0,3
out_of_sample,0001193125-26-212148:cfo_appointment,cfo_appointment,BRK.B,unknown,True,3-6m,0,matching,no_usable_ordinary_control,all_disclosures_30d,0.05,3.0,5
out_of_sample,0001193125-26-212148:cfo_appointment,cfo_appointment,BRK.B,unknown,True,3-6m,0,matching,no_usable_ordinary_control,all_disclosures_30d,0.05,3.0,10
out_of_sample,0001193125-26-212148:cfo_appointment,cfo_appointment,BRK.B,unknown,True,3-6m,0,matching,no_usable_ordinary_control,all_disclosures_30d,0.05,3.0,21
out_of_sample,0001193125-26-212148:cfo_appointment,cfo_appointment,BRK.B,unknown,True,3-6m,0,matching,no_usable_ordinary_control,all_disclosures_30d,0.05,3.0,42
out_of_sample,0001193125-26-212148:cfo_appointment,cfo_appointment,BRK.B,unknown,True,3-6m,0,matching,no_usable_ordinary_control,all_disclosures_30d,0.05,3.0,63
out_of_sample,0001193125-26-212148:cfo_appointment,cfo_appointment,BRK.B,unknown,True,3-6m,0,matching,no_usable_ordinary_control,all_disclosures_30d,0.05,3.0,exp
out_of_sample,0001140361-26-035084:cfo_appointment,cfo_appointment,CHTR,unknown,True,3-6m,0,matching,no_usable_ordinary_control,all_disclosures_30d,0.05,3.0,1
out_of_sample,0001140361-26-035084:cfo_appointment,cfo_appointment,CHTR,unknown,True,3-6m,0,matching,no_usable_ordinary_control,all_disclosures_30d,0.05,3.0,2
out_of_sample,0001140361-26-035084:cfo_appointment,cfo_appointment,CHTR,unknown,True,3-6m,0,matching,no_usable_ordinary_control,all_disclosures_30d,0.05,3.0,3
out_of_sample,0001140361-26-035084:cfo_appointment,cfo_appointment,CHTR,unknown,True,3-6m,0,matching,no_usable_ordinary_control,all_disclosures_30d,0.05,3.0,5
out_of_sample,0001140361-26-035084:cfo_appointment,cfo_appointment,CHTR,unknown,True,3-6m,0,horizon,missing_or_stale_exit_call,all_disclosures_30d,0.05,3.0,10
out_of_sample,0001140361-26-035084:cfo_appointment,cfo_appointment,CHTR,unknown,True,3-6m,0,matching,no_usable_ordinary_control,all_disclosures_30d,0.05,3.0,21
out_of_sample,0001140361-26-035084:cfo_appointment,cfo_appointment,CHTR,unknown,True,3-6m,0,horizon,unresolved_horizon,all_disclosures_30d,0.05,3.0,42
out_of_sample,0001140361-26-035084:cfo_appointment,cfo_appointment,CHTR,unknown,True,3-6m,0,horizon,unresolved_horizon,all_disclosures_30d,0.05,3.0,63
out_of_sample,0001140361-26-035084:cfo_appointment,cfo_appointment,CHTR,unknown,True,3-6m,0,horizon,unresolved_horizon,all_disclosures_30d,0.05,3.0,exp
out_of_sample,0001628280-26-044384:cfo_appointment,cfo_appointment,MDLZ,unknown,True,3-6m,0,matching,no_usable_ordinary_control,all_disclosures_30d,0.05,3.0,1
out_of_sample,0001628280-26-044384:cfo_appointment,cfo_appointment,MDLZ,unknown,True,3-6m,0,matching,no_usable_ordinary_control,all_disclosures_30d,0.05,3.0,2
out_of_sample,0001628280-26-044384:cfo_appointment,cfo_appointment,MDLZ,unknown,True,3-6m,0,matching,no_usable_ordinary_control,all_disclosures_30d,0.05,3.0,3
out_of_sample,0001628280-26-044384:cfo_appointment,cfo_appointment,MDLZ,unknown,True,3-6m,0,matching,no_usable_ordinary_control,all_disclosures_30d,0.05,3.0,5
out_of_sample,0001628280-26-044384:cfo_appointment,cfo_appointment,MDLZ,unknown,True,3-6m,0,matching,no_usable_ordinary_control,all_disclosures_30d,0.05,3.0,10
out_of_sample,0001628280-26-044384:cfo_appointment,cfo_appointment,MDLZ,unknown,True,3-6m,0,matching,no_usable_ordinary_control,all_disclosures_30d,0.05,3.0,21
out_of_sample,0001628280-26-044384:cfo_appointment,cfo_appointment,MDLZ,unknown,True,3-6m,0,matching,no_usable_ordinary_control,all_disclosures_30d,0.05,3.0,42
out_of_sample,0001628280-26-044384:cfo_appointment,cfo_appointment,MDLZ,unknown,True,3-6m,0,matching,no_usable_ordinary_control,all_disclosures_30d,0.05,3.0,63
out_of_sample,0001628280-26-044384:cfo_appointment,cfo_appointment,MDLZ,unknown,True,3-6m,0,horizon,unresolved_horizon,all_disclosures_30d,0.05,3.0,exp
out_of_sample,0001141391-26-000037:cfo_appointment,cfo_appointment,MA,unknown,True,3-6m,0,matching,no_usable_ordinary_control,all_disclosures_30d,0.05,3.0,1
out_of_sample,0001141391-26-000037:cfo_appointment,cfo_appointment,MA,unknown,True,3-6m,0,matching,no_usable_ordinary_control,all_disclosures_30d,0.05,3.0,2
out_of_sample,0001141391-26-000037:cfo_appointment,cfo_appointment,MA,unknown,True,3-6m,0,matching,no_usable_ordinary_control,all_disclosures_30d,0.05,3.0,3
out_of_sample,0001141391-26-000037:cfo_appointment,cfo_appointment,MA,unknown,True,3-6m,0,matching,no_usable_ordinary_control,all_disclosures_30d,0.05,3.0,5
out_of_sample,0001141391-26-000037:cfo_appointment,cfo_appointment,MA,unknown,True,3-6m,0,matching,no_usable_ordinary_control,all_disclosures_30d,0.05,3.0,10
out_of_sample,0001141391-26-000037:cfo_appointment,cfo_appointment,MA,unknown,True,3-6m,0,matching,no_usable_ordinary_control,all_disclosures_30d,0.05,3.0,21
out_of_sample,0001141391-26-000037:cfo_appointment,cfo_appointment,MA,unknown,True,3-6m,0,matching,no_usable_ordinary_control,all_disclosures_30d,0.05,3.0,42
out_of_sample,0001141391-26-000037:cfo_appointment,cfo_appointment,MA,unknown,True,3-6m,0,horizon,missing_or_stale_exit_call,all_disclosures_30d,0.05,3.0,63
out_of_sample,0001141391-26-000037:cfo_appointment,cfo_appointment,MA,unknown,True,3-6m,0,matching,no_usable_ordinary_control,all_disclosures_30d,0.05,3.0,exp
out_of_sample,0001104659-26-094062:cfo_appointment,cfo_appointment,COP,routine,True,3-6m,0,matching,no_usable_ordinary_control,all_disclosures_30d,0.05,3.0,1
out_of_sample,0001104659-26-094062:cfo_appointment,cfo_appointment,COP,routine,True,3-6m,0,matching,no_usable_ordinary_control,all_disclosures_30d,0.05,3.0,2
out_of_sample,0001104659-26-094062:cfo_appointment,cfo_appointment,COP,routine,True,3-6m,0,matching,no_usable_ordinary_control,all_disclosures_30d,0.05,3.0,3
out_of_sample,0001104659-26-094062:cfo_appointment,cfo_appointment,COP,routine,True,3-6m,0,matching,no_usable_ordinary_control,all_disclosures_30d,0.05,3.0,5
out_of_sample,0001104659-26-094062:cfo_appointment,cfo_appointment,COP,routine,True,3-6m,0,matching,no_usable_ordinary_control,all_disclosures_30d,0.05,3.0,10
out_of_sample,0001104659-26-094062:cfo_appointment,cfo_appointment,COP,routine,True,3-6m,0,matching,no_usable_ordinary_control,all_disclosures_30d,0.05,3.0,21
out_of_sample,0001104659-26-094062:cfo_appointment,cfo_appointment,COP,routine,True,3-6m,0,horizon,unresolved_horizon,all_disclosures_30d,0.05,3.0,42
out_of_sample,0001104659-26-094062:cfo_appointment,cfo_appointment,COP,routine,True,3-6m,0,horizon,unresolved_horizon,all_disclosures_30d,0.05,3.0,63
out_of_sample,0001104659-26-094062:cfo_appointment,cfo_appointment,COP,routine,True,3-6m,0,horizon,unresolved_horizon,all_disclosures_30d,0.05,3.0,exp
out_of_sample,0001193125-26-142939:cfo_appointment,cfo_appointment,ORCL,unknown,True,3-6m,0,matching,no_usable_ordinary_control,all_disclosures_30d,0.05,3.0,1
out_of_sample,0001193125-26-142939:cfo_appointment,cfo_appointment,ORCL,unknown,True,3-6m,0,matching,no_usable_ordinary_control,all_disclosures_30d,0.05,3.0,2
out_of_sample,0001193125-26-142939:cfo_appointment,cfo_appointment,ORCL,unknown,True,3-6m,0,matching,no_usable_ordinary_control,all_disclosures_30d,0.05,3.0,3
out_of_sample,0001193125-26-142939:cfo_appointment,cfo_appointment,ORCL,unknown,True,3-6m,0,matching,no_usable_ordinary_control,all_disclosures_30d,0.05,3.0,5
out_of_sample,0001193125-26-142939:cfo_appointment,cfo_appointment,ORCL,unknown,True,3-6m,0,matching,no_usable_ordinary_control,all_disclosures_30d,0.05,3.0,10
out_of_sample,0001193125-26-142939:cfo_appointment,cfo_appointment,ORCL,unknown,True,3-6m,0,matching,no_usable_ordinary_control,all_disclosures_30d,0.05,3.0,21
out_of_sample,0001193125-26-142939:cfo_appointment,cfo_appointment,ORCL,unknown,True,3-6m,0,matching,no_usable_ordinary_control,all_disclosures_30d,0.05,3.0,42
out_of_sample,0001193125-26-142939:cfo_appointment,cfo_appointment,ORCL,unknown,True,3-6m,0,matching,no_usable_ordinary_control,all_disclosures_30d,0.05,3.0,63
out_of_sample,0001193125-26-142939:cfo_appointment,cfo_appointment,ORCL,unknown,True,3-6m,0,matching,no_usable_ordinary_control,all_disclosures_30d,0.05,3.0,exp
out_of_sample,0001628280-26-036721:cfo_appointment,cfo_appointment,PM,nonroutine,True,3-6m,0,matching,no_usable_ordinary_control,all_disclosures_30d,0.05,3.0,1
out_of_sample,0001628280-26-036721:cfo_appointment,cfo_appointment,PM,nonroutine,True,3-6m,0,matching,no_usable_ordinary_control,all_disclosures_30d,0.05,3.0,2
out_of_sample,0001628280-26-036721:cfo_appointment,cfo_appointment,PM,nonroutine,True,3-6m,0,matching,no_usable_ordinary_control,all_disclosures_30d,0.05,3.0,3
out_of_sample,0001628280-26-036721:cfo_appointment,cfo_appointment,PM,nonroutine,True,3-6m,0,matching,no_usable_ordinary_control,all_disclosures_30d,0.05,3.0,5
out_of_sample,0001628280-26-036721:cfo_appointment,cfo_appointment,PM,nonroutine,True,3-6m,0,matching,no_usable_ordinary_control,all_disclosures_30d,0.05,3.0,10
out_of_sample,0001628280-26-036721:cfo_appointment,cfo_appointment,PM,nonroutine,True,3-6m,0,matching,no_usable_ordinary_control,all_disclosures_30d,0.05,3.0,21
out_of_sample,0001628280-26-036721:cfo_appointment,cfo_appointment,PM,nonroutine,True,3-6m,0,matching,no_usable_ordinary_control,all_disclosures_30d,0.05,3.0,42
out_of_sample,0001628280-26-036721:cfo_appointment,cfo_appointment,PM,nonroutine,True,3-6m,0,matching,no_usable_ordinary_control,all_disclosures_30d,0.05,3.0,63
out_of_sample,0001628280-26-036721:cfo_appointment,cfo_appointment,PM,nonroutine,True,3-6m,0,matching,no_usable_ordinary_control,all_disclosures_30d,0.05,3.0,exp
out_of_sample,0001193125-26-140574:cfo_appointment,cfo_appointment,AVGO,routine,True,3-6m,0,matching,no_usable_ordinary_control,all_disclosures_30d,0.05,3.0,1
out_of_sample,0001193125-26-140574:cfo_appointment,cfo_appointment,AVGO,routine,True,3-6m,0,matching,no_usable_ordinary_control,all_disclosures_30d,0.05,3.0,2
out_of_sample,0001193125-26-140574:cfo_appointment,cfo_appointment,AVGO,routine,True,3-6m,0,matching,no_usable_ordinary_control,all_disclosures_30d,0.05,3.0,3
out_of_sample,0001193125-26-140574:cfo_appointment,cfo_appointment,AVGO,routine,True,3-6m,0,matching,no_usable_ordinary_control,all_disclosures_30d,0.05,3.0,5
out_of_sample,0001193125-26-140574:cfo_appointment,cfo_appointment,AVGO,routine,True,3-6m,0,matching,no_usable_ordinary_control,all_disclosures_30d,0.05,3.0,10
out_of_sample,0001193125-26-140574:cfo_appointment,cfo_appointment,AVGO,routine,True,3-6m,0,matching,no_usable_ordinary_control,all_disclosures_30d,0.05,3.0,21
out_of_sample,0001193125-26-140574:cfo_appointment,cfo_appointment,AVGO,routine,True,3-6m,0,matching,no_usable_ordinary_control,all_disclosures_30d,0.05,3.0,42
out_of_sample,0001193125-26-140574:cfo_appointment,cfo_appointment,AVGO,routine,True,3-6m,0,matching,no_usable_ordinary_control,all_disclosures_30d,0.05,3.0,63
out_of_sample,0001193125-26-140574:cfo_appointment,cfo_appointment,AVGO,routine,True,3-6m,0,matching,no_usable_ordinary_control,all_disclosures_30d,0.05,3.0,exp
out_of_sample,0001104659-26-005771:cfo_resignation,cfo_resignation,DE,nonroutine,True,3-6m,0,matching,no_usable_ordinary_control,all_disclosures_30d,0.05,3.0,1
out_of_sample,0001104659-26-005771:cfo_resignation,cfo_resignation,DE,nonroutine,True,3-6m,0,matching,no_usable_ordinary_control,all_disclosures_30d,0.05,3.0,2
out_of_sample,0001104659-26-005771:cfo_resignation,cfo_resignation,DE,nonroutine,True,3-6m,0,matching,no_usable_ordinary_control,all_disclosures_30d,0.05,3.0,3
out_of_sample,0001104659-26-005771:cfo_resignation,cfo_resignation,DE,nonroutine,True,3-6m,0,matching,no_usable_ordinary_control,all_disclosures_30d,0.05,3.0,5
out_of_sample,0001104659-26-005771:cfo_resignation,cfo_resignation,DE,nonroutine,True,3-6m,0,matching,no_usable_ordinary_control,all_disclosures_30d,0.05,3.0,10
out_of_sample,0001104659-26-005771:cfo_resignation,cfo_resignation,DE,nonroutine,True,3-6m,0,matching,no_usable_ordinary_control,all_disclosures_30d,0.05,3.0,21
out_of_sample,0001104659-26-005771:cfo_resignation,cfo_resignation,DE,nonroutine,True,3-6m,0,matching,no_usable_ordinary_control,all_disclosures_30d,0.05,3.0,42
out_of_sample,0001104659-26-005771:cfo_resignation,cfo_resignation,DE,nonroutine,True,3-6m,0,matching,no_usable_ordinary_control,all_disclosures_30d,0.05,3.0,63
out_of_sample,0001104659-26-005771:cfo_resignation,cfo_resignation,DE,nonroutine,True,3-6m,0,matching,no_usable_ordinary_control,all_disclosures_30d,0.05,3.0,exp
out_of_sample,0000796343-26-000109:cfo_resignation,cfo_resignation,ADBE,unknown,True,3-6m,0,matching,no_usable_ordinary_control,all_disclosures_30d,0.05,3.0,1
out_of_sample,0000796343-26-000109:cfo_resignation,cfo_resignation,ADBE,unknown,True,3-6m,0,matching,no_usable_ordinary_control,all_disclosures_30d,0.05,3.0,2
out_of_sample,0000796343-26-000109:cfo_resignation,cfo_resignation,ADBE,unknown,True,3-6m,0,matching,no_usable_ordinary_control,all_disclosures_30d,0.05,3.0,3
out_of_sample,0000796343-26-000109:cfo_resignation,cfo_resignation,ADBE,unknown,True,3-6m,0,matching,no_usable_ordinary_control,all_disclosures_30d,0.05,3.0,5
out_of_sample,0000796343-26-000109:cfo_resignation,cfo_resignation,ADBE,unknown,True,3-6m,0,matching,no_usable_ordinary_control,all_disclosures_30d,0.05,3.0,10
out_of_sample,0000796343-26-000109:cfo_resignation,cfo_resignation,ADBE,unknown,True,3-6m,0,matching,no_usable_ordinary_control,all_disclosures_30d,0.05,3.0,21
out_of_sample,0000796343-26-000109:cfo_resignation,cfo_resignation,ADBE,unknown,True,3-6m,0,horizon,missing_or_stale_exit_call,all_disclosures_30d,0.05,3.0,42
out_of_sample,0000796343-26-000109:cfo_resignation,cfo_resignation,ADBE,unknown,True,3-6m,0,horizon,missing_or_stale_exit_call,all_disclosures_30d,0.05,3.0,63
out_of_sample,0000796343-26-000109:cfo_resignation,cfo_resignation,ADBE,unknown,True,3-6m,0,horizon,unresolved_horizon,all_disclosures_30d,0.05,3.0,exp
out_of_sample,0001140361-26-035084:cfo_resignation,cfo_resignation,CHTR,unknown,True,3-6m,0,matching,no_usable_ordinary_control,all_disclosures_30d,0.05,3.0,1
out_of_sample,0001140361-26-035084:cfo_resignation,cfo_resignation,CHTR,unknown,True,3-6m,0,matching,no_usable_ordinary_control,all_disclosures_30d,0.05,3.0,2
out_of_sample,0001140361-26-035084:cfo_resignation,cfo_resignation,CHTR,unknown,True,3-6m,0,matching,no_usable_ordinary_control,all_disclosures_30d,0.05,3.0,3
out_of_sample,0001140361-26-035084:cfo_resignation,cfo_resignation,CHTR,unknown,True,3-6m,0,matching,no_usable_ordinary_control,all_disclosures_30d,0.05,3.0,5
out_of_sample,0001140361-26-035084:cfo_resignation,cfo_resignation,CHTR,unknown,True,3-6m,0,horizon,missing_or_stale_exit_call,all_disclosures_30d,0.05,3.0,10
out_of_sample,0001140361-26-035084:cfo_resignation,cfo_resignation,CHTR,unknown,True,3-6m,0,matching,no_usable_ordinary_control,all_disclosures_30d,0.05,3.0,21
out_of_sample,0001140361-26-035084:cfo_resignation,cfo_resignation,CHTR,unknown,True,3-6m,0,horizon,unresolved_horizon,all_disclosures_30d,0.05,3.0,42
out_of_sample,0001140361-26-035084:cfo_resignation,cfo_resignation,CHTR,unknown,True,3-6m,0,horizon,unresolved_horizon,all_disclosures_30d,0.05,3.0,63
out_of_sample,0001140361-26-035084:cfo_resignation,cfo_resignation,CHTR,unknown,True,3-6m,0,horizon,unresolved_horizon,all_disclosures_30d,0.05,3.0,exp
out_of_sample,0001193125-26-140574:cfo_resignation,cfo_resignation,AVGO,routine,True,3-6m,0,matching,no_usable_ordinary_control,all_disclosures_30d,0.05,3.0,1
out_of_sample,0001193125-26-140574:cfo_resignation,cfo_resignation,AVGO,routine,True,3-6m,0,matching,no_usable_ordinary_control,all_disclosures_30d,0.05,3.0,2
out_of_sample,0001193125-26-140574:cfo_resignation,cfo_resignation,AVGO,routine,True,3-6m,0,matching,no_usable_ordinary_control,all_disclosures_30d,0.05,3.0,3
out_of_sample,0001193125-26-140574:cfo_resignation,cfo_resignation,AVGO,routine,True,3-6m,0,matching,no_usable_ordinary_control,all_disclosures_30d,0.05,3.0,5
out_of_sample,0001193125-26-140574:cfo_resignation,cfo_resignation,AVGO,routine,True,3-6m,0,matching,no_usable_ordinary_control,all_disclosures_30d,0.05,3.0,10
out_of_sample,0001193125-26-140574:cfo_resignation,cfo_resignation,AVGO,routine,True,3-6m,0,matching,no_usable_ordinary_control,all_disclosures_30d,0.05,3.0,21
out_of_sample,0001193125-26-140574:cfo_resignation,cfo_resignation,AVGO,routine,True,3-6m,0,matching,no_usable_ordinary_control,all_disclosures_30d,0.05,3.0,42
out_of_sample,0001193125-26-140574:cfo_resignation,cfo_resignation,AVGO,routine,True,3-6m,0,matching,no_usable_ordinary_control,all_disclosures_30d,0.05,3.0,63
out_of_sample,0001193125-26-140574:cfo_resignation,cfo_resignation,AVGO,routine,True,3-6m,0,matching,no_usable_ordinary_control,all_disclosures_30d,0.05,3.0,exp
