window,ticker,event_entry,entry_date,baseline_eligible
current_csv,INTU,2024-01-23,2024-01-02,False
current_csv,INTU,2024-01-23,2024-01-09,False
current_csv,INTU,2024-01-23,2024-01-30,False
current_csv,INTU,2024-01-23,2024-02-06,False
current_csv,INTU,2024-01-23,2024-02-13,False
current_csv,INTU,2024-01-23,2024-03-05,False
current_csv,INTU,2024-01-23,2024-03-12,False
current_csv,INTU,2024-01-23,2024-03-19,False
current_csv,INTU,2024-01-23,2024-03-26,True
current_csv,COST,2024-01-23,2024-01-02,False
current_csv,COST,2024-01-23,2024-01-09,False
current_csv,EMR,2024-02-12,2024-01-08,True
current_csv,EMR,2024-02-12,2024-01-22,False
current_csv,EMR,2024-02-12,2024-01-29,False
current_csv,EMR,2024-02-12,2024-02-26,False
current_csv,EMR,2024-02-12,2024-03-04,False
current_csv,EMR,2024-02-12,2024-03-11,True
current_csv,EMR,2024-02-12,2024-03-18,True
current_csv,EMR,2024-02-12,2024-03-25,True
current_csv,DE,2024-03-04,2024-01-08,True
current_csv,DE,2024-03-04,2024-03-18,False
current_csv,DE,2024-03-04,2024-03-25,False
current_csv,BK,2024-04-11,2024-05-23,True
current_csv,BK,2024-04-11,2024-05-30,True
current_csv,BK,2024-04-11,2024-06-06,True
current_csv,ADBE,2024-04-22,2024-05-06,False
current_csv,ADBE,2024-04-22,2024-05-13,False
current_csv,AVGO,2024-04-25,2024-04-04,False
current_csv,AVGO,2024-04-25,2024-04-11,False
current_csv,AVGO,2024-04-25,2024-05-02,False
current_csv,AVGO,2024-04-25,2024-05-09,False
current_csv,TXN,2024-04-29,2024-04-01,False
current_csv,TXN,2024-04-29,2024-04-08,False
current_csv,TXN,2024-04-29,2024-04-15,False
current_csv,TXN,2024-04-29,2024-05-06,False
current_csv,TXN,2024-04-29,2024-05-13,False
current_csv,TXN,2024-04-29,2024-05-20,False
current_csv,TXN,2024-04-29,2024-06-03,True
current_csv,TXN,2024-04-29,2024-06-10,True
current_csv,TXN,2024-04-29,2024-06-17,True
current_csv,TXN,2024-04-29,2024-06-24,True
current_csv,PFE,2024-04-30,2024-04-02,False
current_csv,PFE,2024-04-30,2024-04-09,False
current_csv,PFE,2024-04-30,2024-04-16,False
current_csv,ABT,2024-04-30,2024-06-04,True
current_csv,ABT,2024-04-30,2024-06-11,True
current_csv,ABT,2024-04-30,2024-06-18,True
current_csv,ABT,2024-04-30,2024-06-25,True
current_csv,ISRG,2024-05-01,2024-06-05,True
current_csv,ISRG,2024-05-01,2024-06-12,True
current_csv,ISRG,2024-05-01,2024-06-26,True
current_csv,KO,2024-05-03,2024-06-14,True
current_csv,KO,2024-05-03,2024-06-21,True
current_csv,DHR,2024-05-10,2024-04-05,True
current_csv,DHR,2024-05-10,2024-04-12,False
current_csv,DHR,2024-05-10,2024-04-19,False
current_csv,DHR,2024-05-10,2024-04-26,False
current_csv,DHR,2024-05-10,2024-05-17,False
current_csv,GE,2024-05-13,2024-05-20,False
current_csv,UNP,2024-05-13,2024-04-01,True
current_csv,UNP,2024-05-13,2024-04-08,True
current_csv,UNP,2024-05-13,2024-04-15,False
current_csv,UNP,2024-05-13,2024-04-22,False
current_csv,UNP,2024-05-13,2024-04-29,False
current_csv,UNP,2024-05-13,2024-05-20,False
current_csv,UNP,2024-05-13,2024-06-03,False
current_csv,UNP,2024-05-13,2024-06-10,True
current_csv,UNP,2024-05-13,2024-06-17,True
current_csv,UNP,2024-05-13,2024-06-24,True
current_csv,CL,2024-05-16,2024-04-04,True
current_csv,CL,2024-05-16,2024-04-11,True
current_csv,CL,2024-05-16,2024-04-18,False
current_csv,CL,2024-05-16,2024-04-25,False
current_csv,CL,2024-05-16,2024-05-02,False
current_csv,CL,2024-05-16,2024-05-23,False
current_csv,CL,2024-05-16,2024-05-30,False
current_csv,CL,2024-05-16,2024-06-06,False
current_csv,CL,2024-05-16,2024-06-13,False
current_csv,CL,2024-05-16,2024-06-20,True
current_csv,CL,2024-05-16,2024-06-27,True
current_csv,MMM,2024-05-17,2024-05-31,False
current_csv,MMM,2024-05-17,2024-06-07,False
current_csv,COP,2024-05-17,2024-04-05,True
current_csv,COP,2024-05-17,2024-04-12,True
current_csv,COP,2024-05-17,2024-04-19,False
current_csv,COP,2024-05-17,2024-04-26,False
current_csv,MDLZ,2024-05-23,2024-04-04,True
current_csv,MDLZ,2024-05-23,2024-04-11,True
current_csv,MDLZ,2024-05-23,2024-04-18,True
current_csv,CVS,2024-05-23,2024-06-27,True
current_csv,AMT,2024-05-28,2024-04-16,True
current_csv,AMZN,2024-05-28,2024-06-25,True
current_csv,TMO,2024-05-28,2024-04-02,True
current_csv,TMO,2024-05-28,2024-04-09,True
current_csv,TMO,2024-05-28,2024-04-16,True
current_csv,TMO,2024-05-28,2024-04-23,True
current_csv,TMO,2024-05-28,2024-04-30,False
current_csv,TMO,2024-05-28,2024-05-07,False
current_csv,TMO,2024-05-28,2024-05-14,False
current_csv,TMO,2024-05-28,2024-06-04,False
current_csv,SO,2024-05-28,2024-04-02,True
current_csv,SO,2024-05-28,2024-06-18,False
current_csv,SO,2024-05-28,2024-06-25,True
current_csv,NEE,2024-05-29,2024-04-10,True
current_csv,NEE,2024-05-29,2024-04-17,True
current_csv,NEE,2024-05-29,2024-04-24,True
current_csv,NEE,2024-05-29,2024-05-01,False
current_csv,SCHW,2024-05-30,2024-04-04,True
current_csv,SCHW,2024-05-30,2024-04-11,True
current_csv,SCHW,2024-05-30,2024-06-20,False
current_csv,AMGN,2024-06-04,2024-04-02,True
current_csv,AMGN,2024-06-04,2024-04-09,True
current_csv,AMGN,2024-06-04,2024-04-16,True
current_csv,AMGN,2024-06-04,2024-04-23,True
current_csv,AMGN,2024-06-04,2024-04-30,True
current_csv,BKNG,2024-06-06,2024-06-13,False
current_csv,BKNG,2024-06-06,2024-06-20,False
current_csv,BKNG,2024-06-06,2024-06-27,False
current_csv,UNH,2024-06-10,2024-06-24,False
current_csv,PLTR,2024-06-11,2024-04-02,True
current_csv,PLTR,2024-06-11,2024-06-18,False
current_csv,PLTR,2024-06-11,2024-06-25,False
current_csv,CMCSA,2024-06-13,2024-04-04,True
current_csv,CMCSA,2024-06-13,2024-04-11,True
current_csv,CMCSA,2024-06-13,2024-06-27,False
current_csv,TMUS,2024-06-17,2024-06-03,False
current_csv,MA,2024-06-24,2024-06-10,False
current_csv,NVDA,2024-07-03,2024-08-07,True
current_csv,NVDA,2024-07-03,2024-08-14,True
current_csv,NVDA,2024-07-03,2024-08-21,True
current_csv,NVDA,2024-07-03,2024-08-28,True
current_csv,NVDA,2024-07-03,2024-09-04,True
current_csv,NVDA,2024-07-03,2024-09-11,True
current_csv,NVDA,2024-07-03,2024-09-18,True
current_csv,NVDA,2024-07-03,2024-09-25,True
current_csv,FDX,2024-09-25,2024-07-31,True
current_csv,COST,2025-01-28,2025-03-11,True
current_csv,DE,2025-03-03,2025-03-17,False
current_csv,DE,2025-03-03,2025-03-24,False
current_csv,DE,2025-03-03,2025-03-31,True
current_csv,USB,2025-04-21,2025-05-19,True
current_csv,USB,2025-04-21,2025-06-02,True
current_csv,USB,2025-04-21,2025-06-09,True
current_csv,USB,2025-04-21,2025-06-16,True
current_csv,AVGO,2025-04-23,2025-04-02,False
current_csv,AVGO,2025-04-23,2025-04-09,False
current_csv,AVGO,2025-04-23,2025-04-30,False
current_csv,AVGO,2025-04-23,2025-05-07,False
current_csv,AVGO,2025-04-23,2025-05-14,False
current_csv,AVGO,2025-04-23,2025-05-21,False
current_csv,AVGO,2025-04-23,2025-05-28,False
current_csv,BAC,2025-04-25,2025-05-30,True
current_csv,BAC,2025-04-25,2025-06-06,True
current_csv,BAC,2025-04-25,2025-06-13,True
current_csv,GS,2025-04-25,2025-05-30,True
current_csv,GS,2025-04-25,2025-06-06,True
current_csv,GS,2025-04-25,2025-06-13,True
current_csv,ABT,2025-04-29,2025-06-03,True
current_csv,ABT,2025-04-29,2025-06-10,True
current_csv,ABT,2025-04-29,2025-06-17,True
current_csv,ABT,2025-04-29,2025-06-24,True
current_csv,PFE,2025-04-29,2025-06-24,True
current_csv,ISRG,2025-05-06,2025-04-01,True
current_csv,ISRG,2025-05-06,2025-06-17,True
current_csv,ISRG,2025-05-06,2025-06-24,True
current_csv,BMY,2025-05-08,2025-05-29,False
current_csv,BMY,2025-05-08,2025-06-05,False
current_csv,BMY,2025-05-08,2025-06-12,True
current_csv,DHR,2025-05-09,2025-04-04,True
current_csv,DHR,2025-05-09,2025-04-11,False
current_csv,DHR,2025-05-09,2025-04-25,False
current_csv,DHR,2025-05-09,2025-05-16,False
current_csv,DHR,2025-05-09,2025-05-23,False
current_csv,DHR,2025-05-09,2025-05-30,False
current_csv,DHR,2025-05-09,2025-06-06,False
current_csv,DHR,2025-05-09,2025-06-13,True
current_csv,DHR,2025-05-09,2025-06-20,True
current_csv,GILD,2025-05-09,2025-04-25,False
current_csv,GILD,2025-05-09,2025-05-16,False
current_csv,GILD,2025-05-09,2025-05-23,False
current_csv,GILD,2025-05-09,2025-05-30,False
current_csv,GILD,2025-05-09,2025-06-06,False
current_csv,GILD,2025-05-09,2025-06-13,True
current_csv,GILD,2025-05-09,2025-06-20,True
current_csv,GILD,2025-05-09,2025-06-27,True
current_csv,LMT,2025-05-12,2025-05-19,False
current_csv,LMT,2025-05-12,2025-06-02,False
current_csv,LMT,2025-05-12,2025-06-09,True
current_csv,LMT,2025-05-12,2025-06-16,True
current_csv,LMT,2025-05-12,2025-06-23,True
current_csv,GE,2025-05-12,2025-04-07,True
current_csv,GE,2025-05-12,2025-04-14,False
current_csv,GE,2025-05-12,2025-04-21,False
current_csv,GE,2025-05-12,2025-04-28,False
current_csv,GE,2025-05-12,2025-05-19,False
current_csv,GE,2025-05-12,2025-06-02,False
current_csv,GE,2025-05-12,2025-06-09,True
current_csv,GE,2025-05-12,2025-06-16,True
current_csv,GE,2025-05-12,2025-06-23,True
current_csv,UNP,2025-05-12,2025-04-07,True
current_csv,UNP,2025-05-12,2025-06-09,True
current_csv,UNP,2025-05-12,2025-06-16,True
current_csv,UNP,2025-05-12,2025-06-23,True
current_csv,COP,2025-05-16,2025-04-04,True
current_csv,COP,2025-05-16,2025-04-11,True
current_csv,COP,2025-05-16,2025-04-25,False
current_csv,COP,2025-05-16,2025-05-02,False
current_csv,COP,2025-05-16,2025-05-23,False
current_csv,COP,2025-05-16,2025-05-30,False
current_csv,MS,2025-05-19,2025-05-05,False
current_csv,MO,2025-05-20,2025-04-01,True
current_csv,MO,2025-05-20,2025-04-08,True
current_csv,MO,2025-05-20,2025-04-15,True
current_csv,CVS,2025-05-21,2025-05-28,False
current_csv,CVS,2025-05-21,2025-06-04,False
current_csv,CVS,2025-05-21,2025-06-11,False
current_csv,CVS,2025-05-21,2025-06-18,False
current_csv,CVS,2025-05-21,2025-06-25,True
current_csv,AMZN,2025-05-23,2025-05-30,False
current_csv,AMZN,2025-05-23,2025-06-06,False
current_csv,AMZN,2025-05-23,2025-06-13,False
current_csv,AMZN,2025-05-23,2025-06-20,False
current_csv,AMZN,2025-05-23,2025-06-27,True
current_csv,SO,2025-05-28,2025-04-02,True
current_csv,SO,2025-05-28,2025-04-09,True
current_csv,SO,2025-05-28,2025-04-16,True
current_csv,VZ,2025-05-29,2025-04-24,True
current_csv,VZ,2025-05-29,2025-05-01,False
current_csv,VZ,2025-05-29,2025-05-08,False
current_csv,VZ,2025-05-29,2025-05-15,False
current_csv,VZ,2025-05-29,2025-06-05,False
current_csv,VZ,2025-05-29,2025-06-12,False
current_csv,VZ,2025-05-29,2025-06-26,False
current_csv,MRK,2025-05-30,2025-06-06,False
current_csv,MRK,2025-05-30,2025-06-13,False
current_csv,MRK,2025-05-30,2025-06-20,False
current_csv,MRK,2025-05-30,2025-06-27,False
current_csv,META,2025-06-02,2025-04-07,True
current_csv,META,2025-06-02,2025-04-14,True
current_csv,META,2025-06-02,2025-04-21,True
current_csv,META,2025-06-02,2025-04-28,True
current_csv,META,2025-06-02,2025-05-05,False
current_csv,META,2025-06-02,2025-05-12,False
current_csv,META,2025-06-02,2025-05-19,False
current_csv,META,2025-06-02,2025-06-09,False
current_csv,META,2025-06-02,2025-06-16,False
current_csv,META,2025-06-02,2025-06-23,False
current_csv,META,2025-06-02,2025-06-30,True
current_csv,BKNG,2025-06-05,2025-06-12,False
current_csv,BKNG,2025-06-05,2025-06-26,False
current_csv,PYPL,2025-06-10,2025-05-13,False
current_csv,PYPL,2025-06-10,2025-05-20,False
current_csv,PLTR,2025-06-10,2025-04-01,True
current_csv,PLTR,2025-06-10,2025-06-17,False
current_csv,PLTR,2025-06-10,2025-06-24,False
current_csv,TMUS,2025-06-11,2025-05-14,False
current_csv,TMUS,2025-06-11,2025-05-21,False
current_csv,TMUS,2025-06-11,2025-05-28,False
current_csv,CMCSA,2025-06-23,2025-06-09,False
current_csv,CMCSA,2025-06-23,2025-06-30,False
current_csv,NVDA,2025-07-02,2025-09-10,True
current_csv,NVDA,2025-07-02,2025-09-17,True
current_csv,NVDA,2025-07-02,2025-09-24,True
current_csv,ORCL,2025-11-24,2025-10-27,False
current_csv,ORCL,2025-11-24,2025-11-03,False
current_csv,ORCL,2025-11-24,2025-11-10,False
current_csv,ORCL,2025-11-24,2025-12-01,False
current_csv,MSFT,2025-12-09,2025-12-16,False
current_csv,MSFT,2025-12-09,2025-12-23,False
current_csv,MSFT,2025-12-09,2025-12-30,False
current_csv,CSCO,2025-12-18,2025-11-20,False
current_csv,CSCO,2025-12-18,2025-12-04,False
expanded_early,ADBE,2022-04-20,2022-04-06,False
expanded_early,ADBE,2022-04-20,2022-04-27,False
expanded_early,ADBE,2022-04-20,2022-05-04,False
expanded_early,ADBE,2022-04-20,2022-05-11,False
expanded_early,USB,2022-04-22,2022-06-17,True
expanded_early,USB,2022-04-22,2022-06-24,True
expanded_early,C,2022-04-29,2022-06-24,True
expanded_early,JNJ,2022-05-02,2022-06-06,True
expanded_early,JNJ,2022-05-02,2022-06-13,True
expanded_early,WFC,2022-05-02,2022-06-06,True
expanded_early,WFC,2022-05-02,2022-06-13,True
expanded_early,TXN,2022-05-02,2022-04-04,False
expanded_early,TXN,2022-05-02,2022-04-11,False
expanded_early,TXN,2022-05-02,2022-04-18,False
expanded_early,TXN,2022-05-02,2022-05-09,False
expanded_early,TXN,2022-05-02,2022-05-16,False
expanded_early,TXN,2022-05-02,2022-05-23,False
expanded_early,TXN,2022-05-02,2022-06-06,True
expanded_early,TXN,2022-05-02,2022-06-13,True
expanded_early,TXN,2022-05-02,2022-06-27,True
expanded_early,PFE,2022-05-03,2022-06-14,True
expanded_early,PFE,2022-05-03,2022-06-21,True
expanded_early,PFE,2022-05-03,2022-06-28,True
expanded_early,ABT,2022-05-03,2022-04-05,False
expanded_early,ABT,2022-05-03,2022-04-12,False
expanded_early,ABT,2022-05-03,2022-04-19,False
expanded_early,ABT,2022-05-03,2022-05-10,False
expanded_early,ABT,2022-05-03,2022-05-17,False
expanded_early,ABT,2022-05-03,2022-05-24,False
expanded_early,ABT,2022-05-03,2022-05-31,False
expanded_early,ABT,2022-05-03,2022-06-07,True
expanded_early,ABT,2022-05-03,2022-06-14,True
expanded_early,ABT,2022-05-03,2022-06-21,True
expanded_early,ABT,2022-05-03,2022-06-28,True
expanded_early,GE,2022-05-09,2022-04-18,False
expanded_early,GE,2022-05-09,2022-04-25,False
expanded_early,GE,2022-05-09,2022-05-16,False
expanded_early,GE,2022-05-09,2022-05-23,False
expanded_early,CL,2022-05-12,2022-04-07,True
expanded_early,CL,2022-05-12,2022-04-14,False
expanded_early,CL,2022-05-12,2022-04-21,False
expanded_early,CL,2022-05-12,2022-04-28,False
expanded_early,COP,2022-05-13,2022-06-03,False
expanded_early,COP,2022-05-13,2022-06-10,False
expanded_early,COP,2022-05-13,2022-06-17,True
expanded_early,COP,2022-05-13,2022-06-24,True
expanded_early,DHR,2022-05-13,2022-05-20,False
expanded_early,DHR,2022-05-13,2022-05-27,False
expanded_early,AIG,2022-05-16,2022-06-27,True
expanded_early,AMGN,2022-05-19,2022-04-07,True
expanded_early,AMGN,2022-05-19,2022-04-14,True
expanded_early,AMGN,2022-05-19,2022-04-21,False
expanded_early,AMGN,2022-05-19,2022-04-28,False
expanded_early,AMGN,2022-05-19,2022-05-05,False
expanded_early,AMGN,2022-05-19,2022-05-26,False
expanded_early,AMGN,2022-05-19,2022-06-02,False
expanded_early,AMGN,2022-05-19,2022-06-09,False
expanded_early,AMGN,2022-05-19,2022-06-16,False
expanded_early,AMGN,2022-05-19,2022-06-23,True
expanded_early,AMGN,2022-05-19,2022-06-30,True
expanded_early,SCHW,2022-05-19,2022-04-07,True
expanded_early,SCHW,2022-05-19,2022-04-14,True
expanded_early,SCHW,2022-05-19,2022-06-23,True
expanded_early,TMO,2022-05-20,2022-04-01,True
expanded_early,TMO,2022-05-20,2022-04-08,True
expanded_early,TMO,2022-05-20,2022-04-22,False
expanded_early,TMO,2022-05-20,2022-04-29,False
expanded_early,TMO,2022-05-20,2022-05-06,False
expanded_early,TMO,2022-05-20,2022-05-27,False
expanded_early,TMO,2022-05-20,2022-06-03,False
expanded_early,TMO,2022-05-20,2022-06-10,False
expanded_early,TMO,2022-05-20,2022-06-17,False
expanded_early,TMO,2022-05-20,2022-06-24,True
expanded_early,MO,2022-05-24,2022-04-05,True
expanded_early,MO,2022-05-24,2022-04-12,True
expanded_early,MO,2022-05-24,2022-04-19,True
expanded_early,MO,2022-05-24,2022-04-26,False
expanded_early,MO,2022-05-24,2022-05-03,False
expanded_early,MO,2022-05-24,2022-05-10,False
expanded_early,MO,2022-05-24,2022-05-31,False
expanded_early,MO,2022-05-24,2022-06-07,False
expanded_early,MO,2022-05-24,2022-06-14,False
expanded_early,MO,2022-05-24,2022-06-21,False
expanded_early,MO,2022-05-24,2022-06-28,True
expanded_early,HD,2022-05-25,2022-06-29,True
expanded_early,MRK,2022-05-27,2022-06-03,False
expanded_early,MRK,2022-05-27,2022-06-10,False
expanded_early,MRK,2022-05-27,2022-06-17,False
expanded_early,MRK,2022-05-27,2022-06-24,False
expanded_early,BLK,2022-05-31,2022-05-17,False
expanded_early,BLK,2022-05-31,2022-06-07,False
expanded_early,BLK,2022-05-31,2022-06-14,False
expanded_early,GOOGL,2022-06-06,2022-04-04,True
expanded_early,GOOGL,2022-06-06,2022-04-11,True
expanded_early,GOOGL,2022-06-06,2022-04-18,True
expanded_early,GOOGL,2022-06-06,2022-04-25,True
expanded_early,GOOGL,2022-06-06,2022-05-02,True
expanded_early,CMCSA,2022-06-06,2022-04-04,True
expanded_early,CMCSA,2022-06-06,2022-04-11,True
expanded_early,CMCSA,2022-06-06,2022-04-18,True
expanded_early,CMCSA,2022-06-06,2022-04-25,True
expanded_early,CMCSA,2022-06-06,2022-05-02,True
expanded_early,CMCSA,2022-06-06,2022-05-09,False
expanded_early,CMCSA,2022-06-06,2022-05-16,False
expanded_early,CMCSA,2022-06-06,2022-05-23,False
expanded_early,CMCSA,2022-06-06,2022-06-13,False
expanded_early,CMCSA,2022-06-06,2022-06-27,False
expanded_early,NVDA,2022-06-07,2022-04-12,True
expanded_early,NVDA,2022-06-07,2022-04-19,True
expanded_early,BKNG,2022-06-13,2022-06-27,False
expanded_early,NOW,2022-06-13,2022-04-04,True
expanded_early,NOW,2022-06-13,2022-04-11,True
expanded_early,NOW,2022-06-13,2022-04-18,True
expanded_early,NOW,2022-06-13,2022-04-25,True
expanded_early,NOW,2022-06-13,2022-05-02,True
expanded_early,NOW,2022-06-13,2022-05-09,True
expanded_early,MET,2022-06-27,2022-06-06,False
expanded_early,MA,2022-06-27,2022-04-11,True
expanded_early,MA,2022-06-27,2022-04-18,True
expanded_early,MA,2022-06-27,2022-04-25,True
expanded_early,MA,2022-06-27,2022-05-02,True
expanded_early,MA,2022-06-27,2022-05-09,True
expanded_early,MA,2022-06-27,2022-05-16,True
expanded_early,MA,2022-06-27,2022-05-23,True
expanded_early,FDX,2022-09-22,2022-07-28,True
expanded_early,FDX,2022-09-22,2022-08-04,True
expanded_early,FDX,2022-09-22,2022-08-11,True
expanded_early,MSFT,2022-12-19,2022-10-03,True
expanded_early,MSFT,2022-12-19,2022-10-10,True
expanded_early,MSFT,2022-12-19,2022-10-17,True
expanded_early,MSFT,2022-12-19,2022-10-24,True
expanded_early,MSFT,2022-12-19,2022-10-31,True
expanded_early,MSFT,2022-12-19,2022-11-07,True
expanded_early,MSFT,2022-12-19,2022-11-14,True
expanded_early,MSFT,2022-12-19,2022-11-21,False
expanded_early,MSFT,2022-12-19,2022-11-28,False
expanded_early,MSFT,2022-12-19,2022-12-05,False
expanded_early,INTU,2023-01-24,2023-01-03,False
expanded_early,INTU,2023-01-24,2023-01-10,False
expanded_early,INTU,2023-01-24,2023-03-28,True
expanded_early,COST,2023-01-26,2023-01-05,False
expanded_early,COST,2023-01-26,2023-02-02,False
expanded_early,COST,2023-01-26,2023-02-09,False
expanded_early,COST,2023-01-26,2023-02-16,False
expanded_early,COST,2023-01-26,2023-02-23,False
expanded_early,COST,2023-01-26,2023-03-02,True
expanded_early,COST,2023-01-26,2023-03-09,True
expanded_early,COST,2023-01-26,2023-03-16,True
expanded_early,EMR,2023-02-13,2023-01-09,True
expanded_early,DE,2023-02-28,2023-01-03,True
expanded_early,DE,2023-02-28,2023-01-10,True
expanded_early,DE,2023-02-28,2023-01-17,True
expanded_early,DE,2023-02-28,2023-01-24,True
expanded_early,DE,2023-02-28,2023-01-31,False
expanded_early,DE,2023-02-28,2023-02-07,False
expanded_early,DE,2023-02-28,2023-02-14,False
expanded_early,DE,2023-02-28,2023-03-07,False
expanded_early,DE,2023-02-28,2023-03-14,False
expanded_early,DE,2023-02-28,2023-03-21,False
expanded_early,DE,2023-02-28,2023-03-28,False
expanded_early,SBUX,2023-03-30,2023-01-05,True
expanded_early,SBUX,2023-03-30,2023-01-12,True
expanded_early,AVGO,2023-04-10,2023-04-17,False
expanded_early,AVGO,2023-04-10,2023-06-26,False
expanded_early,USB,2023-04-21,2023-05-19,False
expanded_early,USB,2023-04-21,2023-05-26,True
expanded_early,USB,2023-04-21,2023-06-02,True
expanded_early,USB,2023-04-21,2023-06-09,True
expanded_early,USB,2023-04-21,2023-06-16,True
expanded_early,USB,2023-04-21,2023-06-23,True
expanded_early,USB,2023-04-21,2023-06-30,True
expanded_early,ADBE,2023-04-25,2023-04-04,False
expanded_early,ADBE,2023-04-25,2023-04-11,False
expanded_early,ADBE,2023-04-25,2023-05-02,False
expanded_early,ADBE,2023-04-25,2023-05-09,False
expanded_early,C,2023-04-27,2023-06-29,True
expanded_early,GS,2023-04-28,2023-05-19,False
expanded_early,GS,2023-04-28,2023-05-26,False
expanded_early,GS,2023-04-28,2023-06-02,True
expanded_early,GS,2023-04-28,2023-06-09,True
expanded_early,GS,2023-04-28,2023-06-16,True
expanded_early,BAC,2023-05-01,2023-05-22,False
expanded_early,BAC,2023-05-01,2023-06-05,False
expanded_early,BAC,2023-05-01,2023-06-12,False
expanded_early,PFE,2023-05-02,2023-06-20,True
expanded_early,JNJ,2023-05-02,2023-06-13,True
expanded_early,ISRG,2023-05-03,2023-04-05,False
expanded_early,ISRG,2023-05-03,2023-04-12,False
expanded_early,ISRG,2023-05-03,2023-06-21,True
expanded_early,ISRG,2023-05-03,2023-06-28,True
expanded_early,ABT,2023-05-03,2023-04-05,False
expanded_early,ABT,2023-05-03,2023-04-12,False
expanded_early,ABT,2023-05-03,2023-04-19,False
expanded_early,ABT,2023-05-03,2023-05-10,False
expanded_early,TXN,2023-05-04,2023-06-22,True
expanded_early,TXN,2023-05-04,2023-06-29,True
expanded_early,BMY,2023-05-05,2023-06-02,False
expanded_early,BMY,2023-05-05,2023-06-09,True
expanded_early,BMY,2023-05-05,2023-06-16,True
expanded_early,BMY,2023-05-05,2023-06-23,True
expanded_early,GE,2023-05-09,2023-06-20,True
expanded_early,GE,2023-05-09,2023-06-27,False
expanded_early,ABBV,2023-05-11,2023-05-18,False
expanded_early,ABBV,2023-05-11,2023-05-25,False
expanded_early,DHR,2023-05-12,2023-06-16,True
expanded_early,DHR,2023-05-12,2023-06-23,True
expanded_early,DHR,2023-05-12,2023-06-30,True
expanded_early,UBER,2023-05-15,2023-05-22,False
expanded_early,CL,2023-05-18,2023-04-06,True
expanded_early,CL,2023-05-18,2023-04-13,True
expanded_early,CL,2023-05-18,2023-04-20,False
expanded_early,CL,2023-05-18,2023-04-27,False
expanded_early,CL,2023-05-18,2023-05-04,False
expanded_early,CL,2023-05-18,2023-05-25,False
expanded_early,CL,2023-05-18,2023-06-01,False
expanded_early,CL,2023-05-18,2023-06-08,False
expanded_early,CL,2023-05-18,2023-06-15,False
expanded_early,CL,2023-05-18,2023-06-22,True
expanded_early,CL,2023-05-18,2023-06-29,True
expanded_early,COP,2023-05-19,2023-04-14,True
expanded_early,COP,2023-05-19,2023-06-23,True
expanded_early,COP,2023-05-19,2023-06-30,True
expanded_early,AMGN,2023-05-23,2023-04-11,True
expanded_early,NEE,2023-05-23,2023-04-04,False
expanded_early,NEE,2023-05-23,2023-04-11,False
expanded_early,NEE,2023-05-23,2023-04-18,True
expanded_early,NEE,2023-05-23,2023-04-25,False
expanded_early,NEE,2023-05-23,2023-05-02,False
expanded_early,NEE,2023-05-23,2023-05-09,False
expanded_early,NEE,2023-05-23,2023-05-30,False
expanded_early,NEE,2023-05-23,2023-06-06,False
expanded_early,NEE,2023-05-23,2023-06-13,False
expanded_early,NEE,2023-05-23,2023-06-20,False
expanded_early,NEE,2023-05-23,2023-06-27,True
expanded_early,SCHW,2023-05-23,2023-04-04,True
expanded_early,SCHW,2023-05-23,2023-06-20,False
expanded_early,SCHW,2023-05-23,2023-06-27,True
expanded_early,AMD,2023-05-24,2023-06-07,False
expanded_early,AMZN,2023-05-30,2023-05-16,False
expanded_early,AMZN,2023-05-30,2023-06-06,False
expanded_early,AMZN,2023-05-30,2023-06-13,False
expanded_early,AMZN,2023-05-30,2023-06-20,False
expanded_early,AMZN,2023-05-30,2023-06-27,True
expanded_early,MRK,2023-05-30,2023-06-20,False
expanded_early,MRK,2023-05-30,2023-06-27,True
expanded_early,TMO,2023-05-30,2023-04-04,True
expanded_early,TMO,2023-05-30,2023-04-11,True
expanded_early,TMO,2023-05-30,2023-04-18,True
expanded_early,TMO,2023-05-30,2023-04-25,True
expanded_early,TMO,2023-05-30,2023-05-02,False
expanded_early,TMO,2023-05-30,2023-05-09,False
expanded_early,TMO,2023-05-30,2023-05-16,False
expanded_early,TMO,2023-05-30,2023-06-06,False
expanded_early,NOW,2023-06-05,2023-06-26,False
expanded_early,NFLX,2023-06-07,2023-05-24,False
expanded_early,NFLX,2023-06-07,2023-06-14,False
expanded_early,NFLX,2023-06-07,2023-06-21,False
expanded_early,NFLX,2023-06-07,2023-06-28,False
expanded_early,BKNG,2023-06-08,2023-06-22,False
expanded_early,BKNG,2023-06-08,2023-06-29,False
expanded_early,GOOGL,2023-06-09,2023-05-26,False
expanded_early,GOOGL,2023-06-09,2023-06-16,False
expanded_early,GOOGL,2023-06-09,2023-06-23,False
expanded_early,GOOGL,2023-06-09,2023-06-30,False
expanded_early,CMCSA,2023-06-12,2023-06-26,False
expanded_early,PLTR,2023-06-12,2023-04-03,True
expanded_early,PLTR,2023-06-12,2023-06-26,False
expanded_early,CAT,2023-06-21,2023-04-05,True
expanded_early,CAT,2023-06-21,2023-04-12,True
expanded_early,CAT,2023-06-21,2023-04-19,True
expanded_early,CAT,2023-06-21,2023-04-26,True
expanded_early,CAT,2023-06-21,2023-05-03,True
expanded_early,CAT,2023-06-21,2023-05-10,True
expanded_early,CAT,2023-06-21,2023-05-17,True
expanded_early,NVDA,2023-06-28,2023-04-12,True
expanded_early,NVDA,2023-06-28,2023-04-19,True
expanded_early,NVDA,2023-06-28,2023-04-26,True
expanded_early,NVDA,2023-06-28,2023-05-03,True
expanded_early,NVDA,2023-06-28,2023-05-10,True
expanded_early,NVDA,2023-06-28,2023-05-17,True
expanded_early,NVDA,2023-06-28,2023-05-24,True
expanded_early,NVDA,2023-06-28,2023-05-31,False
expanded_early,NVDA,2023-06-28,2023-06-07,False
expanded_early,NVDA,2023-06-28,2023-06-14,False
expanded_early,MA,2023-06-30,2023-04-14,True
expanded_early,MA,2023-06-30,2023-04-21,True
expanded_early,MA,2023-06-30,2023-04-28,True
expanded_early,MA,2023-06-30,2023-05-05,True
expanded_early,MA,2023-06-30,2023-05-12,True
expanded_early,MA,2023-06-30,2023-05-19,True
expanded_early,MA,2023-06-30,2023-05-26,True
expanded_early,MA,2023-06-30,2023-06-02,False
expanded_early,MA,2023-06-30,2023-06-09,False
expanded_early,MA,2023-06-30,2023-06-16,False
replication_2026,COST,2026-01-22,2026-01-08,False
replication_2026,COST,2026-01-22,2026-01-29,False
replication_2026,COST,2026-01-22,2026-02-05,False
replication_2026,COST,2026-01-22,2026-02-12,False
replication_2026,COST,2026-01-22,2026-02-19,False
replication_2026,COST,2026-01-22,2026-02-26,True
replication_2026,COST,2026-01-22,2026-03-05,True
replication_2026,COST,2026-01-22,2026-03-12,True
replication_2026,V,2026-01-29,2026-03-19,True
replication_2026,V,2026-01-29,2026-03-26,True
replication_2026,TXN,2026-04-20,2026-04-27,False
replication_2026,USB,2026-04-24,2026-05-22,False
replication_2026,ABT,2026-04-28,2026-06-02,True
replication_2026,ABT,2026-04-28,2026-06-09,True
replication_2026,ABT,2026-04-28,2026-06-16,True
replication_2026,ABT,2026-04-28,2026-06-23,True
replication_2026,ABT,2026-04-28,2026-06-30,True
replication_2026,PFE,2026-04-28,2026-04-07,False
replication_2026,PFE,2026-04-28,2026-04-14,False
replication_2026,PFE,2026-04-28,2026-05-05,False
replication_2026,PFE,2026-04-28,2026-05-12,False
replication_2026,JNJ,2026-04-29,2026-05-20,False
replication_2026,JNJ,2026-04-29,2026-05-27,False
replication_2026,JNJ,2026-04-29,2026-06-03,True
replication_2026,JNJ,2026-04-29,2026-06-10,True
replication_2026,BAC,2026-05-07,2026-05-21,False
replication_2026,BAC,2026-05-07,2026-05-28,False
replication_2026,BAC,2026-05-07,2026-06-04,False
replication_2026,BAC,2026-05-07,2026-06-11,True
replication_2026,UBER,2026-05-11,2026-04-06,True
replication_2026,UBER,2026-05-11,2026-06-15,True
replication_2026,PEP,2026-05-11,2026-06-22,True
replication_2026,PEP,2026-05-11,2026-06-29,True
replication_2026,BMY,2026-05-11,2026-06-01,False
replication_2026,BMY,2026-05-11,2026-06-08,True
replication_2026,BMY,2026-05-11,2026-06-15,True
replication_2026,BMY,2026-05-11,2026-06-22,True
replication_2026,BMY,2026-05-11,2026-06-29,True
replication_2026,UPS,2026-05-12,2026-04-07,True
replication_2026,ABBV,2026-05-13,2026-05-20,False
replication_2026,CL,2026-05-14,2026-06-04,False
replication_2026,CL,2026-05-14,2026-06-11,False
replication_2026,CL,2026-05-14,2026-06-18,True
replication_2026,CL,2026-05-14,2026-06-25,True
replication_2026,LMT,2026-05-14,2026-04-02,True
replication_2026,LMT,2026-05-14,2026-04-09,True
replication_2026,LMT,2026-05-14,2026-04-16,False
replication_2026,LMT,2026-05-14,2026-04-23,False
replication_2026,LMT,2026-05-14,2026-04-30,False
replication_2026,LMT,2026-05-14,2026-05-21,False
replication_2026,LMT,2026-05-14,2026-05-28,False
replication_2026,LMT,2026-05-14,2026-06-04,False
replication_2026,LMT,2026-05-14,2026-06-11,False
replication_2026,LMT,2026-05-14,2026-06-18,True
replication_2026,LMT,2026-05-14,2026-06-25,True
replication_2026,AIG,2026-05-15,2026-06-26,True
replication_2026,COP,2026-05-15,2026-04-10,True
replication_2026,COP,2026-05-15,2026-04-17,False
replication_2026,COP,2026-05-15,2026-04-24,False
replication_2026,COP,2026-05-15,2026-05-01,False
replication_2026,COP,2026-05-15,2026-05-22,False
replication_2026,AMD,2026-05-18,2026-04-06,True
replication_2026,AMD,2026-05-18,2026-04-13,True
replication_2026,CVS,2026-05-19,2026-04-21,False
replication_2026,CVS,2026-05-19,2026-04-28,False
replication_2026,CVS,2026-05-19,2026-05-05,False
replication_2026,CVS,2026-05-19,2026-05-26,False
replication_2026,CVS,2026-05-19,2026-06-02,False
replication_2026,CVS,2026-05-19,2026-06-09,False
replication_2026,CVS,2026-05-19,2026-06-16,False
replication_2026,CVS,2026-05-19,2026-06-23,True
replication_2026,CVS,2026-05-19,2026-06-30,True
replication_2026,MO,2026-05-19,2026-04-07,True
replication_2026,MO,2026-05-19,2026-04-14,True
replication_2026,MO,2026-05-19,2026-06-23,True
replication_2026,MO,2026-05-19,2026-06-30,True
replication_2026,PYPL,2026-05-22,2026-06-26,True
replication_2026,C,2026-05-22,2026-05-08,False
replication_2026,C,2026-05-22,2026-05-29,False
replication_2026,C,2026-05-22,2026-06-05,False
replication_2026,C,2026-05-22,2026-06-12,False
replication_2026,C,2026-05-22,2026-06-26,True
replication_2026,NOW,2026-05-26,2026-06-16,False
replication_2026,NOW,2026-05-26,2026-06-23,True
replication_2026,NOW,2026-05-26,2026-06-30,True
replication_2026,HD,2026-05-27,2026-04-01,True
replication_2026,HD,2026-05-27,2026-04-08,True
replication_2026,HD,2026-05-27,2026-04-15,True
replication_2026,HD,2026-05-27,2026-04-22,True
replication_2026,MRK,2026-05-29,2026-04-10,True
replication_2026,MRK,2026-05-29,2026-04-17,True
replication_2026,MRK,2026-05-29,2026-06-26,False
replication_2026,META,2026-06-01,2026-06-08,False
replication_2026,META,2026-06-01,2026-06-15,False
replication_2026,META,2026-06-01,2026-06-22,False
replication_2026,META,2026-06-01,2026-06-29,True
replication_2026,GM,2026-06-05,2026-06-26,False
replication_2026,NFLX,2026-06-08,2026-06-15,False
replication_2026,PLTR,2026-06-10,2026-04-01,True
replication_2026,PLTR,2026-06-10,2026-06-17,False
replication_2026,PLTR,2026-06-10,2026-06-24,False
replication_2026,CMCSA,2026-06-15,2026-04-06,True
replication_2026,CMCSA,2026-06-15,2026-04-13,True
replication_2026,CMCSA,2026-06-15,2026-04-20,True
replication_2026,CMCSA,2026-06-15,2026-04-27,True
replication_2026,CMCSA,2026-06-15,2026-05-04,True
replication_2026,CMCSA,2026-06-15,2026-05-11,True
replication_2026,CMCSA,2026-06-15,2026-05-18,False
replication_2026,CMCSA,2026-06-15,2026-06-01,False
replication_2026,CMCSA,2026-06-15,2026-06-22,False
replication_2026,CMCSA,2026-06-15,2026-06-29,False
replication_2026,MA,2026-06-18,2026-04-02,True
replication_2026,TMUS,2026-06-22,2026-06-01,False
