window,quote_age,reason,count
current_csv,60,no_control_after_calendar,64
current_csv,60,no_control_after_maturity,31
current_csv,60,no_control_after_moneyness,16
current_csv,60,unusable_quote,12
current_csv,60,no_control_after_volatility,8
current_csv,60,entry_moneyness,6
current_csv,60,no_control_after_quote,3
current_csv,60,no_expiry,1
current_csv,300,no_control_after_calendar,71
current_csv,300,no_control_after_maturity,33
current_csv,300,no_control_after_moneyness,16
current_csv,300,no_control_after_volatility,8
current_csv,300,entry_moneyness,8
current_csv,300,no_control_after_quote,3
current_csv,300,unusable_quote,1
current_csv,300,no_expiry,1
expanded_early,60,no_control_after_calendar,66
expanded_early,60,no_control_after_maturity,30
expanded_early,60,entry_moneyness,11
expanded_early,60,unusable_quote,11
expanded_early,60,no_control_after_moneyness,10
expanded_early,60,no_control_after_volatility,6
expanded_early,60,no_control_after_quote,1
expanded_early,300,no_control_after_calendar,69
expanded_early,300,no_control_after_maturity,32
expanded_early,300,entry_moneyness,15
expanded_early,300,no_control_after_moneyness,10
expanded_early,300,no_control_after_volatility,6
expanded_early,300,unusable_quote,3
