window,variant,quote_age,iv_inversion_exclusions,n,companies,dependence_groups,regression_rank,mean_iv_difference,adjusted_iv_difference,mean_event_iv,mean_ordinary_iv,mean_event_premium_fraction,mean_ordinary_premium_fraction,mean_event_rv,mean_ordinary_rv,mean_event_dte,mean_ordinary_dte,interval,conclusion,reason
current_csv,primary,60.0,0.0,9,8.0,2.0,4.0,-0.020025141836522375,-0.025032961399436712,0.24575582012075753,0.2657809619572799,0.02692068268449638,0.03126754398220878,0.22391311834815028,0.21140610472232277,114.33333333333333,112.88888888888889,,inconclusive,
current_csv,bid,60.0,0.0,9,8.0,2.0,4.0,-0.020832300037436646,-0.026819321845799306,0.24237605047550456,0.2632083505129412,0.02692068268449638,0.03126754398220878,0.22391311834815028,0.21140610472232277,114.33333333333333,112.88888888888889,,inconclusive,
current_csv,ask,60.0,0.0,9,8.0,2.0,4.0,-0.019245326106174628,-0.023266562849586135,0.24910673125843458,0.2683520573646092,0.02692068268449638,0.03126754398220878,0.22391311834815028,0.21140610472232277,114.33333333333333,112.88888888888889,,inconclusive,
current_csv,rv60,60.0,0.0,9,8.0,2.0,4.0,-0.020025141836522375,-0.01980999294483089,0.24575582012075753,0.2657809619572799,0.02692068268449638,0.03126754398220878,0.24137771820200438,0.22567460142802653,114.33333333333333,112.88888888888889,,inconclusive,
current_csv,rate0,60.0,0.0,9,8.0,2.0,4.0,-0.01956915660470263,-0.02452949858981695,0.2267638748298486,0.24633303143455126,0.02692068268449638,0.03126754398220878,0.22391311834815028,0.21140610472232277,114.33333333333333,112.88888888888889,,inconclusive,
current_csv,rate6,60.0,0.0,9,8.0,2.0,4.0,-0.020294485344347763,-0.025374447351259787,0.25430998344098044,0.2746044687853282,0.02692068268449638,0.03126754398220878,0.22391311834815028,0.21140610472232277,114.33333333333333,112.88888888888889,,inconclusive,
current_csv,dividend0,60.0,0.0,9,8.0,2.0,4.0,-0.020345992240181607,-0.025213434586794804,0.25157731661187427,0.27192330885205585,0.02692068268449638,0.03126754398220878,0.22391311834815028,0.21140610472232277,114.33333333333333,112.88888888888889,,inconclusive,
current_csv,tree400,60.0,0.0,9,8.0,2.0,4.0,-0.020111563053214935,-0.0251568667763111,0.24573015978465257,0.26584172283786756,0.02692068268449638,0.03126754398220878,0.22391311834815028,0.21140610472232277,114.33333333333333,112.88888888888889,,inconclusive,
current_csv,primary,300.0,0.0,9,8.0,2.0,4.0,-0.020025141836522375,-0.025032961399436712,0.24575582012075753,0.2657809619572799,0.02692068268449638,0.03126754398220878,0.22391311834815028,0.21140610472232277,114.33333333333333,112.88888888888889,,inconclusive,
expanded_early,primary,60.0,0.0,5,5.0,3.0,4.0,0.012226726462540683,-0.044384413955996196,0.3135553076631768,0.30132858120063605,0.037142884275604596,0.03703828818422943,0.28573368825242695,0.2819467970150032,113.0,114.4,,inconclusive,
expanded_early,bid,60.0,0.0,5,5.0,3.0,4.0,0.014271587428258565,-0.04403397779535519,0.3107119597462442,0.29644037231798565,0.037142884275604596,0.03703828818422943,0.28573368825242695,0.2819467970150032,113.0,114.4,,inconclusive,
expanded_early,ask,60.0,0.0,5,5.0,3.0,4.0,0.010184055695979632,-0.04473534974655823,0.31639754963565786,0.3062134939396782,0.037142884275604596,0.03703828818422943,0.28573368825242695,0.2819467970150032,113.0,114.4,,inconclusive,
expanded_early,rv60,60.0,0.0,5,5.0,3.0,4.0,0.012226726462540683,0.19435125200719142,0.3135553076631768,0.30132858120063605,0.037142884275604596,0.03703828818422943,0.29791386734564185,0.2702576956866557,113.0,114.4,,inconclusive,
expanded_early,rate0,60.0,0.0,5,5.0,3.0,4.0,0.012768077316490222,-0.04309212792374642,0.29395721165100974,0.2811891343345196,0.037142884275604596,0.03703828818422943,0.28573368825242695,0.2819467970150032,113.0,114.4,,inconclusive,
expanded_early,rate6,60.0,0.0,5,5.0,3.0,4.0,0.012063050841417778,-0.044885589653676075,0.322635050174358,0.31057199933294033,0.037142884275604596,0.03703828818422943,0.28573368825242695,0.2819467970150032,113.0,114.4,,inconclusive,
expanded_early,dividend0,60.0,0.0,5,5.0,3.0,4.0,0.01209371546132022,-0.04496921347011702,0.3174722804200282,0.305378564958708,0.037142884275604596,0.03703828818422943,0.28573368825242695,0.2819467970150032,113.0,114.4,,inconclusive,
expanded_early,tree400,60.0,0.0,5,5.0,3.0,4.0,0.01230337168683764,-0.044343786134481755,0.31377674665425725,0.3014733749674196,0.037142884275604596,0.03703828818422943,0.28573368825242695,0.2819467970150032,113.0,114.4,,inconclusive,
expanded_early,primary,300.0,0.0,5,5.0,3.0,4.0,0.012226726462540683,-0.044384413955996196,0.3135553076631768,0.30132858120063605,0.037142884275604596,0.03703828818422943,0.28573368825242695,0.2819467970150032,113.0,114.4,,inconclusive,
replication_2026,primary,,,0,,,,,,,,,,,,,,,inconclusive,calendar upper bound below 40; no option collection
