window,tag,events,companies,calendar_control_upper_bound,option_prices_requested
current_csv,accounting_error_correction,1,1,1,False
current_csv,acquisition_agreement,29,19,12,False
current_csv,acquisition_completion,24,17,5,False
current_csv,acquisition_consideration_shares,15,6,5,False
current_csv,activist_investor_campaign,2,2,0,False
current_csv,annual_earnings,11,7,2,False
current_csv,annual_meeting_results,150,87,73,False
current_csv,asset_impairment,12,10,4,False
current_csv,asset_purchase_or_sale,1,1,0,False
current_csv,benefit_plan_blackout,4,4,4,False
current_csv,business_line_exit,11,7,4,False
current_csv,business_update,54,12,6,False
current_csv,bylaw_amendment,47,43,28,False
current_csv,capital_allocation_update,8,6,3,False
current_csv,ceo_appointment,17,15,7,False
current_csv,ceo_departure,31,25,13,False
current_csv,cfo_appointment,34,29,17,False
current_csv,cfo_departure,31,24,14,False
current_csv,charter_amendment,36,28,13,False
current_csv,clinical_trial_results,1,1,0,False
current_csv,control_acquisition,2,2,0,False
current_csv,control_disposition,6,4,1,False
current_csv,credit_facility,62,38,28,False
current_csv,credit_facility_draw,3,3,2,False
current_csv,cybersecurity_incident,4,4,3,False
current_csv,deal_termination,25,21,14,False
current_csv,deal_withdrawal,1,1,1,False
current_csv,debt_issuance,277,80,107,False
current_csv,debt_retirement,40,19,13,False
current_csv,director_appointment,97,63,39,False
current_csv,director_departure,101,59,36,False
current_csv,divestiture_agreement,11,11,2,False
current_csv,divestiture_completion,4,3,3,False
current_csv,dividend_declaration,79,18,39,False
current_csv,dividend_policy_change,7,6,4,False
current_csv,equity_compensation_grant,33,28,12,False
current_csv,executive_compensation_change,174,79,73,False
current_csv,executive_officer_appointment,105,62,46,False
current_csv,executive_officer_departure,132,68,58,False
current_csv,facility_closure,4,3,2,False
current_csv,financial_restatement,1,1,0,False
current_csv,fiscal_year_change,1,1,0,False
current_csv,goodwill_impairment,3,3,0,False
current_csv,guarantee_or_letter_of_credit,42,21,15,False
current_csv,guidance_issuance_or_update,60,27,29,False
current_csv,investment_impairment,2,2,1,False
current_csv,investor_presentation,149,39,67,False
current_csv,joint_venture_agreement,6,6,1,False
current_csv,licensing_agreement,2,2,0,False
current_csv,listing_transfer,3,3,2,False
current_csv,material_charge_or_gain,29,19,10,False
current_csv,material_litigation,11,10,5,False
current_csv,merger_agreement,27,11,7,False
current_csv,merger_completion,9,9,2,False
current_csv,mine_safety_violation,1,1,0,False
current_csv,new_auditor_engagement,3,2,1,False
current_csv,partnership_or_collaboration,3,2,0,False
current_csv,preferred_stock_modification,20,13,6,False
current_csv,preliminary_results,25,10,8,False
current_csv,private_placement,4,1,0,False
current_csv,product_or_service_launch,3,3,2,False
current_csv,public_offering,19,9,7,False
current_csv,quarterly_earnings,131,27,43,False
current_csv,regulatory_decision,6,6,3,False
current_csv,regulatory_investigation,11,8,2,False
current_csv,restructuring_plan,14,9,8,False
current_csv,settlement_agreement,24,18,10,False
current_csv,share_repurchase_program,36,26,15,False
current_csv,shareholder_proposal_outcome,121,76,63,False
current_csv,significant_contract_award,3,3,1,False
current_csv,special_meeting_results,5,4,1,False
current_csv,spinoff_completion,10,4,1,False
current_csv,stock_split,11,5,3,False
current_csv,strategic_initiative,34,20,12,False
current_csv,supply_or_distribution_agreement,2,2,1,False
current_csv,tender_offer,13,9,2,False
current_csv,trading_plan_10b5_1,10,2,8,False
current_csv,underwriting_agreement,146,67,71,False
current_csv,voluntary_bankruptcy,2,2,1,False
current_csv,voluntary_delisting,1,1,0,False
current_csv,warrant_or_conversion,2,2,1,False
current_csv,workforce_reduction,11,8,3,False
expanded_early,accounting_error_correction,1,1,0,False
expanded_early,acquisition_agreement,22,12,8,False
expanded_early,acquisition_completion,20,14,6,False
expanded_early,acquisition_consideration_shares,3,3,1,False
expanded_early,activist_investor_campaign,3,3,0,False
expanded_early,annual_earnings,5,5,3,False
expanded_early,annual_meeting_results,140,82,64,False
expanded_early,asset_impairment,3,3,0,False
expanded_early,asset_purchase_or_sale,3,3,2,False
expanded_early,auditor_dismissal,1,1,0,False
expanded_early,benefit_plan_blackout,3,3,2,False
expanded_early,business_line_exit,10,7,5,False
expanded_early,business_update,58,11,1,False
expanded_early,bylaw_amendment,83,64,43,False
expanded_early,capital_allocation_update,6,5,4,False
expanded_early,ceo_appointment,13,11,5,False
expanded_early,ceo_departure,25,18,6,False
expanded_early,cfo_appointment,36,29,14,False
expanded_early,cfo_departure,28,21,12,False
expanded_early,charter_amendment,21,15,17,False
expanded_early,clinical_trial_results,2,1,1,False
expanded_early,code_of_ethics_change,1,1,0,False
expanded_early,control_disposition,3,2,0,False
expanded_early,covenant_violation,2,1,0,False
expanded_early,credit_facility,90,44,38,False
expanded_early,credit_facility_draw,10,8,4,False
expanded_early,cybersecurity_incident,3,2,1,False
expanded_early,deal_termination,33,26,15,False
expanded_early,deal_withdrawal,3,3,1,False
expanded_early,debt_acceleration,1,1,0,False
expanded_early,debt_issuance,224,70,89,False
expanded_early,debt_retirement,42,25,10,False
expanded_early,delisting_determination,1,1,1,False
expanded_early,director_appointment,82,61,35,False
expanded_early,director_departure,74,44,28,False
expanded_early,director_nomination,1,1,0,False
expanded_early,divestiture_agreement,9,8,3,False
expanded_early,divestiture_completion,8,4,4,False
expanded_early,dividend_declaration,71,16,38,False
expanded_early,dividend_policy_change,4,3,3,False
expanded_early,equity_compensation_grant,36,27,15,False
expanded_early,esg_sustainability_commitment,2,2,1,False
expanded_early,executive_compensation_change,152,68,56,False
expanded_early,executive_officer_appointment,88,63,33,False
expanded_early,executive_officer_departure,102,58,35,False
expanded_early,facility_closure,1,1,0,False
expanded_early,goodwill_impairment,1,1,0,False
expanded_early,guarantee_or_letter_of_credit,29,19,12,False
expanded_early,guidance_issuance_or_update,65,30,18,False
expanded_early,investor_presentation,133,33,49,False
expanded_early,joint_venture_agreement,7,6,4,False
expanded_early,lease_agreement,1,1,0,False
expanded_early,licensing_agreement,4,4,2,False
expanded_early,listing_compliance_regained,1,1,1,False
expanded_early,listing_deficiency_notice,1,1,0,False
expanded_early,listing_transfer,1,1,0,False
expanded_early,material_charge_or_gain,26,18,9,False
expanded_early,material_litigation,7,6,1,False
expanded_early,merger_agreement,21,13,7,False
expanded_early,merger_completion,16,11,5,False
expanded_early,new_auditor_engagement,4,4,2,False
expanded_early,off_balance_sheet_arrangement,1,1,1,False
expanded_early,partnership_or_collaboration,7,5,1,False
expanded_early,preferred_stock_modification,19,10,5,False
expanded_early,preliminary_results,22,14,7,False
expanded_early,private_placement,4,3,1,False
expanded_early,product_or_service_launch,3,3,1,False
expanded_early,public_offering,7,6,4,False
expanded_early,quarterly_earnings,118,27,61,False
expanded_early,regulatory_decision,4,2,3,False
expanded_early,regulatory_investigation,8,6,4,False
expanded_early,restructuring_plan,13,12,6,False
expanded_early,settlement_agreement,27,16,9,False
expanded_early,share_repurchase_program,29,21,7,False
expanded_early,shareholder_meeting_notice,2,2,2,False
expanded_early,shareholder_proposal_outcome,114,73,50,False
expanded_early,special_meeting_results,2,2,2,False
expanded_early,spinoff_completion,13,5,7,False
expanded_early,stock_split,4,3,2,False
expanded_early,strategic_initiative,23,17,4,False
expanded_early,supply_or_distribution_agreement,4,4,1,False
expanded_early,tender_offer,13,6,5,False
expanded_early,trading_plan_10b5_1,14,6,5,False
expanded_early,underwriting_agreement,117,53,53,False
expanded_early,voluntary_bankruptcy,4,4,2,False
expanded_early,voluntary_delisting,2,1,1,False
expanded_early,warrant_or_conversion,1,1,0,False
expanded_early,workforce_reduction,7,6,4,False
replication_2026,acquisition_agreement,14,10,4,False
replication_2026,acquisition_completion,13,8,2,False
replication_2026,acquisition_consideration_shares,10,6,3,False
replication_2026,annual_earnings,6,6,2,False
replication_2026,annual_meeting_results,69,69,36,False
replication_2026,asset_impairment,2,2,0,False
replication_2026,business_line_exit,2,1,0,False
replication_2026,business_update,19,5,1,False
replication_2026,bylaw_amendment,15,12,5,False
replication_2026,capital_allocation_update,5,5,0,False
replication_2026,ceo_appointment,7,7,4,False
replication_2026,ceo_departure,12,12,5,False
replication_2026,cfo_appointment,21,19,7,False
replication_2026,cfo_departure,15,14,4,False
replication_2026,charter_amendment,13,12,2,False
replication_2026,control_disposition,2,2,1,False
replication_2026,credit_facility,29,25,10,False
replication_2026,credit_facility_draw,4,3,1,False
replication_2026,cybersecurity_incident,3,3,3,False
replication_2026,deal_termination,10,9,3,False
replication_2026,deal_withdrawal,1,1,0,False
replication_2026,debt_issuance,107,53,24,False
replication_2026,debt_retirement,16,11,0,False
replication_2026,director_appointment,28,24,12,False
replication_2026,director_departure,40,33,11,False
replication_2026,divestiture_completion,1,1,0,False
replication_2026,dividend_declaration,24,12,9,False
replication_2026,dividend_policy_change,3,3,1,False
replication_2026,equity_compensation_grant,19,17,7,False
replication_2026,executive_compensation_change,72,48,26,False
replication_2026,executive_officer_appointment,39,34,17,False
replication_2026,executive_officer_departure,41,35,17,False
replication_2026,facility_closure,2,2,0,False
replication_2026,fiscal_year_change,1,1,0,False
replication_2026,guarantee_or_letter_of_credit,17,13,2,False
replication_2026,guidance_issuance_or_update,18,11,4,False
replication_2026,investor_presentation,49,24,16,False
replication_2026,joint_venture_agreement,2,2,0,False
replication_2026,licensing_agreement,2,2,0,False
replication_2026,material_charge_or_gain,8,7,2,False
replication_2026,merger_agreement,11,6,2,False
replication_2026,merger_completion,6,6,2,False
replication_2026,new_auditor_engagement,2,2,0,False
replication_2026,partnership_or_collaboration,7,6,1,False
replication_2026,preferred_stock_modification,13,9,0,False
replication_2026,preliminary_results,10,7,1,False
replication_2026,private_placement,3,3,1,False
replication_2026,public_offering,20,13,2,False
replication_2026,quarterly_earnings,45,23,17,False
replication_2026,regulatory_decision,3,3,2,False
replication_2026,restructuring_plan,7,7,3,False
replication_2026,settlement_agreement,5,4,1,False
replication_2026,share_repurchase_program,14,12,3,False
replication_2026,shareholder_proposal_outcome,57,57,26,False
replication_2026,significant_contract_award,1,1,0,False
replication_2026,spinoff_completion,9,3,1,False
replication_2026,stock_split,3,2,1,False
replication_2026,strategic_initiative,12,11,2,False
replication_2026,supply_or_distribution_agreement,1,1,0,False
replication_2026,tender_offer,4,3,1,False
replication_2026,trading_plan_10b5_1,4,3,0,False
replication_2026,underwriting_agreement,55,39,15,False
replication_2026,warrant_or_conversion,2,2,1,False
replication_2026,workforce_reduction,1,1,0,False
