ticker,accession_number,filing_date,target_text,filing_url,source_tags,same_filing_context,reason
C,0001104659-24-002981,2024-01-10,"Citi recorded approximately $780 million in restructuring charges in the quarter, largely driven by severance, non-cash asset impairments and other related charges, as part of Citi's implementation of its organizational and management simplification initiatives as of year-end 2023.",https://www.sec.gov/Archives/edgar/data/831001/0001104659-24-002981.txt,restructuring_plan,"Citi recorded approximately $780 million in restructuring charges in the quarter, largely driven by severance, non-cash asset impairments and other related charges, as part of Citi's implementation of its organizational and management simplification initiatives as of year-end 2023.
As of the fourth quarter of 2023, Citi completed these changes to its operating model, which, among other things, included eliminating the Institutional Clients Group and Personal Banking and Wealth Management operating segments and establishing a new financial reporting structure consisting of five reportable operating segments—Services, Markets, Banking, U.S. Personal Banking and Wealth.",ongoing_or_retrospective_plan
CL,0000021665-25-000040,2025-08-01,"On July 31, 2025, the Company's Board of Directors approved a new three-year productivity program to drive future growth and support the Company's 2030 strategy (the ""Productivity Program""). The program includes initiatives to better align the Company's organizational structure to support its strategic initiatives, optimize the Company's global supply chain to drive agility and efficiencies and simplify and streamline its organizational structure to reduce overhead costs. The Productivity Program is projected to result in cumulative pre-tax charges, once all initiatives are approved and implemented, totaling between $200 and $300 million over the course of the three-year program.",https://www.sec.gov/Archives/edgar/data/21665/0000021665-25-000040.txt,restructuring_plan,"On July 31, 2025, the Company's Board of Directors approved a new three-year productivity program to drive future growth and support the Company's 2030 strategy (the ""Productivity Program""). The program includes initiatives to better align the Company's organizational structure to support its strategic initiatives, optimize the Company's global supply chain to drive agility and efficiencies and simplify and streamline its organizational structure to reduce overhead costs. The Productivity Program is projected to result in cumulative pre-tax charges, once all initiatives are approved and implemented, totaling between $200 and $300 million over the course of the three-year program.",quantified_savings_missing
CL,0000021665-25-000052,2025-10-31,"The Strategic Growth and Productivity Program is estimated to result in cumulative pre-tax charges, once all initiatives are approved and implemented, totaling between $200 and $300 million, which is currently estimated to be comprised of the following: employee-related costs, including severance and other termination benefits (65% to 75%) and asset-related costs and other charges (25% to 35%), which include accelerated depreciation, asset write-offs, contract termination and other exit costs.",https://www.sec.gov/Archives/edgar/data/21665/0000021665-25-000052.txt,restructuring_plan,"The Strategic Growth and Productivity Program is estimated to result in cumulative pre-tax charges, once all initiatives are approved and implemented, totaling between $200 and $300 million, which is currently estimated to be comprised of the following: employee-related costs, including severance and other termination benefits (65% to 75%) and asset-related costs and other charges (25% to 35%), which include accelerated depreciation, asset write-offs, contract termination and other exit costs.",new_plan_not_verified
CSCO,0001193125-24-036201,2024-02-14,"On February 14, 2024, Cisco announced a restructuring plan in order to realign the organization and enable further investment in key priority areas. This restructuring plan will impact approximately 5 percent of Cisco's global workforce. Cisco currently estimates that it will recognize pre-tax charges to its GAAP financial results of approximately $800 million consisting of severance and other one-time termination benefits and other costs.
This restructuring plan will impact approximately 5 percent of Cisco's global workforce. Cisco currently estimates that it will recognize pre-tax charges to its GAAP financial results of approximately $800 million consisting of severance and other one-time termination benefits and other costs.",https://www.sec.gov/Archives/edgar/data/858877/0001193125-24-036201.txt,"restructuring_plan,workforce_reduction","On February 14, 2024, Cisco announced a restructuring plan in order to realign the organization and enable further investment in key priority areas. This restructuring plan will impact approximately 5 percent of Cisco's global workforce. Cisco currently estimates that it will recognize pre-tax charges to its GAAP financial results of approximately $800 million consisting of severance and other one-time termination benefits and other costs.
This restructuring plan will impact approximately 5 percent of Cisco's global workforce. Cisco currently estimates that it will recognize pre-tax charges to its GAAP financial results of approximately $800 million consisting of severance and other one-time termination benefits and other costs.",quantified_savings_missing
CSCO,0001193125-24-200636,2024-08-14,"On August 14, 2024, Cisco announced a restructuring plan to allow it to invest in key growth opportunities and drive more efficiencies in its business. This restructuring plan is expected to impact approximately 7 percent of Cisco's global workforce. Cisco currently estimates that it will recognize pre-tax charges to its GAAP financial results of up to $1 billion consisting of severance and other one-time termination benefits, and other costs.
This restructuring plan is expected to impact approximately 7 percent of Cisco's global workforce. Cisco currently estimates that it will recognize pre-tax charges to its GAAP financial results of up to $1 billion consisting of severance and other one-time termination benefits, and other costs.",https://www.sec.gov/Archives/edgar/data/858877/0001193125-24-200636.txt,"restructuring_plan,workforce_reduction","On August 14, 2024, Cisco announced a restructuring plan to allow it to invest in key growth opportunities and drive more efficiencies in its business. This restructuring plan is expected to impact approximately 7 percent of Cisco's global workforce. Cisco currently estimates that it will recognize pre-tax charges to its GAAP financial results of up to $1 billion consisting of severance and other one-time termination benefits, and other costs.
This restructuring plan is expected to impact approximately 7 percent of Cisco's global workforce. Cisco currently estimates that it will recognize pre-tax charges to its GAAP financial results of up to $1 billion consisting of severance and other one-time termination benefits, and other costs.",quantified_savings_missing
DE,0001558370-24-008911,2024-06-05,"On May 31, 2024, the Company announced to its employees a plan to reduce its production and salaried workforce to help the Company meet its strategic priorities while reducing overlap and redundancy in roles and responsibilities. It is anticipated that the activities related to salaried employees will occur during the third quarter of fiscal year 2024.",https://www.sec.gov/Archives/edgar/data/315189/0001558370-24-008911.txt,workforce_reduction,"On May 31, 2024, the Company announced to its employees a plan to reduce its production and salaried workforce to help the Company meet its strategic priorities while reducing overlap and redundancy in roles and responsibilities. It is anticipated that the activities related to salaried employees will occur during the third quarter of fiscal year 2024.",quantified_savings_missing
FDX,0001193125-24-159578,2024-06-12,"Federal Express Corporation announced a workforce reduction plan in Europe as part of its ongoing measures to reduce structural costs. The plan will impact between 1,700 and 2,000 employees in Europe across back-office and commercial functions. We expect the pre-tax cost of the severance benefits and legal and professional fees to be provided under and related to the plan to range from $250 million to $375 million in cash expenditures.",https://www.sec.gov/Archives/edgar/data/1048911/0001193125-24-159578.txt,workforce_reduction,"Federal Express Corporation announced a workforce reduction plan in Europe as part of its ongoing measures to reduce structural costs. The plan will impact between 1,700 and 2,000 employees in Europe across back-office and commercial functions. We expect the pre-tax cost of the severance benefits and legal and professional fees to be provided under and related to the plan to range from $250 million to $375 million in cash expenditures.",quantified_savings_missing
INTC,0000050863-24-000147,2024-10-31,"On October 28, 2024, the Audit & Finance Committee approved a series of cost and capital reduction initiatives designed to adjust spending to current business trends while enabling Intel's new operating model. These initiatives include reducing headcount by 16,500 employees, consolidating and reducing the Company's global real estate footprint, conducting portfolio reviews of the Company's business under a 'clean sheet' view, rationalizing capital investments and deployments based upon demand signals and capacity requirements, and reducing the Company's overall operating expenses. The Company expects to recognize $3.0 billion of restructuring charges related to these actions, of which the Company is recognizing $2.8 billion in the third quarter of 2024.
In connection with the Company's real estate consolidation and exits, the Company expects to recognize pre-tax charges of $307 million related to certain owned and operating leased assets and related leasehold improvements. The Company is recognizing $86 million of non-cash impairments for operating leased assets and related leasehold improvements in the third quarter of 2024.
These initiatives include reducing headcount by 16,500 employees. In connection with the headcount reductions, the Company is recognizing pre-tax employee severance and related employee exit charges of $2.2 billion in the third quarter of 2024, substantially all of which will entail future cash expenditures.",https://www.sec.gov/Archives/edgar/data/50863/0000050863-24-000147.txt,"facility_closure,restructuring_plan,workforce_reduction","In connection with the Company's decision to exit and outsource manufacturing capabilities for internal-use test hardware, the Company is recognizing pre-tax impairment charges of $442 million in the third quarter of 2024 for certain construction in progress assets.
On October 28, 2024, the Audit & Finance Committee approved a series of cost and capital reduction initiatives designed to adjust spending to current business trends while enabling Intel's new operating model. These initiatives include reducing headcount by 16,500 employees, consolidating and reducing the Company's global real estate footprint, conducting portfolio reviews of the Company's business under a 'clean sheet' view, rationalizing capital investments and deployments based upon demand signals and capacity requirements, and reducing the Company's overall operating expenses. The Company expects to recognize $3.0 billion of restructuring charges related to these actions, of which the Company is recognizing $2.8 billion in the third quarter of 2024.
In connection with the Company's real estate consolidation and exits, the Company expects to recognize pre-tax charges of $307 million related to certain owned and operating leased assets and related leasehold improvements. The Company is recognizing $86 million of non-cash impairments for operating leased assets and related leasehold improvements in the third quarter of 2024.
These initiatives include reducing headcount by 16,500 employees. In connection with the headcount reductions, the Company is recognizing pre-tax employee severance and related employee exit charges of $2.2 billion in the third quarter of 2024, substantially all of which will entail future cash expenditures.",new_plan_not_verified
INTC,0000050863-25-000107,2025-07-24,"The Audit Committee approved an enterprise-wide initiative to fundamentally transform culture and operations, designed to simplify the way we do business. As part of this transformation, the Company implemented the 2025 Restructuring Plan to lower expenses, streamline organizational structure and reduce management layers. The Company expects these headcount reduction initiatives will reduce core Intel workforce by 15% by the end of fiscal 2025.
The Company is recognizing non-cash asset impairment charges of $416 million in the second quarter of 2025, resulting from the exit of certain non-core lines of business and the consolidation and exit of certain real estate properties.
The Company expects these headcount reduction initiatives will reduce our core Intel workforce by 15% by the end of fiscal 2025. The Company is recognizing pre-tax employee severance and related employee exit charges of $1.4 billion in the second quarter of 2025, the substantial majority of which will be cash settled in future periods.",https://www.sec.gov/Archives/edgar/data/50863/0000050863-25-000107.txt,"facility_closure,restructuring_plan,workforce_reduction","The Company is recognizing non-cash asset impairment charges of $416 million in the second quarter of 2025, resulting from the exit of certain non-core lines of business and the consolidation and exit of certain real estate properties.
The Audit Committee approved an enterprise-wide initiative to fundamentally transform culture and operations, designed to simplify the way we do business. As part of this transformation, the Company implemented the 2025 Restructuring Plan to lower expenses, streamline organizational structure and reduce management layers. The Company expects these headcount reduction initiatives will reduce core Intel workforce by 15% by the end of fiscal 2025.
The Company expects these headcount reduction initiatives will reduce our core Intel workforce by 15% by the end of fiscal 2025. The Company is recognizing pre-tax employee severance and related employee exit charges of $1.4 billion in the second quarter of 2025, the substantial majority of which will be cash settled in future periods.",new_plan_not_verified
INTU,0000896878-24-000030,2024-07-10,"On July 10, 2024, Intuit Inc. announced a plan of reorganization (the ""Plan"") focused on reallocating resources to the Company's key growth areas. As part of the Plan, approximately 1,800 employees will exit the Company and the Company will close its Boise and Edmonton sites. The Company estimates that it will incur approximately $250 million to $260 million in charges in connection with the Plan, primarily in its fourth fiscal quarter ending July 31, 2024.
The Company will close its Boise and Edmonton sites in service to growing technology teams and capabilities in strategic locations. The charges include approximately $33 million in non-cash charges for share-based compensation and charges associated with the site closures.
Approximately 1,800 employees will exit the Company. These charges consist of approximately $217 million to $227 million in future cash expenditures related to severance payments and employee benefits.",https://www.sec.gov/Archives/edgar/data/896878/0000896878-24-000030.txt,"facility_closure,restructuring_plan,workforce_reduction","On July 10, 2024, Intuit Inc. announced a plan of reorganization (the ""Plan"") focused on reallocating resources to the Company's key growth areas. As part of the Plan, approximately 1,800 employees will exit the Company and the Company will close its Boise and Edmonton sites. The Company estimates that it will incur approximately $250 million to $260 million in charges in connection with the Plan, primarily in its fourth fiscal quarter ending July 31, 2024.
The Company will close its Boise and Edmonton sites in service to growing technology teams and capabilities in strategic locations. The charges include approximately $33 million in non-cash charges for share-based compensation and charges associated with the site closures.
Approximately 1,800 employees will exit the Company. These charges consist of approximately $217 million to $227 million in future cash expenditures related to severance payments and employee benefits.",quantified_savings_missing
MRK,0001104659-24-009109,2024-02-01,"On January 29, 2024, the Company approved a new restructuring program (the '2024 Restructuring Program') intended to continue the optimization of the Company's Human Health global manufacturing network as the future pipeline shifts to new modalities and also optimize the Animal Health global manufacturing network to improve supply reliability and increase efficiency. The actions contemplated under the 2024 Restructuring Program are expected to be substantially completed by the end of 2031, with the cumulative pretax costs to be incurred by the Company to implement the program estimated to be approximately $4.0 billion.",https://www.sec.gov/Archives/edgar/data/310158/0001104659-24-009109.txt,restructuring_plan,"On January 29, 2024, the Company approved a new restructuring program (the '2024 Restructuring Program') intended to continue the optimization of the Company's Human Health global manufacturing network as the future pipeline shifts to new modalities and also optimize the Animal Health global manufacturing network to improve supply reliability and increase efficiency. The actions contemplated under the 2024 Restructuring Program are expected to be substantially completed by the end of 2031, with the cumulative pretax costs to be incurred by the Company to implement the program estimated to be approximately $4.0 billion.
Incorporated by reference is a press release issued by Merck & Co., Inc. on February 1, 2024, regarding earnings for the fourth quarter and year end of 2023, attached as Exhibit 99.1.",quantified_savings_missing
MRK,0001104659-25-071380,2025-07-29,"On July 25, 2025, the Company approved a new restructuring program (2025 Restructuring Program) designed to position the Company for its next chapter of growth and to successfully advance its pipeline and launch new products across multiple therapeutic areas. The cumulative pretax costs to be incurred by the Company to implement the program are estimated to be approximately $3.0 billion, of which approximately 60% will be cash, relating primarily to employee separation expense and contractual termination costs. The Company expects the actions under the 2025 Restructuring Program to result in annual cost savings of approximately $1.7 billion, which will be substantially realized by the end of 2027.",https://www.sec.gov/Archives/edgar/data/310158/0001104659-25-071380.txt,restructuring_plan,"On July 25, 2025, the Company approved a new restructuring program (2025 Restructuring Program) designed to position the Company for its next chapter of growth and to successfully advance its pipeline and launch new products across multiple therapeutic areas. The cumulative pretax costs to be incurred by the Company to implement the program are estimated to be approximately $3.0 billion, of which approximately 60% will be cash, relating primarily to employee separation expense and contractual termination costs. The Company expects the actions under the 2025 Restructuring Program to result in annual cost savings of approximately $1.7 billion, which will be substantially realized by the end of 2027.
Incorporated by reference is a press release issued by Merck & Co., Inc. on July 29, 2025, regarding earnings for the second quarter of 2025, attached as Exhibit 99.1. Also incorporated by reference is certain supplemental information not included in the press release, attached as Exhibit 99.2.",eligible
PFE,0000078003-24-000113,2024-05-22,"In the second quarter of 2024, Pfizer announced it is launching a multi-year program to reduce our cost of goods sold. This cost reduction program (the ""program"") will span multiple years, and is expected to include operational efficiencies, network structure changes, and product portfolio enhancements. The first phase of the program is focused on operational efficiencies and is expected to deliver savings of approximately $1.5 billion by the end of 2027, some of which is expected to begin being realized in 2025. The one-time costs to achieve the savings associated with the first phase of the program are expected to be approximately $1.7 billion and primarily include severance and implementation costs.",https://www.sec.gov/Archives/edgar/data/78003/0000078003-24-000113.txt,restructuring_plan,"In the second quarter of 2024, Pfizer announced it is launching a multi-year program to reduce our cost of goods sold. This cost reduction program (the ""program"") will span multiple years, and is expected to include operational efficiencies, network structure changes, and product portfolio enhancements. The first phase of the program is focused on operational efficiencies and is expected to deliver savings of approximately $1.5 billion by the end of 2027, some of which is expected to begin being realized in 2025. The one-time costs to achieve the savings associated with the first phase of the program are expected to be approximately $1.7 billion and primarily include severance and implementation costs.",eligible
PFE,0000078003-25-000111,2025-04-29,"On April 29, 2025, Pfizer announced approximately $1.2 billion of additional anticipated savings associated with its ongoing cost realignment program (the 'Realigning Our Cost Base Program' or the 'Program') expected to be achieved by the end of 2027, designed to further reduce costs primarily in selling, information and administrative expenses ('SI&A') driven in large part by enhanced digital enablement, including automation and artificial intelligence ('AI'), and simplification of business processes. Pfizer expects one-time costs to achieve the additional savings to be incurred through 2027 and to total approximately $1.6 billion, primarily representing cash expenditures for severance, digital enablement and implementation.",https://www.sec.gov/Archives/edgar/data/78003/0000078003-25-000111.txt,restructuring_plan,"On April 29, 2025, Pfizer announced approximately $1.2 billion of additional anticipated savings associated with its ongoing cost realignment program (the 'Realigning Our Cost Base Program' or the 'Program') expected to be achieved by the end of 2027, designed to further reduce costs primarily in selling, information and administrative expenses ('SI&A') driven in large part by enhanced digital enablement, including automation and artificial intelligence ('AI'), and simplification of business processes. Pfizer expects one-time costs to achieve the additional savings to be incurred through 2027 and to total approximately $1.6 billion, primarily representing cash expenditures for severance, digital enablement and implementation.",ongoing_or_retrospective_plan
PG,0000080424-25-000050,2025-06-05,"The Company also expects to reduce up to 7,000 roles, or approximately 15% of our current non-manufacturing workforce.",https://www.sec.gov/Archives/edgar/data/80424/0000080424-25-000050.txt,workforce_reduction,"The Company also expects to reduce up to 7,000 roles, or approximately 15% of our current non-manufacturing workforce.",new_plan_not_verified
SBUX,0000829224-25-000067,2025-09-25,"On September 23, 2025, the Board of Directors of Starbucks Corporation (the ""Company"") approved a restructuring plan involving the closure of coffeehouses, and the further transformation of the Company's support organization, as part of the Company's ""Back to Starbucks"" strategy. The Company expects that a majority of the store closures will be completed by the end of this fiscal year. The Company estimates that it will incur approximately $1 billion related to the store closures, support organization transformation, and other restructuring activities, with 90% of the expenses attributable to the North America business.
It will close those coffeehouses that do not meet these criteria. The Company expects that a majority of the store closures will be completed by the end of this fiscal year. The Company estimates that it will incur approximately $1 billion related to the store closures, support organization transformation, and other restructuring activities, with 90% of the expenses attributable to the North America business.",https://www.sec.gov/Archives/edgar/data/829224/0000829224-25-000067.txt,"facility_closure,restructuring_plan","On September 23, 2025, the Board of Directors of Starbucks Corporation (the ""Company"") approved a restructuring plan involving the closure of coffeehouses, and the further transformation of the Company's support organization, as part of the Company's ""Back to Starbucks"" strategy. The Company expects that a majority of the store closures will be completed by the end of this fiscal year. The Company estimates that it will incur approximately $1 billion related to the store closures, support organization transformation, and other restructuring activities, with 90% of the expenses attributable to the North America business.
It will close those coffeehouses that do not meet these criteria. The Company expects that a majority of the store closures will be completed by the end of this fiscal year. The Company estimates that it will incur approximately $1 billion related to the store closures, support organization transformation, and other restructuring activities, with 90% of the expenses attributable to the North America business.",new_plan_not_verified
SCHW,0000316709-24-000011,2024-01-17,"We took steps to unlock incremental efficiency, including identifying at least $500 million in cost savings beyond the pre-committed Ameritrade synergies. As part of this effort, we reduced our workforce by approximately 6% of staff, which helped streamline the organization and enables us to prioritize investments in key client initiatives.",https://www.sec.gov/Archives/edgar/data/316709/0000316709-24-000011.txt,restructuring_plan,"We took steps to unlock incremental efficiency, including identifying at least $500 million in cost savings beyond the pre-committed Ameritrade synergies. As part of this effort, we reduced our workforce by approximately 6% of staff, which helped streamline the organization and enables us to prioritize investments in key client initiatives.
The primary objective coming into 2023 was a successful Ameritrade conversion. By the end of the year, we had transitioned approximately 90% of client assets and accounts with no significant disruptions.
The Charles Schwab Corporation announced today that its net income for the fourth quarter of 2023 was $1.0 billion compared with $2.0 billion for the fourth quarter of 2022. Net income for the twelve months ended December 31, 2023 was $5.1 billion, compared with $7.2 billion for the year-earlier period.",new_plan_not_verified
TSLA,0000950170-24-044588,2024-04-16,"On April 15, 2024, Tesla announced a company-wide restructuring that reduces our headcount by more than 10% globally. With this rapid growth, there has been a duplication of roles and job functions in certain areas.",https://www.sec.gov/Archives/edgar/data/1318605/0000950170-24-044588.txt,workforce_reduction,"On April 15, 2024, Tesla announced a company-wide restructuring that reduces our headcount by more than 10% globally. With this rapid growth, there has been a duplication of roles and job functions in certain areas.",new_plan_not_verified
VZ,0000732712-24-000056,2024-09-12,"In June 2024, Verizon announced a voluntary separation program for select U.S.-based management employees. Approximately 4,800 eligible employees will separate from Verizon under this program by the end of March 2025, with over half of these employees exiting in September of 2024.",https://www.sec.gov/Archives/edgar/data/732712/0000732712-24-000056.txt,workforce_reduction,"In June 2024, Verizon announced a voluntary separation program for select U.S.-based management employees. Approximately 4,800 eligible employees will separate from Verizon under this program by the end of March 2025, with over half of these employees exiting in September of 2024.",quantified_savings_missing
VZ,0000732712-25-000119,2025-11-20,"Verizon announced that it expects to record a severance charge in the range of $1.6 billion to $1.8 billion in the fourth quarter of 2025 in connection with its plans to reduce its workforce as it implements its previously announced plan to reduce its cost structure. The workforce reduction will include the elimination of over 13,000 positions, with over 80% of the affected employees exiting the business in December 2025.",https://www.sec.gov/Archives/edgar/data/732712/0000732712-25-000119.txt,workforce_reduction,"Verizon announced that it expects to record a severance charge in the range of $1.6 billion to $1.8 billion in the fourth quarter of 2025 in connection with its plans to reduce its workforce as it implements its previously announced plan to reduce its cost structure. The workforce reduction will include the elimination of over 13,000 positions, with over 80% of the affected employees exiting the business in December 2025.",quantified_savings_missing
