window,horizon,n_events,difference,ci_lo,ci_hi,dependence_clusters
in_sample,1,20,0.0040181806748236,-0.0022244922172158,0.015701384715121,13
in_sample,2,20,0.000904348128203,-0.0048661507792255,0.0110578750908685,9
in_sample,3,20,-0.0010765825645608,-0.0118482992031396,0.0083322604685058,8
in_sample,5,20,0.0001026617137028,,,3
in_sample,10,20,0.0041748464689104,,,1
in_sample,21,20,0.0017491254971226,,,1
in_sample,42,19,0.0114047169515729,,,1
in_sample,63,17,-0.0003723042358392,,,1
in_sample,exp,20,-0.0127004143891409,,,1
out_of_sample,1,8,0.0092927397699333,0.0007984564185474,0.0170486813406676,5
out_of_sample,2,8,0.0123297239632648,,,4
out_of_sample,3,8,0.0115734373184373,,,3
out_of_sample,5,7,0.0174163796647826,,,3
out_of_sample,10,8,0.0098975021300269,,,2
out_of_sample,21,7,-0.0376657174372499,,,2
out_of_sample,42,7,0.0015994806640034,,,1
out_of_sample,63,6,0.0329320983233005,,,1
out_of_sample,exp,2,-0.0233410958151187,,,1
