ticker,accession_number,filing_date,cik,filing_url,supporting_text,source_tags,reason
ABBV,0001104659-26-020643,2026-02-26,0001551152,https://www.sec.gov/Archives/edgar/data/1551152/0001104659-26-020643.txt,"AbbVie agreed to issue and sell to the Underwriters $750,000,000 aggregate principal amount of its senior floating rate notes due 2028, $1,500,000,000 aggregate principal amount of its 3.775% senior notes due 2028, $1,250,000,000 aggregate principal amount of its 4.125% senior notes due 2031, $1,250,000,000 aggregate principal amount of its 4.400% senior notes due 2033, $1,500,000,000 aggregate principal amount of its 4.750% senior notes due 2036, $1,250,000,000 aggregate principal amount of its 5.550% senior notes due 2056 and $500,000,000 aggregate principal amount of its 5.650% senior notes due 2066.
On February 24, 2026, AbbVie Inc. entered into an underwriting agreement with J.P. Morgan Securities LLC, BofA Securities, Inc., Morgan Stanley & Co. LLC and Wells Fargo Securities, LLC, acting for themselves and as representatives of the several underwriters named in Schedule II therein, pursuant to which AbbVie agreed to issue and sell to the Underwriters [multiple series of notes].","debt_issuance,underwriting_agreement",completion_not_verified
ABBV,0001104659-26-023534,2026-03-04,0001551152,https://www.sec.gov/Archives/edgar/data/1551152/0001104659-26-023534.txt,"AbbVie completed its previously announced underwritten public offering of $750,000,000 aggregate principal amount of its senior floating rate notes due 2028, $1,500,000,000 aggregate principal amount of its 3.775% senior notes due 2028, $1,250,000,000 aggregate principal amount of its 4.125% senior notes due 2031, $1,250,000,000 aggregate principal amount of its 4.400% senior notes due 2033, $1,500,000,000 aggregate principal amount of its 4.750% senior notes due 2036, $1,250,000,000 aggregate principal amount of its 5.550% senior notes due 2056 and $500,000,000 aggregate principal amount of its 5.650% senior notes due 2066.",debt_issuance,eligible
ABBV,0001104659-26-091269,2026-08-05,0001551152,https://www.sec.gov/Archives/edgar/data/1551152/0001104659-26-091269.txt,"AbbVie agreed to issue and sell to the Underwriters $500,000,000 aggregate principal amount of its senior floating rate notes due 2028, $1,000,000,000 aggregate principal amount of its 4.500% senior notes due 2028, $1,250,000,000 aggregate principal amount of its 4.650% senior notes due 2030, $1,500,000,000 aggregate principal amount of its 4.875% senior notes due 2031, $1,250,000,000 aggregate principal amount of its 5.050% senior notes due 2033, $1,500,000,000 aggregate principal amount of its 5.300% senior notes due 2036, $1,000,000,000 aggregate principal amount of its 5.450% senior notes due 2038, $1,500,000,000 aggregate principal amount of its 6.000% senior notes due 2056 and $500,000,000 aggregate principal amount of its 6.100% senior notes due 2066.
AbbVie Inc. entered into an underwriting agreement with Morgan Stanley & Co. LLC, BofA Securities, Inc., J.P. Morgan Securities LLC and SG Americas Securities, LLC, acting for themselves and as representatives of the several underwriters named in Schedule II therein, pursuant to which AbbVie agreed to issue and sell to the Underwriters [multiple series of notes].","debt_issuance,underwriting_agreement",completion_not_verified
ABBV,0001104659-26-098367,2026-08-18,0001551152,https://www.sec.gov/Archives/edgar/data/1551152/0001104659-26-098367.txt,"AbbVie completed its previously announced underwritten public offering of $500,000,000 aggregate principal amount of its senior floating rate notes due 2028, $1,000,000,000 aggregate principal amount of its 4.500% senior notes due 2028, $1,250,000,000 aggregate principal amount of its 4.650% senior notes due 2030, $1,500,000,000 aggregate principal amount of its 4.875% senior notes due 2031, $1,250,000,000 aggregate principal amount of its 5.050% senior notes due 2033, $1,500,000,000 aggregate principal amount of its 5.300% senior notes due 2036, $1,000,000,000 aggregate principal amount of its 5.450% senior notes due 2038, $1,500,000,000 aggregate principal amount of its 6.000% senior notes due 2056 and $500,000,000 aggregate principal amount of its 6.100% senior notes due 2066.",debt_issuance,eligible
ABT,0001104659-26-020509,2026-02-26,0000001800,https://www.sec.gov/Archives/edgar/data/1800/0001104659-26-020509.txt,"Abbott agreed to issue and sell $20,000,000,000 aggregate principal amount of senior notes, consisting of $1,000,000,000 aggregate principal amount of its Floating Rate Notes due 2029, $2,250,000,000 aggregate principal amount of its 3.700% Notes due 2029, $2,500,000,000 aggregate principal amount of its 4.000% Notes due 2031, $2,750,000,000 aggregate principal amount of its 4.300% Notes due 2033, $3,750,000,000 aggregate principal amount of its 4.650% Notes due 2036, $2,000,000,000 aggregate principal amount of its 4.750% Notes due 2038, $3,750,000,000 aggregate principal amount of its 5.500% Notes due 2056 and $2,000,000,000 aggregate principal amount of its 5.600% Notes due 2066.
Abbott entered into a pricing agreement dated February 23, 2026, by and among Abbott, Morgan Stanley & Co. LLC, Barclays Capital Inc., BofA Securities, Inc. and J.P. Morgan Securities LLC, for themselves and as representatives of the several other underwriters named therein, pursuant to which Abbott agreed to issue and sell $20,000,000,000 aggregate principal amount of senior notes.","debt_issuance,underwriting_agreement",completion_not_verified
ABT,0001104659-26-025240,2026-03-09,0000001800,https://www.sec.gov/Archives/edgar/data/1800/0001104659-26-025240.txt,"Abbott completed the public offering and issuance of $20,000,000,000 aggregate principal amount of senior notes, consisting of $1,000,000,000 aggregate principal amount of its Floating Rate Notes due 2029, $2,250,000,000 aggregate principal amount of its 3.700% Notes due 2029, $2,500,000,000 aggregate principal amount of its 4.000% Notes due 2031, $2,750,000,000 aggregate principal amount of its 4.300% Notes due 2033, $3,750,000,000 aggregate principal amount of its 4.650% Notes due 2036, $2,000,000,000 aggregate principal amount of its 4.750% Notes due 2038, $3,750,000,000 aggregate principal amount of its 5.500% Notes due 2056 and $2,000,000,000 aggregate principal amount of its 5.600% Notes due 2066.",debt_issuance,eligible
ACN,0001193125-26-300813,2026-07-10,0001467373,https://www.sec.gov/Archives/edgar/data/1467373/0001193125-26-300813.txt,"Accenture Capital Inc. closed the sale of $300,000,000 aggregate principal amount of its floating rate notes due 2029, $1,000,000,000 aggregate principal amount of its 4.750% senior notes due 2029, $1,500,000,000 aggregate principal amount of its 5.000% senior notes due 2031, $1,100,000,000 aggregate principal amount of its 5.300% senior notes due 2033 and $1,100,000,000 aggregate principal amount of its 5.600% senior notes due 2036. The aggregate public offering price of the Notes was $4.997 billion and the estimated net proceeds from the offering were approximately $4.979 billion.
The sale of the Notes was pursuant to an Underwriting Agreement dated July 8, 2026 among Accenture Capital, as issuer, Accenture, as guarantor, and BofA Securities, Inc., Barclays Capital Inc., Citigroup Global Markets Inc. and J.P. Morgan Securities LLC, as managers of the several underwriters.","debt_issuance,underwriting_agreement",eligible
AMD,0001193125-26-354029,2026-08-17,0000002488,https://www.sec.gov/Archives/edgar/data/2488/0001193125-26-354029.txt,"Advanced Micro Devices, Inc. (the ""Company"") closed its public offering (the ""Offering"") of $4.75 billion aggregate principal amount of senior notes, consisting of $1.25 billion aggregate principal amount of its 4.600% Senior Notes due 2029, $1.50 billion aggregate principal amount of its 5.000% Senior Notes due 2031, $1.00 billion aggregate principal amount of its 5.250% Senior Notes due 2033 and $1.00 billion aggregate principal amount of its 5.500% Senior Notes due 2036.
The purchase and sale of the Notes was made pursuant to an Underwriting Agreement (the ""Underwriting Agreement""), dated August 13, 2026, with Barclays Capital Inc., BofA Securities, Inc., Citigroup Global Markets Inc., J.P. Morgan Securities LLC, Morgan Stanley & Co. LLC and Wells Fargo Securities, LLC, as representatives of the several underwriters named therein (collectively, the ""Underwriters""), pursuant to which the Notes were issued and sold to the Underwriters, severally and not jointly, for resale at a public offering price of 99.889% of the aggregate principal amount of the 2029 Notes, 99.921% of the aggregate principal amount of the 2031 Notes, 99.919% of the aggregate principal amount of the 2033 Notes and 99.757% of the aggregate principal amount of the 2036 Notes.","debt_issuance,underwriting_agreement",eligible
AMGN,0001193125-26-059490,2026-02-19,0000318154,https://www.sec.gov/Archives/edgar/data/318154/0001193125-26-059490.txt,"On February 17, 2026, Amgen Inc. (the ""Company"") issued and sold $1,000,000,000 aggregate principal amount of the Company's 4.200% Senior Notes due 2031, $1,750,000,000 aggregate principal amount of the Company's 4.850% Senior Notes due 2036, $500,000,000 aggregate principal amount of the Company's 5.500% Senior Notes due 2046 and $750,000,000 aggregate principal amount of the Company's 5.650% Senior Notes due 2056. Net proceeds to the Company from the offering were approximately $3,961,495,000, after deducting underwriters' discounts and estimated offering expenses payable by the Company.",debt_issuance,completion_not_verified
AMT,0001053507-26-000111,2026-05-19,0001053507,https://www.sec.gov/Archives/edgar/data/1053507/0001053507-26-000111.txt,"American Tower Corporation issued a press release announcing that it had priced its registered public offering of senior unsecured notes due 2033 (the ""2033 notes"") in an aggregate principal amount of 750.0 million euros. The 2033 notes will have an interest rate of 4.000% per annum and are being issued at a price equal to 99.663% of their face value.",debt_issuance,completion_not_verified
AMT,0001193125-26-240535,2026-05-27,0001053507,https://www.sec.gov/Archives/edgar/data/1053507/0001193125-26-240535.txt,"American Tower Corporation (the ""Company"") completed a registered public offering of 750.0 million euros (""EUR"") aggregate principal amount of its 4.000% senior unsecured notes due 2033 (the ""notes""), which resulted in aggregate net proceeds to the Company of approximately 742.7 million EUR (approximately $866.7 million at the EUR/U.S. dollar exchange rate of 1.00 EUR = $1.1669, as reported by Bloomberg on May 14, 2026), after deducting commissions and estimated expenses.",debt_issuance,eligible
AMZN,0001104659-26-027729,2026-03-13,0001018724,https://www.sec.gov/Archives/edgar/data/1018724/0001104659-26-027729.txt,"On March 13, 2026, Amazon.com, Inc. (the ""Company"") closed the sale of $1,750,000,000 aggregate principal amount of its floating rate notes due 2028, $1,000,000,000 aggregate principal amount of its floating rate notes due 2029, $2,250,000,000 aggregate principal amount of its 3.850% notes due 2028, $3,000,000,000 aggregate principal amount of its 4.000% notes due 2029, $5,000,000,000 aggregate principal amount of its 4.250% notes due 2031, $4,000,000,000 aggregate principal amount of its 4.550% notes due 2033, $6,000,000,000 aggregate principal amount of its 4.875% notes due 2036, $2,500,000,000 aggregate principal amount of its 5.650% notes due 2046, $5,500,000,000 aggregate principal amount of its 5.800% notes due 2056, $3,000,000,000 aggregate principal amount of its 5.950% notes due 2066, and $3,000,000,000 aggregate principal amount of its 6.050% notes due 2076.
The Notes were issued pursuant to an Underwriting Agreement dated March 10, 2026 (the ""Underwriting Agreement"") among the Company and J.P. Morgan Securities LLC, Citigroup Global Markets Inc., Goldman Sachs & Co. LLC, and HSBC Securities (USA) Inc., as managers of the several underwriters named in Schedule II therein.","debt_issuance,underwriting_agreement",eligible
AMZN,0001104659-26-028556,2026-03-16,0001018724,https://www.sec.gov/Archives/edgar/data/1018724/0001104659-26-028556.txt,"On March 16, 2026, Amazon.com, Inc. (the ""Company"") closed the sale of €1,750,000,000 aggregate principal amount of its floating rate notes due 2028, €1,250,000,000 aggregate principal amount of its 2.800% notes due 2028, €2,000,000,000 aggregate principal amount of its 3.100% notes due 2030, €2,250,000,000 aggregate principal amount of its 3.350% notes due 2032, €2,500,000,000 aggregate principal amount of its 3.700% notes due 2035, €2,250,000,000 aggregate principal amount of its 4.050% notes due 2039, €1,250,000,000 aggregate principal amount of its 4.450% notes due 2045, and €1,250,000,000 aggregate principal amount of its 4.850% notes due 2064. The aggregate public offering price of the Notes was €14.473 billion and the estimated net proceeds from the offering were approximately €14.447 billion.
The Notes were issued pursuant to an Underwriting Agreement dated March 11, 2026 (the ""Underwriting Agreement"") among the Company and the several underwriters named therein.","debt_issuance,underwriting_agreement",repeat_within_seven_days
AMZN,0001104659-26-073562,2026-06-12,0001018724,https://www.sec.gov/Archives/edgar/data/1018724/0001104659-26-073562.txt,"On June 12, 2026, Amazon.com, Inc. closed the sale of C$1,250,000,000 aggregate principal amount of its 3.400% notes due 2029, C$2,500,000,000 aggregate principal amount of its 3.700% notes due 2031, C$2,000,000,000 aggregate principal amount of its 4.000% notes due 2033, C$3,500,000,000 aggregate principal amount of its 4.350% notes due 2036, and C$4,750,000,000 aggregate principal amount of its 5.000% notes due 2056 pursuant to an Underwriting Agreement dated June 8, 2026. The aggregate public offering price of the Notes was C$13.967 billion and the estimated net proceeds from the offering were approximately C$13.934 billion.",debt_issuance,eligible
AMZN,0001104659-26-082293,2026-07-09,0001018724,https://www.sec.gov/Archives/edgar/data/1018724/0001104659-26-082293.txt,"On July 9, 2026, Amazon.com, Inc. (the ""Company"") closed the sale of $750,000,000 aggregate principal amount of its floating rate notes due 2029, $3,500,000,000 aggregate principal amount of its 4.600% notes due 2029, $4,250,000,000 aggregate principal amount of its 4.800% notes due 2031, $3,000,000,000 aggregate principal amount of its 5.100% notes due 2033, $4,500,000,000 aggregate principal amount of its 5.300% notes due 2036, $2,750,000,000 aggregate principal amount of its 6.000% notes due 2046, $4,000,000,000 aggregate principal amount of its 6.100% notes due 2056, and $2,250,000,000 aggregate principal amount of its 6.250% notes due 2066.
The Notes were issued pursuant to an Underwriting Agreement dated July 7, 2026 among the Company and Barclays Capital Inc., Goldman Sachs & Co. LLC, J.P. Morgan Securities LLC, and Morgan Stanley & Co. LLC, as managers of the several underwriters. The aggregate public offering price of the Notes was $24.923 billion and the estimated net proceeds from the offering were approximately $24.867 billion.","debt_issuance,underwriting_agreement",eligible
AVGO,0001193125-26-011731,2026-01-13,0001730168,https://www.sec.gov/Archives/edgar/data/1730168/0001193125-26-011731.txt,"On January 6, 2026, Broadcom Inc. entered into an underwriting agreement pursuant to which the Company agreed to issue and sell to the Underwriters $4,500,000,000 aggregate principal amount of its senior notes, consisting of $750,000,000 aggregate principal amount of its 4.300% senior notes due 2031, $1,250,000,000 aggregate principal amount of its 4.600% senior notes due 2033, $1,250,000,000 aggregate principal amount of its 4.950% senior notes due 2036 and $1,250,000,000 aggregate principal amount of its 5.700% senior notes due 2056.
On January 6, 2026, Broadcom Inc. entered into an underwriting agreement (the 'Underwriting Agreement') with BofA Securities, Inc. and J.P. Morgan Securities LLC, acting for themselves and as representatives of the several underwriters named therein (collectively, the 'Underwriters'), pursuant to which the Company agreed to issue and sell to the Underwriters $4,500,000,000 aggregate principal amount of its senior notes.","debt_issuance,underwriting_agreement",completion_not_verified
AXP,0000004962-26-000094,2026-02-10,0000004962,https://www.sec.gov/Archives/edgar/data/4962/0000004962-26-000094.txt,"issuance by the Company, on February 10, 2026, of $500,000,000 aggregate principal amount of 5.412% Fixed-to-Fixed Rate Subordinated Notes due February 8, 2041 (the ""Subordinated Notes"") pursuant to a Prospectus Supplement dated February 3, 2026
issuance by American Express Company (the ""Company""), on February 10, 2026, of $1,350,000,000 aggregate principal amount of 4.009% Fixed-to-Floating Rate Notes due February 9, 2029, $1,000,000,000 aggregate principal amount of 4.456% Fixed-to-Floating Rate Notes due February 10, 2032 and $650,000,000 aggregate principal amount of Floating Rate Notes due February 9, 2029 (collectively, the ""Senior Notes"") pursuant to a Prospectus Supplement dated February 3, 2026",debt_issuance,completion_not_verified
AXP,0000004962-26-000207,2026-05-04,0000004962,https://www.sec.gov/Archives/edgar/data/4962/0000004962-26-000207.txt,"issuance by American Express Company (the ""Company""), on May 4, 2026, of $1,750,000,000 aggregate principal amount of 4.444% Fixed-to-Floating Rate Notes due May 3, 2030 (the ""Notes"") pursuant to a Prospectus Supplement dated April 27, 2026",debt_issuance,completion_not_verified
AXP,0000004962-26-000270,2026-06-17,0000004962,https://www.sec.gov/Archives/edgar/data/4962/0000004962-26-000270.txt,"issuance by American Express Company (the ""Company""), on June 17, 2026, of €750,000,000 aggregate principal amount of 3.835% Fixed-to-Floating Rate Notes due June 16, 2034 (the ""Notes"") pursuant to a Prospectus Supplement dated June 10, 2026",debt_issuance,completion_not_verified
BK,0001193125-26-019554,2026-01-22,0001390777,https://www.sec.gov/Archives/edgar/data/1390777/0001193125-26-019554.txt,"The Bank of New York Mellon Corporation issued $1,250,000,000 aggregate principal amount of its 4.026% Fixed Rate / Floating Rate Callable Senior Medium-Term Notes Series J due 2030 and $300,000,000 aggregate principal amount of its Floating Rate Callable Senior Medium-Term Notes Series J due 2030. The Notes were registered under the Securities Act of 1933, as amended, pursuant to a registration statement on Form S-3.",debt_issuance,eligible
BK,0001193125-26-094111,2026-03-05,0001390777,https://www.sec.gov/Archives/edgar/data/1390777/0001193125-26-094111.txt,"On February 26, 2026, the Registrant entered into an underwriting agreement with Barclays Capital Inc., BofA Securities, Inc., Citigroup Global Markets Inc., Deutsche Bank Securities Inc. and BNY Mellon Capital Markets, LLC, as underwriters, relating to the public offering of 500,000 depositary shares.",underwriting_agreement,not_explicit_notes_or_bonds
BK,0001193125-26-173843,2026-04-23,0001390777,https://www.sec.gov/Archives/edgar/data/1390777/0001193125-26-173843.txt,"The Bank of New York Mellon Corporation issued $750,000,000 aggregate principal amount of its 4.540% Fixed Rate / Floating Rate Callable Senior Medium-Term Notes Series J due 2032 and $750,000,000 aggregate principal amount of its 5.085% Fixed Rate / Floating Rate Callable Senior Medium-Term Notes Series J due 2037. The Notes were registered under the Securities Act of 1933, as amended, pursuant to a registration statement on Form S-3.",debt_issuance,eligible
BKNG,0001104659-26-057239,2026-05-07,0001075531,https://www.sec.gov/Archives/edgar/data/1075531/0001104659-26-057239.txt,"On May 7, 2026, Booking Holdings Inc. executed an Officers' Certificate in connection with the sale of $750,000,000 aggregate principal amount of the Company's 5.375% Senior Notes due 2036. The Senior Notes will mature on May 7, 2036, unless earlier redeemed or repurchased. The Company will pay interest on the Senior Notes at a semi-annual rate of 5.375% payable on May 7 and November 7 of each year, beginning on November 7, 2026.
On May 5, 2026, the Company entered into an underwriting agreement with Citigroup Global Markets Inc., Deutsche Bank Securities Inc., Goldman Sachs & Co. LLC and J.P. Morgan Securities LLC, as representatives of the several underwriters named in Schedule II thereto, pursuant to which the Company agreed to issue and sell to the Underwriters $750,000,000 aggregate principal amount of Senior Notes in a registered public offering.","debt_issuance,underwriting_agreement",completion_not_verified
BKNG,0001104659-26-058730,2026-05-11,0001075531,https://www.sec.gov/Archives/edgar/data/1075531/0001104659-26-058730.txt,"On May 11, 2026, Booking Holdings Inc. executed three Officers' Certificates in connection with the sale of €600,000,000 aggregate principal amount of the Company's 3.500% Senior Notes due 2030, €700,000,000 aggregate principal amount of the Company's 4.000% Senior Notes due 2034, and €600,000,000 aggregate principal amount of the Company's 4.500% Senior Notes due 2039.
On May 5, 2026, the Company entered into an underwriting agreement with Citigroup Global Markets Limited, Deutsche Bank AG, London Branch, Goldman Sachs & Co. LLC and J.P. Morgan Securities plc, as representatives of the several underwriters, pursuant to which the Company agreed to issue and sell to the Underwriters €1,900,000,000 aggregate principal amount of Senior Notes in a registered public offering.","debt_issuance,underwriting_agreement",completion_not_verified
BRK.B,0001193125-26-159326,2026-04-16,0001067983,https://www.sec.gov/Archives/edgar/data/1067983/0001193125-26-159326.txt,"On April 16, 2026, Berkshire Hathaway Inc. issued (i) ¥128,900,000,000 aggregate principal amount of its 2.077% Senior Notes due 2029, (ii) ¥86,800,000,000 aggregate principal amount of its 2.465% Senior Notes due 2031, (iii) ¥22,300,000,00 aggregate principal amount of its 2.739% Senior Notes due 2033, (iv) ¥27,300,000,000 aggregate principal amount of its 3.084% Senior Notes due 2036, (v) 2,000,000,000 aggregate principal amount of its 3.452% Senior Notes due 2041 and (vi) 5,000,000,000 aggregate principal amount of its 4.037% Senior Notes due 2056.
The Notes were sold pursuant to an underwriting agreement entered into on April 10, 2026, by and among (a) Berkshire and (b) Mizuho Securities USA LLC and Merrill Lynch International.","debt_issuance,underwriting_agreement",completion_not_verified
CHTR,0001104659-26-003739,2026-01-14,0001091667,https://www.sec.gov/Archives/edgar/data/1271834/0001104659-26-003739.txt,"On January 13, 2026 (the ""Closing Date""), CCO Holdings, LLC (""CCO Holdings"") and CCO Holdings Capital Corp. issued (i) $1.75 billion aggregate principal amount of 7.000% Senior Notes due 2033 (the ""2033 Notes"") and (ii) $1.25 billion aggregate principal amount of 7.375% Senior Notes due 2036 (the ""2036 Notes""). The Notes were sold to persons reasonably believed to be qualified institutional buyers in reliance on Rule 144A under the Securities Act of 1933.",debt_issuance,completion_not_verified
CHTR,0001104659-26-086302,2026-07-23,0001091667,https://www.sec.gov/Archives/edgar/data/1091667/0001104659-26-086302.txt,"The Issuers will issue up to $1,750,000,000 in aggregate principal amount of a new series of Senior Secured Notes due 2038 (the 'New 2038 Notes') to be issued by the Issuers with registration rights and up to $1,750,000,000 in aggregate principal amount of a new series of Senior Secured Notes due 2041 (the 'New 2041 Notes').",debt_issuance,completion_not_verified
CHTR,0001104659-26-094863,2026-08-12,0001091667,https://www.sec.gov/Archives/edgar/data/1271834/0001104659-26-094863.txt,"On August 12, 2026 (the 'Early Settlement Date'), the Issuers issued $1,686,285,000 in aggregate principal amount of 2038 Notes and $1,627,538,000 in aggregate principal amount of 2041 Notes in connection with the early settlement of the Exchange Offers. The 2038 Notes are 7.087% Senior Secured Notes due 2038 and the 2041 Notes are 7.337% Senior Secured Notes due 2041, with interest payable on each March 1 and September 1, commencing March 1, 2027.",debt_issuance,complex_or_nonroutine_transaction
CHTR,0001104659-26-098363,2026-08-18,0001091667,https://www.sec.gov/Archives/edgar/data/1271834/0001104659-26-098363.txt,"On August 18, 2026 (the ""Closing Date""), Charter Communications Operating, LLC (""CCO"") and Charter Communications Operating Capital Corp. (together with CCO, the ""Issuers"") issued (i) $1,750,000,000 aggregate principal amount of 6.050% Senior Secured Notes due 2032, (ii) $1,000,000,000 aggregate principal amount of 6.600% Senior Secured Notes due 2034, (iii) $1,000,000,000 aggregate principal amount of 6.950% Senior Secured Notes due 2036 and (iv) $1,000,000,000 aggregate principal amount of 7.850% Senior Secured Notes due 2056.",debt_issuance,completion_not_verified
CHTR,0001104659-26-100328,2026-08-24,0001091667,https://www.sec.gov/Archives/edgar/data/1271834/0001104659-26-100328.txt,"up to $2,000,000,000 in aggregate principal amount of a new series of 7.087% Senior Secured Notes due 2038 (the ""2038 Notes"") to be issued by the Issuers with registration rights and (b) private offer to exchange...up to $2,000,000,000 in aggregate principal amount of a new series of 7.337% Senior Secured Notes due 2041 (the ""2041 Notes"") to be issued by the Issuers with registration rights.
On the Early Settlement Date, the Issuers issued (i) $1,686,285,000 in aggregate principal amount of 2038 Notes (the ""Existing 2038 Notes"") in exchange for $2,664,699,000 in aggregate principal amount of Pool 1 Notes...and (ii) $1,627,538,000 in aggregate principal amount of 2041 Notes (the ""Existing 2041 Notes""...in exchange for $2,689,366,000 in aggregate principal amount of Pool 2 Notes. On August 24, 2026 (the ""Final Settlement Date""), the Issuers issued (i) an additional $55,928,000 in aggregate principal amount of 2038 Notes...and (ii) an additional $35,750,000 in aggregate principal amount of 2041 Notes.",debt_issuance,completion_not_verified
COF,0001193125-26-033632,2026-02-02,0000927628,https://www.sec.gov/Archives/edgar/data/927628/0001193125-26-033632.txt,"Capital One Financial Corporation closed the public offering of $1,500,000,000 aggregate principal amount of its 4.722% Fixed-to-Floating Rate Senior Notes due 2032 and $1,500,000,000 aggregate principal amount of its 5.399% Fixed-to-Floating Rate Senior Notes due 2037, pursuant to an underwriting agreement dated January 29, 2026.
The Notes were issued pursuant to an underwriting agreement (the 'Underwriting Agreement'), dated January 29, 2026, with Barclays Capital Inc., J.P. Morgan Securities LLC, Morgan Stanley & Co. LLC, Wells Fargo Securities, LLC and Capital One Securities, Inc., as representatives of the several underwriters listed therein.","debt_issuance,underwriting_agreement",eligible
CRM,0001193125-26-104282,2026-03-12,0001108524,https://www.sec.gov/Archives/edgar/data/1108524/0001193125-26-104282.txt,"On March 11, 2026, Salesforce entered into an underwriting agreement (the ""Underwriting Agreement"") with J.P. Morgan Securities LLC, BofA Securities, Inc., Barclays Capital Inc., Citigroup Global Markets Inc. and Wells Fargo Securities, LLC, pursuant to which the Company agreed to issue and sell to the Underwriters $3,500,000,000 aggregate principal amount of 4.500% Senior Notes due 2028, $4,250,000,000 aggregate principal amount of 4.650% Senior Notes due 2029, $3,750,000,000 aggregate principal amount of 4.900% Senior Notes due 2031, $2,750,000,000 aggregate principal amount of 5.200% Senior Notes due 2033, $4,500,000,000 aggregate principal amount of 5.550% Senior Notes due 2036, $1,500,000,000 aggregate principal amount of 6.400% Senior Notes due 2046, $3,750,000,000 aggregate principal amount of 6.550% Senior Notes due 2056 and $1,000,000,000 aggregate principal amount of 6.700% Senior Notes due 2066.
On March 11, 2026, Salesforce entered into an underwriting agreement (the ""Underwriting Agreement"") with J.P. Morgan Securities LLC, BofA Securities, Inc., Barclays Capital Inc., Citigroup Global Markets Inc. and Wells Fargo Securities, LLC, on behalf of the several Underwriters listed in Schedule A thereto (the ""Underwriters""), pursuant to which the Company agreed to issue and sell to the Underwriters [multiple series of Senior Notes] in a registered public offering (the ""Offering"").","debt_issuance,underwriting_agreement",completion_not_verified
CRM,0001193125-26-106356,2026-03-13,0001108524,https://www.sec.gov/Archives/edgar/data/1108524/0001193125-26-106356.txt,"On March 13, 2026, Salesforce, Inc. completed its previously announced registered public offering of $3,500,000,000 aggregate principal amount of 4.500% Senior Notes due 2028, $4,250,000,000 aggregate principal amount of 4.650% Senior Notes due 2029, $3,750,000,000 aggregate principal amount of 4.900% Senior Notes due 2031, $2,750,000,000 aggregate principal amount of 5.200% Senior Notes due 2033, $4,500,000,000 aggregate principal amount of 5.550% Senior Notes due 2036, $1,500,000,000 aggregate principal amount of 6.400% Senior Notes due 2046, $3,750,000,000 aggregate principal amount of 6.550% Senior Notes due 2056 and $1,000,000,000 aggregate principal amount of 6.700% Senior Notes due 2066.",debt_issuance,eligible
DE,0001104659-26-083910,2026-07-15,0000315189,https://www.sec.gov/Archives/edgar/data/315189/0001104659-26-083910.txt,"On July 10, 2026, Deere Funding Canada Corporation (the ""Issuer"") agreed to sell $300,000,000 aggregate principal amount of 4.850% Notes due July 15, 2031 (the ""Notes""). Interest on the Notes is payable on January 15 and July 15 of each year, beginning on January 15, 2027.
In connection with the issuance and the sale of the Securities, on July 10, 2026, the Issuer and the Guarantor entered into a terms agreement (the ""Terms Agreement"") with Barclays Capital Inc., Credit Agricole Securities (USA) Inc., Deutsche Bank Securities Inc., RBC Capital Markets, LLC and TD Securities (USA) LLC, as representatives of the underwriters named therein.","debt_issuance,underwriting_agreement",completion_not_verified
DHR,0001193125-26-191608,2026-04-29,0000313616,https://www.sec.gov/Archives/edgar/data/313616/0001193125-26-191608.txt,"On April 29, 2026, Danaher Corporation issued €500,000,000 aggregate principal amount of Floating Rate Senior Notes due 2028, €750,000,000 aggregate principal amount of 3.250% Senior Notes due 2030, €750,000,000 aggregate principal amount of 3.625% Senior Notes due 2034 and €1,000,000,000 aggregate principal amount of 4.000% Senior Notes due 2038, in an underwritten offering pursuant to a registration statement on Form S-3.
The Notes were sold pursuant to the terms of an underwriting agreement, dated April 22, 2026, among Danaher and Citigroup Global Markets Limited, Merrill Lynch International, Barclays Bank PLC, Deutsche Bank AG, London Branch, Goldman Sachs & Co. LLC and the other underwriters party thereto.","debt_issuance,underwriting_agreement",eligible
DHR,0001193125-26-255555,2026-06-03,0000313616,https://www.sec.gov/Archives/edgar/data/313616/0001193125-26-255555.txt,"On June 3, 2026, Danaher Corporation and its wholly owned subsidiary DH Masi Finance Inc. entered into a note purchase and guaranty agreement relating to the issuance and sale of (i) CHF 119,500,000 aggregate principal amount of the Issuer's 1.65% Senior Notes, Series A due June 3, 2031, (ii) CHF 137,410,000 aggregate principal amount of the Issuer's 1.88% Senior Notes, Series B due June 3, 2033, (iii) CHF 221,300,000 aggregate principal amount of the Issuer's 2.10% Senior Notes, Series C due June 3, 2036, (iv) CHF 372,660,000 aggregate principal amount of the Issuer's 2.25% Senior Notes, Series D due June 3, 2038, (v) CHF 648,010,000 aggregate principal amount of the Issuer's 2.38% Senior Notes, Series E due June 3, 2041, (vi) CHF 502,060,000 aggregate principal amount of the Issuer's 2.51% Senior Notes, Series F due June 3, 2046, and (vii) CHF 382,000,000 aggregate principal amount of the Issuer's 2.50% Senior Notes, Series G due June 3, 2056.",debt_issuance,completion_not_verified
DIS,0001193125-26-048674,2026-02-12,0001744489,https://www.sec.gov/Archives/edgar/data/1744489/0001193125-26-048674.txt,"On February 10, 2026, The Walt Disney Company entered into an Underwriting Agreement with Citigroup Global Markets Inc. and J.P. Morgan Securities LLC, with respect to the offer and sale of $500,000,000 aggregate principal amount of its Floating Rate Notes due 2029, $1,000,000,000 aggregate principal amount of its 3.750% Notes due 2029, $1,500,000,000 aggregate principal amount of its 4.000% Notes due 2031 and $1,000,000,000 aggregate principal amount of its 4.625% Notes due 2036.
The Walt Disney Company entered into an Underwriting Agreement with Citigroup Global Markets Inc. and J.P. Morgan Securities LLC, with respect to the offer and sale of the Notes. Copies of the Underwriting Agreement are filed as exhibits hereto and incorporated herein by reference.","debt_issuance,underwriting_agreement",completion_not_verified
DUK,0001104659-26-024729,2026-03-06,0001326160,https://www.sec.gov/Archives/edgar/data/1326160/0001104659-26-024729.txt,"The Company will pay each of the Sales Agents a commission of up to 1.00% of the sales price of all shares of Common Stock sold through it as sales agent under the Equity Distribution Agreement...Sales of the shares of Common Stock, if any, under the Equity Distribution Agreement will be made in negotiated transactions, including block trades, transactions that are deemed to be ""at the market"" offerings as defined in Rule 415 under the Securities Act of 1933, as amended.",underwriting_agreement,not_explicit_notes_or_bonds
DUK,0001104659-26-024945,2026-03-09,0001326160,https://www.sec.gov/Archives/edgar/data/1326160/0001104659-26-024945.txt,"Duke Energy Corporation issued a press release announcing the launch of a private placement of $1,000,000,000 principal amount of its Convertible Senior Notes due 2029.",debt_issuance,completion_not_verified
DUK,0001104659-26-027080,2026-03-12,0001326160,https://www.sec.gov/Archives/edgar/data/1326160/0001104659-26-027080.txt,"On March 12, 2026, Duke Energy Corporation completed the sale of $1,500,000,000 aggregate principal amount of 3.000% Convertible Senior Notes due 2029. The Notes bear interest at a fixed rate of 3.000% per year, payable semiannually in arrears on March 15 and September 15 of each year, beginning on September 15, 2026. The Notes will mature on March 15, 2029, unless earlier converted or repurchased in accordance with their terms.",debt_issuance,complex_or_nonroutine_transaction
DUK,0001104659-26-095903,2026-08-13,0001326160,https://www.sec.gov/Archives/edgar/data/1326160/0001104659-26-095903.txt,"Each Corporate Unit has a stated amount of $50 and is comprised of (i) a purchase contract (each, a ""stock purchase contract"") which will obligate the holder to purchase from the Company, no later than August 1, 2029, a certain number of shares of the Company's common stock, $0.001 par value (the ""Common Stock""), for $50 in cash; (ii) a 1/40 undivided beneficial ownership interest in $1,000 principal amount of the Company's 4.85% Remarketable Senior Notes due 2032 (the ""2032 RSNs""); and (iii) a 1/40 undivided beneficial ownership interest in $1,000 principal amount of the Company's 4.85% Remarketable Senior Notes due 2036 (the ""2036 RSNs"").
On August 13, 2026, Duke Energy Corporation (the ""Company"") consummated the issuance and sale of the securities described below pursuant to an underwriting agreement, dated August 10, 2026 (the ""Underwriting Agreement""), with Barclays Capital Inc., BofA Securities, Inc. and Mizuho Securities USA LLC, as representatives of the several underwriters named therein (the ""Underwriters"").","debt_issuance,underwriting_agreement",complex_or_nonroutine_transaction
FDX,0001104659-26-011069,2026-02-05,0001048911,https://www.sec.gov/Archives/edgar/data/1048911/0001104659-26-011069.txt,"FedEx Freight Holding Company, Inc. issued $1,000,000,000 aggregate principal amount of its 4.300% Senior Notes due 2029, $1,000,000,000 aggregate principal amount of its 4.650% Senior Notes due 2031, $700,000,000 aggregate principal amount of its 4.950% Senior Notes due 2033, and $1,000,000,000 aggregate principal amount of its 5.250% Senior Notes due 2036.",debt_issuance,eligible
FDX,0001104659-26-068519,2026-06-01,0001048911,https://www.sec.gov/Archives/edgar/data/1048911/0001104659-26-068519.txt,"In connection with the Spin-Off, FedEx Freight paid a cash dividend of approximately $4.1 billion to the Company prior to the Effective Time from the proceeds of the $3.7 billion senior notes offering completed in February 2026 and borrowings under its delayed-draw term loan facility.",debt_issuance,completion_not_verified
GILD,0001104659-26-064518,2026-05-20,0000882095,https://www.sec.gov/Archives/edgar/data/882095/0001104659-26-064518.txt,"The Eleventh Supplemental Indenture relates to the Company's issuance of (a) $500,000,000 aggregate principal amount of the Company's 4.250% Senior Notes due 2028, (b) $1,000,000,000 aggregate principal amount of the Company's 4.400% Senior Notes due 2029, (c) $1,000,000,000 aggregate principal amount of the Company's 4.600% Senior Notes due 2031 and (d) $500,000,000 aggregate principal amount of the Company's 4.900% Senior Notes due 2034.
On May 14, 2026, the Company entered into an underwriting agreement (the 'Underwriting Agreement') with Barclays Capital Inc., BofA Securities, Inc. and Citigroup Global Markets Inc., as representatives of the several underwriters listed in Schedule 1 thereto, relating to the issuance and sale by the Company of the Notes.","debt_issuance,underwriting_agreement",completion_not_verified
GOOGL,0001193125-26-051423,2026-02-13,0001652044,https://www.sec.gov/Archives/edgar/data/1652044/0001193125-26-051423.txt,"Alphabet Inc. closed its concurrent underwritten public offerings of $20 billion aggregate principal amount of U.S. dollar-denominated senior notes and £5.5 billion aggregate principal amount of Sterling-denominated senior notes. The Sterling Notes consist of £750,000,000 aggregate principal amount of 4.125% notes due 2029, £1,250,000,000 aggregate principal amount of 4.625% notes due 2032, £1,250,000,000 aggregate principal amount of 5.500% notes due 2041, £1,250,000,000 aggregate principal amount of 5.875% notes due 2058 and £1,000,000,000 aggregate principal amount of 6.125% notes due 2126. The U.S. Notes consist of $2,500,000,000 aggregate principal amount of 3.700% notes due 2029, $3,000,000,000 aggregate principal amount of 4.100% notes due 2031, $3,000,000,000 aggregate principal amount of 4.400% notes due 2033, $4,250,000,000 aggregate principal amount of 4.800% notes due 2036, $1,500,000,000 aggregate principal amount of 5.500% notes due 2046, $4,000,000,000 aggregate principal amount of 5.650% notes due 2056 and $1,750,000,000 aggregate principal amount of 5.750% notes due 2066.",debt_issuance,completion_not_verified
GOOGL,0001193125-26-216986,2026-05-11,0001652044,https://www.sec.gov/Archives/edgar/data/1652044/0001193125-26-216986.txt,"Alphabet Inc. closed its concurrent underwritten public offerings of €9 billion aggregate principal amount of euro-denominated senior notes (the ""Euro Notes"") and C$9.5 billion aggregate principal amount of Canadian dollar-denominated senior notes (the ""Canadian Notes""). The Euro Notes consist of €1,500,000,000 aggregate principal amount of 3.200% notes due 2030, €1,750,000,000 aggregate principal amount of 3.450% notes due 2032, €1,500,000,000 aggregate principal amount of 3.625% notes due 2034, €1,750,000,000 aggregate principal amount of 4.100% notes due 2039, €1,250,000,000 aggregate principal amount of 4.500% notes due 2045 and €1,250,000,000 aggregate principal amount of 4.800% notes due 2063. The Canadian Notes consist of C$1,500,000,000 aggregate principal amount of 3.650% notes due 2031, C$2,000,000,000 aggregate principal amount of 4.000% notes due 2033, C$2,250,000,000 aggregate principal amount of 4.350% notes due 2036 and C$2,750,000,000 aggregate principal amount of 5.000% notes due 2056.",debt_issuance,completion_not_verified
GOOGL,0001193125-26-234488,2026-05-21,0001652044,https://www.sec.gov/Archives/edgar/data/1652044/0001193125-26-234488.txt,"Alphabet Inc. closed its underwritten public offerings of ¥576.9 billion aggregate principal amount of Japanese yen-denominated senior notes. The Notes consist of ¥135,500,000,000 aggregate principal amount of 1.965% notes due 2029, ¥200,500,000,000 aggregate principal amount of 2.412% notes due 2031, ¥123,200,000,000 aggregate principal amount of 2.822% notes due 2033, ¥64,900,000,000 aggregate principal amount of 3.189% notes due 2036, ¥19,100,000,000 aggregate principal amount of 3.713% notes due 2041, ¥9,300,000,000 aggregate principal amount of 4.395% notes due 2056 and ¥24,000,000,000 aggregate principal amount of 4.599% notes due 2066.",debt_issuance,completion_not_verified
GOOGL,0001193125-26-257724,2026-06-04,0001652044,https://www.sec.gov/Archives/edgar/data/1652044/0001193125-26-257724.txt,"On June 2, 2026, the Company entered into an underwriting agreement (the ""Underwriting Agreement"") with Goldman Sachs & Co. LLC, J.P. Morgan Securities LLC and Morgan Stanley & Co. LLC as the representatives (the ""Representatives"") of the underwriters (the ""Underwriters""), pursuant to which the Company agreed to issue and sell 25,459,689 shares of Class A Common Stock, $0.001 par value (""Class A Common Stock"") at a price of 355.1982 per share, and 25,459,689 shares of Class C Capital Stock, $0.001 par value (""Class C Capital Stock"") at a price of 351.8018 per share (such offering, the ""Stock Offering"").",underwriting_agreement,not_explicit_notes_or_bonds
GOOGL,0001193125-26-259830,2026-06-05,0001652044,https://www.sec.gov/Archives/edgar/data/1652044/0001193125-26-259830.txt,"Alphabet Inc. entered into an underwriting agreement (the 'Underwriting Agreement') with Goldman Sachs & Co. LLC, J.P. Morgan Securities LLC, and Morgan Stanley & Co. LLC as the representatives of the respective underwriters under such agreement, pursuant to which Alphabet agreed to issue and sell...Depositary Shares.",underwriting_agreement,not_explicit_notes_or_bonds
GOOGL,0001193125-26-342390,2026-08-10,0001652044,https://www.sec.gov/Archives/edgar/data/1652044/0001193125-26-342390.txt,"On August 10, 2026, Alphabet Inc. closed its underwritten public offering of $25 billion aggregate principal amount of U.S. dollar-denominated senior notes. The Notes consist of $750,000,000 aggregate principal amount of floating rate notes due 2028, $1,250,000,000 aggregate principal amount of 4.500% notes due 2028, $500,000,000 aggregate principal amount of floating rate notes due 2029, $2,000,000,000 aggregate principal amount of 4.625% notes due 2029, $3,500,000,000 aggregate principal amount of 4.875% notes due 2031, $2,500,000,000 aggregate principal amount of 5.200% notes due 2033, $4,500,000,000 aggregate principal amount of 5.450% notes due 2036, $3,000,000,000 aggregate principal amount of 6.250% notes due 2046, $4,500,000,000 aggregate principal amount of 6.375% notes due 2056 and $2,500,000,000 aggregate principal amount of 6.500% notes due 2066.",debt_issuance,eligible
GS,0001193125-26-018009,2026-01-21,0000886982,https://www.sec.gov/Archives/edgar/data/886982/0001193125-26-018009.txt,"issuance of the following debt securities by The Goldman Sachs Group, Inc. (the ""Company"") on January 21, 2026 pursuant to the Company's shelf registration statement on Form S-3: $750,000,000 Floating Rate Notes due 2029, $3,750,000,000 4.148% Fixed/Floating Rate Notes due 2029, $500,000,000 Floating Rate Notes due 2032, $3,750,000,000 4.516% Fixed/Floating Rate Notes due 2032, $4,500,000,000 5.065% Fixed/Floating Rate Notes due 2037, $2,750,000,000 5.541% Fixed/Floating Rate Notes due 2047",debt_issuance,completion_not_verified
GS,0001193125-26-033730,2026-02-02,0000886982,https://www.sec.gov/Archives/edgar/data/886982/0001193125-26-033730.txt,"issuance of the following subordinated debt securities by The Goldman Sachs Group, Inc. (the ""Company"") on February 2, 2026 pursuant to the Company's shelf registration statement on Form S-3... $2,500,000,000 5.387% Fixed-Rate Reset Subordinated Notes due 2041",debt_issuance,completion_not_verified
GS,0001193125-26-094047,2026-03-05,0000886982,https://www.sec.gov/Archives/edgar/data/886982/0001193125-26-094047.txt,"issuance of the following debt securities by The Goldman Sachs Group, Inc. (the ""Company"") on March 5, 2026 pursuant to the Company's shelf registration statement on Form S-3: CAD1,750,000,000 3.641% Fixed/Floating Rate Notes due 2032 and CAD1,000,000,000 4.340% Fixed/Floating Rate Notes due 2037",debt_issuance,completion_not_verified
GS,0001193125-26-164058,2026-04-20,0000886982,https://www.sec.gov/Archives/edgar/data/886982/0001193125-26-164058.txt,"issuance of the following debt securities by The Goldman Sachs Group, Inc. (the ""Company"") on April 20, 2026: $500,000,000 Floating Rate Notes due 2030, $3,000,000,000 4.594% Fixed/Floating Rate Notes due 2030, and $3,000,000,000 5.094% Fixed/Floating Rate Notes due 2034",debt_issuance,completion_not_verified
GS,0001193125-26-255626,2026-06-03,0000886982,https://www.sec.gov/Archives/edgar/data/886982/0001193125-26-255626.txt,"issuance of the following debt securities by The Goldman Sachs Group, Inc. (the ""Company"") on June 3, 2026: $2,500,000,000 4.972% Fixed/Floating Rate Notes due 2032 and $2,500,000,000 5.425% Fixed/Floating Rate Notes due 2037",debt_issuance,completion_not_verified
GS,0001193125-26-310408,2026-07-21,0000886982,https://www.sec.gov/Archives/edgar/data/886982/0001193125-26-310408.txt,"issuance of the following debt securities by The Goldman Sachs Group, Inc. (the ""Company"") on July 21, 2026: $3,500,000,000 5.240% Fixed/Floating Rate Notes due 2032, $3,500,000,000 5.655% Fixed/Floating Rate Notes due 2037, and $3,000,000,000 6.215% Fixed/Floating Rate Notes due 2057",debt_issuance,completion_not_verified
HON,0001193125-26-095179,2026-03-06,0000773840,https://www.sec.gov/Archives/edgar/data/773840/0001193125-26-095179.txt,"On March 6, 2026, Honeywell issued a press release announcing Aerospace's commencement of a private offering of up to $16.0 billion aggregate principal amount of senior notes...The Notes will be senior unsecured obligations of Aerospace and guaranteed on a senior unsecured basis by Honeywell until the Spin-Off is completed.",debt_issuance,completion_not_verified
HON,0001193125-26-108366,2026-03-16,0000773840,https://www.sec.gov/Archives/edgar/data/773840/0001193125-26-108366.txt,"Aerospace issued $16,000,000,000 aggregate principal amount of senior notes in a private offering, consisting of $1,250,000,000 aggregate principal amount of Senior Notes due 2028 (the '2028 notes'), $1,250,000,000 aggregate principal amount of Senior Notes due 2029 (the '2029 notes'), $500,000,000 aggregate principal amount of Floating Rate Senior Notes due 2029 (the '2029 floating rate notes'), $2,000,000,000 aggregate principal amount of Senior Notes due 2031 (the '2031 notes'), $1,750,000,000 aggregate principal amount of Senior Notes due 2033 (the '2033 notes') and $3,250,000,000 aggregate principal amount of Senior Notes due 2036 (the '2036 notes'... $1,000,000,000 aggregate principal amount of Senior Notes due 2046 (the '2046 notes'), $3,500,000,000 aggregate principal amount of Senior Notes due 2056 (the '2056 notes') and $1,500,000,000 aggregate principal amount of Senior Notes due 2066 (the '2066 notes').",debt_issuance,eligible
IBM,0001104659-26-009343,2026-02-02,0000051143,https://www.sec.gov/Archives/edgar/data/51143/0001104659-26-009343.txt,"Underwriting Agreement dated January 29, 2026 among International Business Machines Corporation and Citigroup Global Markets Limited, BNP PARIBAS, Deutsche Bank AG, London Branch, Goldman Sachs & Co. LLC, HSBC Bank plc, Merrill Lynch International, Mizuho International plc, Canadian Imperial Bank of Commerce, London Branch, Société Générale, TD Global Finance unlimited company, Academy Securities, Inc. and Cabrera Capital Markets LLC, as the Underwriters",underwriting_agreement,not_explicit_notes_or_bonds
IBM,0001104659-26-097089,2026-08-14,0000051143,https://www.sec.gov/Archives/edgar/data/51143/0001104659-26-097089.txt,"Underwriting Agreement dated August 10, 2026 among International Business Machines Corporation and CIBC World Markets Inc., RBC Dominion Securities Inc., Scotia Capital Inc. and TD Securities Inc., as the Representatives of the Underwriters. Form of 4.100% Note due 2030 and Form of 4.750% Note due 2034.
Underwriting Agreement dated August 10, 2026 among International Business Machines Corporation and CIBC World Markets Inc., RBC Dominion Securities Inc., Scotia Capital Inc. and TD Securities Inc., as the Representatives of the Underwriters","debt_issuance,underwriting_agreement",not_explicit_notes_or_bonds
INTC,0001193125-26-197845,2026-04-30,0000050863,https://www.sec.gov/Archives/edgar/data/50863/0001193125-26-197845.txt,"On April 30, 2026, Intel Corporation issued $1,000,000,000 aggregate principal amount of 4.650% Senior Notes due 2031, $1,000,000,000 aggregate principal amount of 5.000% Senior Notes due 2033, $2,250,000,000 aggregate principal amount of 5.300% Senior Notes due 2036, $1,750,000,000 aggregate principal amount of 6.125% Senior Notes due 2056 and $500,000,000 aggregate principal amount of 6.200% Senior Notes due 2066. The aggregate principal amount of the Notes is $6.5 billion, and the net proceeds from the offering are approximately $6.47 billion.
The offering of the Notes sold pursuant to the Underwriting Agreement was registered under Intel's registration statement on Form S-3 filed on January 23, 2026 and the Notes were issued pursuant to an underwriting agreement dated April 27, 2026 among Intel and Citigroup Global Markets Inc., J.P. Morgan Securities LLC, Barclays Capital Inc., BofA Securities, Inc., and Deutsche Bank Securities Inc., as representatives of the several underwriters named therein.","debt_issuance,underwriting_agreement",eligible
INTC,0001193125-26-346806,2026-08-12,0000050863,https://www.sec.gov/Archives/edgar/data/50863/0001193125-26-346806.txt,"Intel Corporation entered into an underwriting agreement (the 'Underwriting Agreement') with J.P. Morgan Securities LLC, Goldman Sachs & Co. LLC, Morgan Stanley & Co. LLC and Citigroup Global Markets Inc., as the representatives of the underwriters, pursuant to which the Company agreed to issue and sell 210,526,315 shares of common stock at a price of $95.00 per share.",underwriting_agreement,not_explicit_notes_or_bonds
INTU,0001193125-26-267866,2026-06-11,0000896878,https://www.sec.gov/Archives/edgar/data/896878/0001193125-26-267866.txt,"On June 11, 2026, Intuit Inc. issued $750,000,000 aggregate principal amount of 4.950% Senior Notes due 2031 and $1,000,000,000 aggregate principal amount of 5.500% Senior Notes due 2036 pursuant to the terms of an underwriting agreement dated June 8, 2026. The aggregate principal amount of the Notes is $1.75 billion, and the net proceeds from the offering are approximately $1.74 billion, after deducting the underwriting discount and estimated offering expenses.
The Notes were issued pursuant to an underwriting agreement dated June 8, 2026 among Intuit and BofA Securities, Inc., J.P. Morgan Securities LLC, and Scotia Capital (USA) Inc., as representatives of the underwriters named therein.","debt_issuance,underwriting_agreement",eligible
JPM,0001193125-26-019450,2026-01-22,0000019617,https://www.sec.gov/Archives/edgar/data/19617/0001193125-26-019450.txt,"JPMorgan Chase & Co. closed public offerings of (i) $400,000,000 aggregate principal amount of Floating Rate Notes due 2032, (ii) $2,600,000,000 aggregate principal amount of Fixed-to-Floating Rate Notes due 2032 and (iii) $3,000,000,000 aggregate principal amount of Fixed-to-Floating Rate Notes due 2037.",debt_issuance,completion_not_verified
JPM,0001193125-26-039427,2026-02-05,0000019617,https://www.sec.gov/Archives/edgar/data/19617/0001193125-26-039427.txt,"JPMorgan Chase & Co. closed a public offering of $3,000,000,000 aggregate principal amount of Fixed-to-Floating Rate Subordinated Notes due 2037. The offering of the Subordinated Notes was registered under the Securities Act of 1933, as amended, pursuant to a registration statement on Form S-3.",debt_issuance,eligible
JPM,0001193125-26-173739,2026-04-23,0000019617,https://www.sec.gov/Archives/edgar/data/19617/0001193125-26-173739.txt,"JPMorgan Chase & Co. closed public offerings of (i) $500,000,000 aggregate principal amount of Floating Rate Notes due 2030, (ii) $2,750,000,000 aggregate principal amount of Fixed-to-Floating Rate Notes due 2030, (iii) $3,000,000,000 aggregate principal amount of Fixed-to-Floating Rate Notes due 2032 and (iv) $3,750,000,000 aggregate principal amount of Fixed-to-Floating Rate Notes due 2037.",debt_issuance,completion_not_verified
JPM,0001193125-26-253533,2026-06-02,0000019617,https://www.sec.gov/Archives/edgar/data/19617/0001193125-26-253533.txt,"JPMorgan Chase & Co. closed a public offering of $500,000,000 aggregate principal amount of Fixed-to-Floating Rate Notes due 2030. The Notes are an additional issuance of, and constitute a single series with, the $2,750,000,000 aggregate principal amount of Fixed-to-Floating Rate Notes due 2030 issued by JPMorgan Chase & Co. on April 23, 2026.",debt_issuance,eligible
JPM,0001193125-26-314128,2026-07-23,0000019617,https://www.sec.gov/Archives/edgar/data/19617/0001193125-26-314128.txt,"JPMorgan Chase & Co. closed public offerings of (i) $500,000,000 aggregate principal amount of Floating Rate Notes due 2030, (ii) $2,500,000,000 aggregate principal amount of Fixed-to-Floating Rate Notes due 2030, (iii) $3,000,000,000 aggregate principal amount of Fixed-to-Floating Rate Notes due 2032 (together with the Floating Rate Notes and the 2030 Fixed-to-Floating Rate Notes, the 'Senior Notes') and (iv) $3,000,000,000 aggregate principal amount of Fixed-Rate Reset Subordinated Notes due 2041.",debt_issuance,completion_not_verified
LIN,0001193125-26-221558,2026-05-13,0001707925,https://www.sec.gov/Archives/edgar/data/1707925/0001193125-26-221558.txt,"On May 13, 2026, Linde plc (the ""Company"") issued €600 million aggregate principal amount of Floating Rate Notes due 2028 (the ""2028 Notes""), issued €500 million aggregate principal amount of 3.200% Notes due 2030 (the ""2030 Notes"") and issued €500 million aggregate principal amount of 3.800% Notes due 2036 (the ""2036 Notes""). The net proceeds of the offering were approximately €1,595 million, after giving effect to the fees to the Managers but before other fees and expenses of the offering. Net proceeds of the offering will be used for general corporate purposes.",debt_issuance,eligible
LLY,0001193125-26-232707,2026-05-20,0000059478,https://www.sec.gov/Archives/edgar/data/59478/0001193125-26-232707.txt,"On May 20, 2026, Eli Lilly and Company completed its offering of $750,000,000 aggregate principal amount of its Floating Rate Notes due 2028, $500,000,000 aggregate principal amount of its Floating Rate Notes due 2029, $750,000,000 aggregate principal amount of its 4.150% Notes due 2029, $1,500,000,000 aggregate principal amount of its 4.375% Notes due 2031, $1,250,000,000 aggregate principal amount of its 4.650% Notes due 2033, $1,500,000,000 aggregate principal amount of its 4.850% Notes due 2036, $1,750,000,000 aggregate principal amount of its 5.600% Notes due 2056 and $1,000,000,000 aggregate principal amount of its 5.700% Notes due 2066.
The Notes were sold pursuant to an underwriting agreement by and among the Company, Morgan Stanley & Co. LLC, Citigroup Global Markets Inc., Deutsche Bank Securities Inc. and Goldman Sachs & Co. LLC, as representatives of the several underwriters named therein.","debt_issuance,underwriting_agreement",eligible
MA,0001193125-26-261669,2026-06-08,0001141391,https://www.sec.gov/Archives/edgar/data/1141391/0001193125-26-261669.txt,"On June 8, 2026, Mastercard Incorporated (the ""Company"") completed an offering of $500,000,000 aggregate principal amount of its Floating Rate Notes due 2028, $1,250,000,000 aggregate principal amount of its 4.325% Notes due 2028, $1,150,000,000 aggregate principal amount of its 4.425% Notes due 2029, $1,350,000,000 aggregate principal amount of its 4.600% Notes due 2031 and $750,000,000 aggregate principal amount of its 5.000% Notes due 2036.
In connection with the issuance of the Notes, the Company entered into an Underwriting Agreement dated as of June 4, 2026 with J.P. Morgan Securities LLC, Barclays Capital Inc., Credit Agricole Securities (USA) Inc., Goldman Sachs & Co. LLC, NatWest Markets Securities Inc., Santander US Capital Markets LLC, U.S. Bancorp Investments, Inc. and Wells Fargo Securities, LLC, as representatives of the several underwriters.","debt_issuance,underwriting_agreement",eligible
MET,0001193125-26-076647,2026-02-26,0001099219,https://www.sec.gov/Archives/edgar/data/1099219/0001193125-26-076647.txt,"On February 26, 2026, MetLife, Inc. (the ""Company"") issued $1,000,000,000 aggregate principal amount of its 5.850% Fixed-to-Fixed Reset Rate Subordinated Debentures due 2056 (the ""Debentures""). The Debentures were issued pursuant to the Indenture, dated as of June 21, 2005... as supplemented by the Fourteenth Supplemental Indenture, dated as of February 26, 2026, with respect to the Debentures.
On February 24, 2026, the Company entered into (i) an underwriting agreement... and (ii) a pricing agreement... relating to the sale of the Debentures, each among the Company and Barclays Capital Inc., BofA Securities, Inc., Citigroup Global Markets Inc., Goldman Sachs & Co. LLC, Morgan Stanley & Co. LLC and Wells Fargo Securities, LLC, as representatives of the several underwriters.","debt_issuance,underwriting_agreement",eligible
META,0001193125-26-204128,2026-05-04,0001326801,https://www.sec.gov/Archives/edgar/data/1326801/0001193125-26-204128.txt,"On May 4, 2026, Meta Platforms, Inc. (the ""Company"") completed an offering of $3,000,000,000 aggregate principal amount of its 4.550% Senior Notes due 2031, $2,000,000,000 aggregate principal amount of its 4.875% Senior Notes due 2033, $6,000,000,000 aggregate principal amount of its 5.250% Senior Notes due 2036, $4,000,000,000 aggregate principal amount of its 6.200% Senior Notes due 2046, $6,000,000,000 aggregate principal amount of its 6.300% Senior Notes due 2056, and $4,000,000,000 aggregate principal amount of its 6.450% Senior Notes due 2066.
In connection with the issuance of the Notes, the Company entered into an Underwriting Agreement dated as of April 30, 2026 (the ""Underwriting Agreement"") with Citigroup Global Markets Inc. and Morgan Stanley & Co. LLC, as representatives (the ""Representatives"") of the several underwriters listed in Schedule II to the Underwriting Agreement.","debt_issuance,underwriting_agreement",eligible
MRK,0001628280-26-037738,2026-05-22,0000310158,https://www.sec.gov/Archives/edgar/data/310158/0001628280-26-037738.txt,"On May 22, 2026, Merck & Co., Inc. (the ""Company"") closed an underwritten public offering of $500,000,000 aggregate principal amount of Floating Rate Notes due 2028, $1,000,000,000 aggregate principal amount of 4.300% Notes due 2028, $500,000,000 aggregate principal amount of 4.650% Notes due 2031, $1,000,000,000 aggregate principal amount of 4.950% Notes due 2033, $1,500,000,000 aggregate principal amount of 5.200% Notes due 2036, $500,000,000 aggregate principal amount of 5.750% Notes due 2046 and $1,000,000,000 aggregate principal amount of 5.850% Notes due 2056.",debt_issuance,eligible
NEE,0000753308-26-000009,2026-02-05,0000753308,https://www.sec.gov/Archives/edgar/data/753308/0000753308-26-000009.txt,"NextEra Energy Capital Holdings, Inc., a wholly-owned subsidiary of NextEra Energy, Inc. (NEE), sold $700 million principal amount of its 4.40% Debentures, Series due March 1, 2031 (2031 Debentures) and $600 million principal amount of its 5.85% Debentures, Series due March 1, 2056 (2056 Debentures and together with the 2031 Debentures, the Debentures), both of which are guaranteed by NEE.",debt_issuance,completion_not_verified
NEE,0000753308-26-000011,2026-02-10,0000753308,https://www.sec.gov/Archives/edgar/data/753308/0000753308-26-000011.txt,"NextEra Energy Capital Holdings, Inc., a wholly-owned subsidiary of NextEra Energy, Inc. (NEE), sold €650 million principal amount of its 2.989% Debentures, Series due February 10, 2030 (2030 Debentures) and €650 million principal amount of its 3.624% Debentures, Series due February 10, 2034 (2034 Debentures and together with the 2030 Debentures, the Debentures), both of which are guaranteed by NEE.",debt_issuance,completion_not_verified
NEE,0000753308-26-000017,2026-02-26,0000753308,https://www.sec.gov/Archives/edgar/data/753308/0000753308-26-000017.txt,"NextEra Energy Capital Holdings, Inc. (NEECH), a wholly-owned subsidiary of NextEra Energy, Inc. (NEE), sold €1.0 billion principal amount of its Series X Junior Subordinated Debentures due February 26, 2056 and €750 million principal amount of its Series Y Junior Subordinated Debentures due February 26, 2056. The Series X Junior Subordinated Debentures bear interest at an annual rate of 4.20% to February 26, 2032. The Series Y Junior Subordinated Debentures bear interest at an annual rate of 4.75% to February 26, 2036.",debt_issuance,completion_not_verified
NEE,0000753308-26-000020,2026-03-03,0000753308,https://www.sec.gov/Archives/edgar/data/753308/0000753308-26-000020.txt,"Each equity unit consists of (1) a contract to purchase NEE common stock (stock purchase contract), (2) initially a 2.5% undivided beneficial ownership interest in a Series P Debenture due February 15, 2031 (Series P Debentures), and (3) initially a 2.5% undivided beneficial ownership interest in a Series Q Debenture due February 15, 2034 (Series Q Debentures, and together with the Series P Debentures, the Debentures), each Debenture issued in the principal amount of $1,000 by NextEra Energy Capital Holdings, Inc. Total annual distributions on the equity units will be at the rate of 7.375%.",debt_issuance,completion_not_verified
NEE,0000753308-26-000024,2026-03-20,0000753308,https://www.sec.gov/Archives/edgar/data/753308/0000753308-26-000024.txt,"On March 20, 2026, NextEra Energy Capital Holdings, Inc. (NEECH), a wholly-owned subsidiary of NextEra Energy, Inc. (NEE), sold $600 million principal amount of its Series Z Junior Subordinated Debentures due April 15, 2086. The Junior Subordinated Debentures bear interest at a rate of 6.50% per year, payable quarterly.",debt_issuance,completion_not_verified
NEE,0000753308-26-000039,2026-05-26,0000753308,https://www.sec.gov/Archives/edgar/data/37634/0000753308-26-000039.txt,"Florida Power & Light Company sold $255,394,000 principal amount of its Floating Rate Notes, Series due June 1, 2076 (Notes). The Notes bear interest at a rate equal to Compounded SOFR (a compounded Secured Overnight Financing Rate as specified in the Notes) minus 0.35%, calculated quarterly.",debt_issuance,completion_not_verified
NEE,0000753308-26-000043,2026-06-01,0000753308,https://www.sec.gov/Archives/edgar/data/37634/0000753308-26-000043.txt,"Florida Power & Light Company sold $600 million principal amount of its 5.125% First Mortgage Bonds, Series due June 1, 2036, $600 million principal amount of its 5.750% First Mortgage Bonds, Series due June 1, 2056 and $1,050 million principal amount of its 5.900% First Mortgage Bonds, Series due June 1, 2066.",debt_issuance,completion_not_verified
NEE,0000753308-26-000052,2026-06-22,0000753308,https://www.sec.gov/Archives/edgar/data/753308/0000753308-26-000052.txt,"NextEra Energy Capital Holdings, Inc. (NEECH), a wholly-owned subsidiary of NextEra Energy, Inc. (NEE), sold $1.0 billion principal amount of its Series AA Junior Subordinated Debentures due October 1, 2056, $1.25 billion principal amount of its Series BB Junior Subordinated Debentures due October 1, 2056 and $1.5 billion principal amount of its Series CC Junior Subordinated Debentures due October 1, 2066. The Series AA Junior Subordinated Debentures, Series BB Junior Subordinated Debentures and Series CC Junior Subordinated Debentures initially bear interest at an annual rate of 6.000% through October 1, 2031, 6.200% through October 1, 2036 and 6.625% through October 1, 2046, respectively.",debt_issuance,completion_not_verified
NFLX,0001193125-26-312575,2026-07-22,0001065280,https://www.sec.gov/Archives/edgar/data/1065280/0001193125-26-312575.txt,"Netflix, Inc. (the ""Company"") completed a registered public offering of $1 billion in principal amount of 5.250% senior unsecured notes due 2036 (the ""Notes"") pursuant to an underwriting agreement (the ""Underwriting Agreement"") among the Company and BNP Paribas Securities Corp., Morgan Stanley & Co. LLC, RBC Capital Markets, LLC and Wells Fargo Securities, LLC, as representatives of the several underwriters named therein.",debt_issuance,eligible
NOW,0001193125-26-226644,2026-05-15,0001373715,https://www.sec.gov/Archives/edgar/data/1373715/0001193125-26-226644.txt,"On May 15, 2026, ServiceNow, Inc. (the ""Company"") completed an offering of $4,000,000,000 aggregate principal amount of notes, consisting of $750,000,000 aggregate principal amount of its 4.250% Notes due 2028, $600,000,000 aggregate principal amount of its 4.700% Notes due 2031, $650,000,000 aggregate principal amount of its 5.050% Notes due 2033, $1,250,000,000 aggregate principal amount of its 5.400% Notes due 2036, and $750,000,000 aggregate principal amount of its 6.300% Notes due 2056.
In connection with the issuance of the Notes, the Company entered into an Underwriting Agreement dated as of May 12, 2026 (the ""Underwriting Agreement"") with Barclays Capital Inc., Citigroup Global Markets Inc., J.P. Morgan Securities LLC and Wells Fargo Securities, LLC, as representatives (the ""Representatives"") of the several underwriters listed in Schedule II to the Underwriting Agreement.","debt_issuance,underwriting_agreement",eligible
NVDA,0001193125-26-275783,2026-06-18,0001045810,https://www.sec.gov/Archives/edgar/data/1045810/0001193125-26-275783.txt,"NVIDIA Corporation completed an offering of $3,500,000,000 aggregate principal amount of its 4.250% Notes due 2028, $3,500,000,000 aggregate principal amount of its 4.350% Notes due 2029, $4,000,000,000 aggregate principal amount of its 4.500% Notes due 2031, $3,500,000,000 aggregate principal amount of its 4.750% Notes due 2033, $4,000,000,000 aggregate principal amount of its 4.950% Notes due 2036, $3,000,000,000 aggregate principal amount of its 5.550% Notes due 2046 and $3,500,000,000 aggregate principal amount of its 5.625% Notes due 2056.
In connection with the issuance of the Notes, the Company entered into an Underwriting Agreement dated as of June 15, 2026 with Goldman Sachs & Co. LLC, J.P. Morgan Securities LLC and Morgan Stanley & Co. LLC, as representatives of the several underwriters listed in Schedule I to the Underwriting Agreement.","debt_issuance,underwriting_agreement",eligible
ORCL,0001193125-26-037840,2026-02-04,0001341439,https://www.sec.gov/Archives/edgar/data/1341439/0001193125-26-037840.txt,"On February 4, 2026, Oracle consummated the issuance and sale of $500,000,000 aggregate principal amount of its Floating Rate Notes due 2029, $3,000,000,000 aggregate principal amount of its 4.550% Notes due 2029, $3,500,000,000 aggregate principal amount of its 4.950% Notes due 2031, $3,000,000,000 aggregate principal amount of its 5.350% Notes due 2033, $5,000,000,000 aggregate principal amount of its 5.700% Notes due 2036, $2,250,000,000 aggregate principal amount of its 6.550% Notes due 2046, $5,000,000,000 aggregate principal amount of its 6.700% Notes due 2056 and $2,750,000,000 aggregate principal amount of its 6.850% Notes due 2066, for a total of $25 billion in aggregate principal amount.",debt_issuance,eligible
ORCL,0001193125-26-039344,2026-02-05,0001341439,https://www.sec.gov/Archives/edgar/data/1341439/0001193125-26-039344.txt,"Oracle entered into an underwriting agreement (the ""Underwriting Agreement"") with BofA Securities, Inc., Citigroup Global Markets Inc., Deutsche Bank Securities Inc., Goldman Sachs & Co. LLC, HSBC Securities (USA) Inc. and J.P. Morgan Securities LLC, as representatives of the several underwriters named therein, pursuant to which Oracle agreed to issue and sell 100,000,000 depositary shares.",underwriting_agreement,not_explicit_notes_or_bonds
PEP,0001104659-26-013379,2026-02-11,0000077476,https://www.sec.gov/Archives/edgar/data/77476/0001104659-26-013379.txt,"PepsiCo announced an offering of €500,000,000 aggregate principal amount of its Floating Rate Notes due 2028, €650,000,000 aggregate principal amount of its 3.300% Senior Notes due 2034, €850,000,000 aggregate principal amount of its 3.700% Senior Notes due 2038 and €500,000,000 aggregate principal amount of its 4.150% Senior Notes due 2047. PepsiCo received net proceeds of approximately €2,482 million, after deducting underwriting discounts and estimated offering expenses payable by PepsiCo. The net proceeds will be used for general corporate purposes, including the repayment of commercial paper.
BNP PARIBAS, Goldman Sachs & Co. LLC, Mizuho International plc and Morgan Stanley & Co. International plc were joint book-running managers for the offering of the Notes. The Notes were offered and sold pursuant to a Terms Agreement dated February 4, 2026 (incorporating the PepsiCo, Inc. Underwriting Agreement Standard Provisions dated as of November 18, 2019) among PepsiCo and the several underwriters.","debt_issuance,underwriting_agreement",completion_not_verified
PM,0001104659-26-051491,2026-04-29,0001413329,https://www.sec.gov/Archives/edgar/data/1413329/0001104659-26-051491.txt,"Philip Morris International Inc. (PMI) issued $750,000,000 aggregate principal amount of its 4.125% Notes due 2029 and $750,000,000 aggregate principal amount of its 4.875% Notes due 2036. The Notes were issued pursuant to an Indenture dated as of April 25, 2008.
PMI entered into a Terms Agreement with Barclays Capital Inc., Mizuho Securities USA LLC, SMBC Nikko Securities America, Inc., Morgan Stanley & Co. LLC, Santander US Capital Markets LLC and Standard Chartered Bank, as representatives of the several underwriters, pursuant to which PMI agreed to issue and sell the Notes to the Underwriters.","debt_issuance,underwriting_agreement",eligible
PYPL,0001193125-26-226653,2026-05-15,0001633917,https://www.sec.gov/Archives/edgar/data/1633917/0001193125-26-226653.txt,"On May 15, 2026, PayPal Holdings, Inc. (the ""Company"") issued and sold $2.0 billion aggregate principal amount of senior notes, consisting of $650,000,000 aggregate principal amount of 4.550% notes due 2028, $850,000,000 aggregate principal amount of 4.950% notes due 2031 and $500,000,000 aggregate principal amount of 5.550% notes due 2036. The 2028 Notes will mature on June 1, 2028, the 2031 Notes will mature on June 1, 2031 and the 2036 Notes will mature on June 1, 2036. Interest on the Notes is payable on June 1 and December 1 of each year, beginning on December 1, 2026.",debt_issuance,completion_not_verified
SCHW,0001193125-26-170805,2026-04-22,0000316709,https://www.sec.gov/Archives/edgar/data/316709/0001193125-26-170805.txt,"On April 20, 2026, in connection with the Preferred Issuance, CSC entered into an Underwriting Agreement with Citigroup Global Markets Inc., Goldman Sachs & Co. LLC, J.P. Morgan Securities LLC, Morgan Stanley & Co. LLC, TD Securities (USA) LLC and Wells Fargo Securities, LLC, as the representatives of the several underwriters named therein. The Underwriting Agreement contains customary representations, warranties and agreements of CSC, conditions to closing, indemnification rights and obligations of the parties, and termination provisions.",underwriting_agreement,not_explicit_notes_or_bonds
SCHW,0001193125-26-234609,2026-05-21,0000316709,https://www.sec.gov/Archives/edgar/data/316709/0001193125-26-234609.txt,"On May 21, 2026, The Charles Schwab Corporation issued $1,000,000,000 aggregate principal amount of 4.744% Fixed-to-Floating Rate Senior Notes due 2030 and $1,250,000,000 aggregate principal amount of 5.493% Fixed-to-Floating Rate Senior Notes due 2037. The net proceeds of the offering of the Notes were approximately $2,236 million after deducting underwriting discounts and commissions and estimated offering expenses.
On May 18, 2026, CSC entered into an Underwriting Agreement with BofA Securities, Inc., Citigroup Global Markets Inc., Goldman Sachs & Co. LLC, J.P. Morgan Securities LLC and Wells Fargo Securities, LLC, as representatives of the several underwriters named therein, pursuant to which CSC agreed to issue and sell the Notes to the Underwriters.","debt_issuance,underwriting_agreement",eligible
SCHW,0001193125-26-288640,2026-06-29,0000316709,https://www.sec.gov/Archives/edgar/data/316709/0001193125-26-288640.txt,"On June 25, 2026, The Charles Schwab Corporation (CSC) issued $1,000,000,000 aggregate principal amount of 4.603% Fixed-to-Floating Rate Senior Notes due 2029 (the Notes). The net proceeds of the offering of the Notes were approximately $995.5 million after deducting underwriting discounts and commissions and estimated offering expenses.
On June 25, 2026, CSC entered into an Underwriting Agreement with Citigroup Global Markets Inc. and Goldman Sachs & Co. LLC, as representatives of the several underwriters named therein, pursuant to which CSC agreed to issue and sell the Notes to the Underwriters.","debt_issuance,underwriting_agreement",eligible
SCHW,0001193125-26-347083,2026-08-12,0000316709,https://www.sec.gov/Archives/edgar/data/316709/0001193125-26-347083.txt,"On August 12, 2026, The Charles Schwab Corporation issued $1,250,000,000 aggregate principal amount of 5.108% Fixed-to-Floating Rate Senior Notes due 2032 and $1,350,000,000 aggregate principal amount of 5.655% Fixed-to-Floating Rate Senior Notes due 2037. The net proceeds of the offering of the Notes were approximately $2,582 million after deducting underwriting discounts and commissions and estimated offering expenses.
On August 10, 2026, CSC entered into an Underwriting Agreement with BofA Securities, Inc., Citigroup Global Markets Inc., Morgan Stanley & Co. LLC, TD Securities (USA) LLC and Wells Fargo Securities, LLC, as representatives of the several underwriters named therein, pursuant to which CSC agreed to issue and sell the Notes to the Underwriters.","debt_issuance,underwriting_agreement",eligible
SO,0000092122-26-000018,2026-03-19,0000092122,https://www.sec.gov/Archives/edgar/data/92122/0000092122-26-000018.txt,"The Southern Company entered into an Underwriting Agreement covering the issue and sale of $1,300,000,000 aggregate principal amount of its Series 2026A 6.00% Fixed-to-Fixed Reset Rate Junior Subordinated Notes due April 1, 2058.
On March 16, 2026, The Southern Company entered into an Underwriting Agreement with Citigroup Global Markets Inc., J.P. Morgan Securities LLC, Mizuho Securities USA LLC, Morgan Stanley & Co. LLC and U.S. Bancorp Investments, Inc., as representatives of the several Underwriters.","debt_issuance,underwriting_agreement",completion_not_verified
SO,0000092122-26-000046,2026-06-08,0000092122,https://www.sec.gov/Archives/edgar/data/92122/0000092122-26-000046.txt,"The Equity Distribution Agreement provides that, in addition to the issuance and sale of shares of Common Stock through the Sales Agents acting as Sales Agents or directly to the Sales Agents acting as principals, the Company also may enter into forward sale agreements under separate forward sale confirmations between the Company and any Sales Agent or one or more of its affiliates or agents... The Company will pay each of the Sales Agents a commission not to exceed 1.00% of the sales price per share of Common Stock sold through it as agent under the Equity Distribution Agreement.",underwriting_agreement,not_explicit_notes_or_bonds
SO,0000092122-26-000058,2026-08-03,0000092122,https://www.sec.gov/Archives/edgar/data/92122/0000092122-26-000058.txt,The Southern Company issued a press release announcing proposed offerings of $650 million aggregate principal amount of convertible senior notes due 2027 and $1.5 billion aggregate principal amount of convertible senior notes due 2029 in private offerings to persons reasonably believed to be qualified institutional buyers pursuant to Rule 144A under the Securities Act of 1933.,debt_issuance,completion_not_verified
SO,0000092122-26-000060,2026-08-04,0000092122,https://www.sec.gov/Archives/edgar/data/92122/0000092122-26-000060.txt,"The Southern Company issued $725 million aggregate principal amount of its Series 2026A 2.125% Convertible Senior Notes due December 15, 2027 and $1.65 billion aggregate principal amount of its Series 2026B 3.50% Convertible Senior Notes due September 15, 2029 in private offerings to qualified institutional buyers pursuant to Rule 144A.",debt_issuance,complex_or_nonroutine_transaction
SO,0000092122-26-000063,2026-08-06,0000092122,https://www.sec.gov/Archives/edgar/data/92122/0000092122-26-000063.txt,"On August 6, 2026, The Southern Company (the ""Company"") issued $833,750,000 aggregate principal amount of its Series 2026A 2.125% Convertible Senior Notes due December 15, 2027 and $1,897,500,000 aggregate principal amount of its Series 2026B 3.50% Convertible Senior Notes due September 15, 2029 pursuant to the Senior Note Indenture.",debt_issuance,complex_or_nonroutine_transaction
T,0001193125-26-039407,2026-02-05,0000732717,https://www.sec.gov/Archives/edgar/data/732717/0001193125-26-039407.txt,"AT&T closed its sale of $1,500,000,000 aggregate principal amount of its 4.400% Global Notes due 2031, $1,250,000,000 aggregate principal amount of its 4.750% Global Notes due 2033, $1,250,000,000 aggregate principal amount of its 5.125% Global Notes due 2036, $850,000,000 aggregate principal amount of its 5.850% Global Notes due 2046 and $1,650,000,000 aggregate principal amount of its 6.000% Global Notes due 2056 pursuant to an Underwriting Agreement, dated January 29, 2026.",debt_issuance,eligible
T,0001193125-26-104098,2026-03-12,0000732717,https://www.sec.gov/Archives/edgar/data/732717/0001193125-26-104098.txt,"AT&T closed its sale of CAD$1,250,000,000 aggregate principal amount of its 4.500% Global Notes due 2036 and CAD$1,000,000,000 aggregate principal amount of its 5.250% Global Notes due 2056 (together, the ""Notes"") pursuant to an Underwriting Agreement, dated March 5, 2026.
The Notes were issued pursuant to an Underwriting Agreement, dated March 5, 2026, between AT&T and CIBC World Markets Inc., RBC Dominion Securities Inc., Scotia Capital Inc. and TD Securities Inc., as the representatives of the several Underwriters.","debt_issuance,underwriting_agreement",eligible
T,0001193125-26-197776,2026-04-30,0000732717,https://www.sec.gov/Archives/edgar/data/732717/0001193125-26-197776.txt,"AT&T closed its sale of $750,000,000 aggregate principal amount of its 4.750% Global Notes due 2033, $1,750,000,000 aggregate principal amount of its 5.250% Global Notes due 2036, $500,000,000 aggregate principal amount of its 5.850% Global Notes due 2046, $2,000,000,000 aggregate principal amount of its 6.200% Global Notes due 2056 and $1,000,000,000 aggregate principal amount of its 6.300% Global Notes due 2066 pursuant to an Underwriting Agreement, dated April 23, 2026.",debt_issuance,eligible
T,0001193125-26-332110,2026-08-04,0000732717,https://www.sec.gov/Archives/edgar/data/732717/0001193125-26-332110.txt,"AT&T closed its sale of €1,000,000,000 aggregate principal amount of its 3.600% Global Notes due 2030, €1,250,000,000 aggregate principal amount of its 4.150% Global Notes due 2034, €1,000,000,000 aggregate principal amount of its 4.550% Global Notes due 2038, €850,000,000 aggregate principal amount of its 5.050% Global Notes due 2045 and £550,000,000 aggregate principal amount of its 7.050% Global Notes due 2052 pursuant to an Underwriting Agreement, dated July 27, 2026.",debt_issuance,eligible
T,0001193125-26-354091,2026-08-17,0000732717,https://www.sec.gov/Archives/edgar/data/732717/0001193125-26-354091.txt,"AT&T closed its sale of (i) €1,200,000,000 aggregate principal amount of its Floating Rate Global Notes due 2028 (the ""Euro Notes"") and (ii) $1,100,000,000 aggregate principal amount of its Floating Rate Global Notes due 2028 (the ""USD Notes"") pursuant to Underwriting Agreements dated August 7, 2026 and August 10, 2026, respectively.
The Notes were issued pursuant to Underwriting Agreements, dated August 7, 2026 (the ""Euro Underwriting Agreement""), between AT&T and Deutsche Bank AG, London Branch, as the Underwriter, and dated August 10, 2026 (the ""USD Underwriting Agreement""), between AT&T and BNP Paribas Securities Corp., as the Underwriter.","debt_issuance,underwriting_agreement",eligible
TMO,0001140361-26-005014,2026-02-12,0000097745,https://www.sec.gov/Archives/edgar/data/97745/0001140361-26-005014.txt,"On February 12, 2026, Thermo Fisher Scientific Inc. (the ""Company"") issued $1,000,000,000 aggregate principal amount of 4.215% Senior Notes due 2031, $750,000,000 aggregate principal amount of 4.550% Senior Notes due 2033, $1,300,000,000 aggregate principal amount of 4.902% Senior Notes due 2036 and $750,000,000 aggregate principal amount of 5.546% Senior Notes due 2046 in a public offering.
The sale of the Notes was made pursuant to the terms of an Underwriting Agreement, which the Company entered into on February 9, 2026, with Deutsche Bank Securities Inc., RBC Capital Markets, LLC, SMBC Nikko Securities America, Inc. and Wells Fargo Securities, LLC, as representatives of the several underwriters.","debt_issuance,underwriting_agreement",eligible
TMUS,0001193125-26-010485,2026-01-12,0001283699,https://www.sec.gov/Archives/edgar/data/1283699/0001193125-26-010485.txt,"On January 12, 2026, T-Mobile USA, Inc. closed an underwritten public offering of $1.15 billion in aggregate principal amount of its 5.000% Senior Notes due 2036 and $850 million in aggregate principal amount of its 5.850% Senior Notes due 2056 pursuant to an underwriting agreement, dated January 7, 2026.
The Notes were issued pursuant to an underwriting agreement, dated January 7, 2026 (the 'Underwriting Agreement'), with the several underwriters named in Schedule 1 thereto, for which Deutsche Bank Securities Inc., J.P. Morgan Securities LLC, RBC Capital Markets, LLC and UBS Securities LLC acted as representatives.","debt_issuance,underwriting_agreement",eligible
TMUS,0001193125-26-059515,2026-02-19,0001283699,https://www.sec.gov/Archives/edgar/data/1283699/0001193125-26-059515.txt,"T-Mobile USA, Inc. closed an underwritten public offering of €750 million in aggregate principal amount of its 3.200% Senior Notes due 2032, €750 million in aggregate principal amount of its 3.625% Senior Notes due 2035 and €1.0 billion in aggregate principal amount of its 3.900% Senior Notes due 2038 pursuant to an underwriting agreement, dated February 12, 2026.
The Notes were issued pursuant to an underwriting agreement, dated February 12, 2026 (the 'Underwriting Agreement'), with the several underwriters named in Schedule 1 thereto.","debt_issuance,underwriting_agreement",eligible
UPS,0001104659-26-094502,2026-08-12,0001090727,https://www.sec.gov/Archives/edgar/data/1090727/0001104659-26-094502.txt,"the Company agreed to sell and the Underwriters agreed to purchase from the Company, subject to and upon the terms and conditions set forth in the Underwriting Agreement, $1,000,000,000 principal amount of 4.850% Senior Notes due 2031 (the ""Notes"")
United Parcel Service, Inc. (the ""Company"") entered into an agreement (the ""Underwriting Agreement"") with the underwriters listed on Schedule II thereto (the ""Underwriters""), whereby the Company agreed to sell and the Underwriters agreed to purchase from the Company","debt_issuance,underwriting_agreement",completion_not_verified
UPS,0001104659-26-098351,2026-08-18,0001090727,https://www.sec.gov/Archives/edgar/data/1090727/0001104659-26-098351.txt,"United Parcel Service, Inc. (the ""Company"") entered into an agreement (the ""Underwriting Agreement"") with the underwriters listed on Schedule II thereto (the ""Underwriters""), whereby the Company agreed to sell and the Underwriters agreed to purchase from the Company, subject to and upon the terms and conditions set forth in the Underwriting Agreement, $325,105,000 aggregate principal amount of Floating Rate Senior Notes due 2076.
United Parcel Service, Inc. (the ""Company"") entered into an agreement (the ""Underwriting Agreement"") with the underwriters listed on Schedule II thereto (the ""Underwriters""), whereby the Company agreed to sell and the Underwriters agreed to purchase from the Company, subject to and upon the terms and conditions set forth in the Underwriting Agreement.","debt_issuance,underwriting_agreement",completion_not_verified
V,0001628280-26-007709,2026-02-12,0001403161,https://www.sec.gov/Archives/edgar/data/1403161/0001628280-26-007709.txt,"On February 3, 2026, Visa Inc. (the ""Company"") announced an offering of $900,000,000 of its 3.800% Senior Notes due 2029, $750,000,000 of its 4.100% Senior Notes due 2031, $700,000,000 of its 4.400% Senior Notes due 2033 and $650,000,000 of its 4.700% Senior Notes due 2036. The Notes were issued on February 12, 2026 pursuant to an indenture dated as of December 14, 2015 between the Company and U.S. Bank Trust Company, National Association, as trustee.
The Notes were offered and sold pursuant to an Underwriting Agreement (the ""Underwriting Agreement"") dated February 3, 2026 among the Company and the several underwriters named therein, under the Company's automatic shelf registration statement as amended (the ""Registration Statement"") on Form S-3.","debt_issuance,underwriting_agreement",completion_not_verified
VZ,0001193125-26-064358,2026-02-23,0000732712,https://www.sec.gov/Archives/edgar/data/732712/0001193125-26-064358.txt,"On February 23, 2026, Verizon Communications Inc. closed the sale of €2,250,000,000 aggregate principal amount of its 4.2462% Fixed-to-Fixed Rate Junior Subordinated Notes due 2056, pursuant to a purchase agreement with Barclays Bank PLC, Merrill Lynch International, Citigroup Global Markets Limited, Mizuho International plc, RBC Europe Limited, Banco Santander, S.A., HSBC Bank plc, PNC Capital Markets LLC, Scotiabank (Ireland) Designated Activity Company, Truist Securities, Inc. and U.S. Bancorp Investments, Inc.
On February 23, 2026, Verizon closed the sale of £600,000,000 aggregate principal amount of its 5.7427% Fixed-to-Fixed Rate Junior Subordinated Notes due 2056, pursuant to a purchase agreement with the Purchasers.",debt_issuance,eligible
VZ,0001193125-26-224113,2026-05-14,0000732712,https://www.sec.gov/Archives/edgar/data/732712/0001193125-26-224113.txt,"On May 14, 2026, Verizon Communications Inc. closed the sale of $2,000,000,000 aggregate principal amount of its 6.050% Fixed-to-Fixed Rate Junior Subordinated Notes due 2058 and $2,000,000,000 aggregate principal amount of its 6.200% Fixed-to-Fixed Rate Junior Subordinated Notes due 2056, pursuant to a purchase agreement with BNP Paribas Securities Corp., Goldman Sachs & Co. LLC, J.P. Morgan Securities LLC, Mizuho Securities USA LLC, Morgan Stanley & Co. LLC, Santander US Capital Markets LLC and Wells Fargo Securities, LLC.",debt_issuance,eligible
WFC,0001193125-26-021049,2026-01-23,0000072971,https://www.sec.gov/Archives/edgar/data/72971/0001193125-26-021049.txt,"On January 23, 2026, the Company issued the following Medium-Term Notes, Series Y: (i) $500,000,000 Senior Redeemable Floating Rate Notes due January 23, 2030; (ii) $2,000,000,000 Senior Redeemable Fixed-to-Floating Rate Notes due January 23, 2030; (iii) $3,500,000,000 Senior Redeemable Fixed-to-Floating Rate Notes due January 23, 2037; and (iv) $2,000,000,000 Senior Redeemable Fixed-to-Floating Rate Notes due January 23, 2047.",debt_issuance,eligible
WFC,0001193125-26-113964,2026-03-18,0000072971,https://www.sec.gov/Archives/edgar/data/72971/0001193125-26-113964.txt,"Underwriting Agreement, dated March 11, 2026, among the Company and Wells Fargo Securities, LLC, as representative of the several underwriters named therein.",underwriting_agreement,not_explicit_notes_or_bonds
WFC,0001193125-26-232818,2026-05-20,0000072971,https://www.sec.gov/Archives/edgar/data/72971/0001193125-26-232818.txt,"On May 20, 2026, the Company issued the following Medium-Term Notes, Series Y: (i) $2,250,000,000 Senior Redeemable Fixed-to-Floating Rate Notes due May 20, 2029; (ii) $500,000,000 Senior Redeemable Floating Rate Notes due May 20, 2029; and (iii) $3,250,000,000 Senior Redeemable Fixed-to-Floating Rate Notes due May 20, 2032.",debt_issuance,eligible
WFC,0001193125-26-356890,2026-08-19,0000072971,https://www.sec.gov/Archives/edgar/data/72971/0001193125-26-356890.txt,"Underwriting Agreement, dated August 12, 2026, among the Company and Wells Fargo Securities, LLC, as representative of the several underwriters named therein.",underwriting_agreement,not_explicit_notes_or_bonds
WMT,0001193125-26-194086,2026-04-30,0000104169,https://www.sec.gov/Archives/edgar/data/104169/0001193125-26-194086.txt,"Walmart Inc. has agreed to sell to the Underwriters $350,000,000 aggregate principal amount of Floating Rate Notes Due 2029, $650,000,000 of 4.000% Notes Due 2029, $1,000,000,000 of 4.150% Notes Due 2031, $1,250,000,000 of 4.450% Notes Due 2033 and $1,000,000,000 of 4.750% Notes Due 2036. The aggregate net proceeds to the Company from the sale of the Notes, after underwriting discounts, but before transaction expenses allocable to the sale of the Notes, will be $4,230,348,500.
Walmart Inc. and the Underwriters have entered into a Pricing Agreement, dated April 27, 2026, and an Underwriting Agreement, dated April 27, 2026, between the Company and the Underwriters. The Company and the Underwriters expect to consummate the sale and purchase of the Notes pursuant to the Agreement on April 30, 2026.","debt_issuance,underwriting_agreement",completion_not_verified
XOM,0001193125-26-134838,2026-03-31,0000034088,https://www.sec.gov/Archives/edgar/data/34088/0001193125-26-134838.txt,"Exxon Mobil Corporation entered into an underwriting agreement for the issuance and sale by the Company of $169,312,000 aggregate principal amount of its Floating Rate Notes due 2076.
On March 26, 2026, Exxon Mobil Corporation entered into an underwriting agreement with RBC Capital Markets, LLC, J.P. Morgan Securities LLC and UBS Securities LLC, as managers of the several underwriters named therein, for the issuance and sale by the Company of $169,312,000 aggregate principal amount of its Floating Rate Notes due 2076.","debt_issuance,underwriting_agreement",completion_not_verified
