tag,strategy,max_age_seconds,events,difference,midpoint_difference,spread_drag_difference,remove_best_three,minimum_leave_one_company,minimum_displayed_capacity,interpretation,event_entry_net_debit_fraction,ordinary_entry_net_debit_fraction,event_absolute_stock_return,ordinary_absolute_stock_return,event_upside,ordinary_upside,event_downside,ordinary_downside,event_upside_tail_5pct,ordinary_upside_tail_5pct,event_downside_tail_5pct,ordinary_downside_tail_5pct
annual_meeting_results,cash_secured_put,60,49,-0.00691579935510204,-0.0067644175469387755,0.00015138182040816327,-0.009501015773913043,-0.007816956177083332,1,DESCRIPTIVE; primary confidence intervals and validation gates unchanged,-0.03246798147959184,-0.04252846806122449,0.06579321250612244,0.06413788816938776,0.04678496683673471,0.04940161811428573,0.019008245669387757,0.014736270053061225,0.3673469387755102,0.2789115646265306,0.20408163265306123,0.13605442176734697
annual_meeting_results,cash_secured_put,300,52,-0.008844774471153845,-0.008681003161538463,0.00016377131923076918,-0.01138981285102041,-0.009730745109803922,1,DESCRIPTIVE; primary confidence intervals and validation gates unchanged,-0.031964508913461545,-0.04276853943653846,0.06317023186153846,0.06897994692692308,0.04449784560576923,0.05510350578076923,0.01867238625576923,0.013876441144230768,0.34615384615384615,0.3205128205134615,0.19230769230769232,0.12820512820384616
annual_meeting_results,collar,60,39,-0.0008226349410256432,-0.0009006160256410273,-7.798108205128196e-05,-0.012696387911111112,-0.0035546179324324346,1,DESCRIPTIVE; primary confidence intervals and validation gates unchanged,-0.008309400835897434,-9.085264615384639e-05,0.06752274602051281,0.06089976737948717,0.05334768657435897,0.049110973125641035,0.014175059446153845,0.011788794251282052,0.41025641025641024,0.2692307692307692,0.15384615384615385,0.0982905982897436
annual_meeting_results,collar,300,50,0.013506036898,0.012995140857999998,-0.000510896036,0.0008146804212765946,0.008649603653061224,1,DESCRIPTIVE; primary confidence intervals and validation gates unchanged,-0.00911927807,0.0012354189140000003,0.063413718798,0.06906284385599999,0.045558259952,0.05633059298200001,0.017855458846,0.012732250871999999,0.36,0.32333333333400005,0.18,0.113333333332
annual_meeting_results,covered_call,60,40,0.0006145600900000006,-4.86415499999851e-06,-0.0006194242350000001,-0.012157670789189189,-0.004225496958974359,1,DESCRIPTIVE; primary confidence intervals and validation gates unchanged,-0.045145746915,-0.04623420343,0.0662660054075,0.0671682538375,0.05201399441,0.055674179440000006,0.014252010997500003,0.011494074395000001,0.4,0.3,0.15,0.0958333333325
annual_meeting_results,covered_call,300,51,0.004645978996078432,0.003951690358823531,-0.0006942886333333334,-0.004947318625000001,0.0009513628759999998,1,DESCRIPTIVE; primary confidence intervals and validation gates unchanged,-0.04342223566470588,-0.043692238403921564,0.06245054233529412,0.06854750865686274,0.04466496073725489,0.05606490976078432,0.01778558159803922,0.012482598894117644,0.35294117647058826,0.3169934640529412,0.17647058823529413,0.11111111110980394
annual_meeting_results,long_call,60,50,-0.005799969306,-0.005750405594000001,4.9563712e-05,-0.01504491823617021,-0.0081108787875,1,DESCRIPTIVE; primary confidence intervals and validation gates unchanged,0.075433165144,0.074872368646,0.063406926486,0.066158738072,0.044147948916000004,0.053318840988,0.01925897757,0.012839897081999998,0.34,0.32,0.2,0.11666666666600001
annual_meeting_results,long_call,300,53,-0.005621470490566037,-0.005429766690566039,0.00019170379433962258,-0.014301012556,-0.007789444166666666,1,DESCRIPTIVE; primary confidence intervals and validation gates unchanged,0.07559916176415095,0.07378116215660378,0.06224799577358491,0.06848562243207547,0.04365826361320755,0.05487100093018867,0.018589732160377362,0.013614621500000002,0.33962264150943394,0.31446540880566043,0.18867924528301888,0.12578616352075472
annual_meeting_results,protective_put,60,49,0.006615214789795917,0.006766596608163266,0.00015138182040816327,0.0031803429500000006,0.005165974281249999,1,DESCRIPTIVE; primary confidence intervals and validation gates unchanged,0.03471574467142857,0.044337899218367345,0.06579321250612244,0.06413788816938776,0.04678496683673471,0.04940161811428573,0.019008245669387757,0.014736270053061225,0.3673469387755102,0.2789115646265306,0.20408163265306123,0.13605442176734697
annual_meeting_results,protective_put,300,52,0.008521528353846152,0.008685299673076923,0.00016377131923076918,0.005078047808163266,0.007194915984313724,1,DESCRIPTIVE; primary confidence intervals and validation gates unchanged,0.03415379298076923,0.04455958675384615,0.06317023186153846,0.06897994692692308,0.04449784560576923,0.05510350578076923,0.01867238625576923,0.013876441144230768,0.34615384615384615,0.3205128205134615,0.19230769230769232,0.12820512820384616
debt_issuance,cash_secured_put,60,62,-0.00027041209032258094,-0.0005495783532258062,-0.0002791662677419356,-0.005602011910169492,-0.0031489689666666667,1,DESCRIPTIVE; primary confidence intervals and validation gates unchanged,-0.03353723901935484,-0.03547647372580645,0.04919550685967741,0.07039269074193549,0.02635203277741936,0.03947203095,0.022843474082258067,0.030920659790322578,0.24193548387096775,0.3279569892483871,0.1774193548387097,0.22580645161129034
debt_issuance,cash_secured_put,300,72,-0.00012831503055555537,-0.0004503154013888889,-0.00032200037361111125,-0.0046886717173913045,-0.0025927989471428567,1,DESCRIPTIVE; primary confidence intervals and validation gates unchanged,-0.032395391015277775,-0.034655111511111114,0.04784336539305555,0.07411236704027778,0.025907624106944447,0.04341077737361111,0.021935741286111112,0.030701589665277782,0.2222222222222222,0.3263888888902778,0.18055555555555555,0.21990740740555556
debt_issuance,collar,60,51,0.008160047480392158,0.007971117266666666,-0.00018893023333333325,-0.0005213340916666656,0.0051078466166666675,1,DESCRIPTIVE; primary confidence intervals and validation gates unchanged,-0.004064382249019608,-0.0013966527764705883,0.049670519154901956,0.07115431029411765,0.029278037007843146,0.04470977909019608,0.020392482147058823,0.02644453120196079,0.27450980392156865,0.3660130718960784,0.13725490196078433,0.20588235293921572
debt_issuance,collar,300,69,0.010330080824637681,0.00974815644927536,-0.0005819243927536233,0.00390616196969697,0.008238235289705883,1,DESCRIPTIVE; primary confidence intervals and validation gates unchanged,-0.0036336403391304347,-0.0011849186376811595,0.04607923696521739,0.07143363354347824,0.025948773643478265,0.04480859256811595,0.020130463321739133,0.026625040973913047,0.21739130434782608,0.34057971014637684,0.15942028985507245,0.20048309178550724
debt_issuance,covered_call,60,60,0.0073610615333333336,0.007059295400000001,-0.00030176612833333324,0.001713631705263158,0.005526485252542373,1,DESCRIPTIVE; primary confidence intervals and validation gates unchanged,-0.04041943499500001,-0.04090381437499999,0.04808411006166667,0.07481377964666666,0.028498118408333335,0.048230829465,0.019585991653333332,0.026582950180000002,0.25,0.3555555555566666,0.15,0.19999999999833337
debt_issuance,covered_call,300,70,0.007663236325714286,0.007395488905714285,-0.0002677474142857143,0.0028722366865671636,0.006098920010144928,1,DESCRIPTIVE; primary confidence intervals and validation gates unchanged,-0.03802520295,-0.03813669261142857,0.04569428576714285,0.07102430661714285,0.025851400492857144,0.04477962337,0.019842885274285717,0.026244683245714287,0.21428571428571427,0.3357142857157143,0.15714285714285714,0.19761904761714288
debt_issuance,long_call,60,65,-0.004408372727692308,-0.004536041209230769,-0.0001276684876923078,-0.01006920099032258,-0.006776095918750001,1,DESCRIPTIVE; primary confidence intervals and validation gates unchanged,0.0721596962953846,0.070076211,0.048126759615384616,0.07544187994769232,0.02846974229692308,0.04399695989538462,0.019657017318461537,0.03144492005230769,0.24615384615384617,0.3205128205138461,0.15384615384615385,0.22564102564000002
debt_issuance,long_call,300,71,-0.006760636512676057,-0.007004141085915494,-0.00024350457464788734,-0.012025756272058822,-0.00895901577,1,DESCRIPTIVE; primary confidence intervals and validation gates unchanged,0.07093714603521126,0.06881666449014084,0.048196986629577464,0.07417057524647887,0.026063848581690148,0.0436953078774648,0.022133138047887326,0.030475267367605637,0.22535211267605634,0.3169014084521127,0.18309859154929578,0.22300469483380286
debt_issuance,protective_put,60,62,0.0008258615145161294,0.0005466952532258056,-0.0002791662677419356,-0.0030614125406779663,-0.0010097020733333332,1,DESCRIPTIVE; primary confidence intervals and validation gates unchanged,0.03509772350967742,0.03734480719193548,0.04919550685967741,0.07039269074193549,0.02635203277741936,0.03947203095,0.022843474082258067,0.030920659790322578,0.24193548387096775,0.3279569892483871,0.1774193548387097,0.22580645161129034
debt_issuance,protective_put,300,72,0.0007714612986111104,0.0004494609291666667,-0.00032200037361111125,-0.002554804931884057,-0.0008034332114285723,1,DESCRIPTIVE; primary confidence intervals and validation gates unchanged,0.03414271788611111,0.036799223268055556,0.04784336539305555,0.07411236704027778,0.025907624106944447,0.04341077737361111,0.021935741286111112,0.030701589665277782,0.2222222222222222,0.3263888888902778,0.18055555555555555,0.21990740740555556
director_appointment,cash_secured_put,60,26,-0.0006897122923076913,-0.0005913918038461525,9.832048461538461e-05,-0.005820032404347826,-0.0028965573041666664,1,DESCRIPTIVE; primary confidence intervals and validation gates unchanged,-0.038473659469230766,-0.0403966226,0.055626660253846154,0.07931937773846154,0.03683246268846155,0.05274999278461539,0.018794197565384616,0.02656938495384615,0.3076923076923077,0.27564102564230775,0.19230769230769232,0.29487179486923076
director_appointment,cash_secured_put,300,28,9.891181071428596e-05,0.0001770828607142862,7.817105000000001e-05,-0.0045263478,-0.0018775125,1,DESCRIPTIVE; primary confidence intervals and validation gates unchanged,-0.037117730817857145,-0.03900994858214286,0.056862847385714295,0.07559895064285715,0.03941109250357143,0.049729886521428575,0.017451754882142855,0.025869064121428566,0.32142857142857145,0.26785714285714285,0.17857142857142858,0.27380952380714285
director_appointment,collar,60,22,0.015139329863636364,0.015562437490909091,0.0004231076181818183,-0.017298382615789476,-0.004095335357142856,1,DESCRIPTIVE; primary confidence intervals and validation gates unchanged,-0.004431531277272727,-0.00497488834090909,0.057188441736363636,0.08595113675454545,0.03727894459090909,0.05674511342727273,0.019909497145454546,0.029206023322727273,0.2727272727272727,0.25,0.22727272727272727,0.3106060606045455
director_appointment,collar,300,27,0.01061516451111111,0.011144509244444446,0.0005293447333333335,-0.01563021187083333,-0.005094532988461539,1,DESCRIPTIVE; primary confidence intervals and validation gates unchanged,-0.0025188584629629632,-0.0019921954851851854,0.0574348458814815,0.07692886507407408,0.040870762596296295,0.052702123200000006,0.016564083285185185,0.02422674187037037,0.3333333333333333,0.2962962962962963,0.18518518518518517,0.24691358024444446
director_appointment,covered_call,60,22,0.015019036759090913,0.01542678642727273,0.00040774965454545446,-0.011654525642105264,-0.0027731228666666653,1,DESCRIPTIVE; primary confidence intervals and validation gates unchanged,-0.047874864895454554,-0.04888743010454546,0.057188441736363636,0.08653557397727273,0.03727894459090909,0.057329550650000005,0.019909497145454546,0.029206023322727273,0.2727272727272727,0.26515151515,0.22727272727272727,0.3106060606045455
director_appointment,covered_call,300,27,0.010328253651851851,0.010797278151851853,0.00046902449259259265,-0.011374664470833335,-0.0042227515500000016,1,DESCRIPTIVE; primary confidence intervals and validation gates unchanged,-0.04234717037407408,-0.043450698766666664,0.0574348458814815,0.07692886507407408,0.040870762596296295,0.052702123200000006,0.016564083285185185,0.02422674187037037,0.3333333333333333,0.2962962962962963,0.18518518518518517,0.24691358024444446
director_appointment,long_call,60,27,-0.005433136214814815,-0.005862258748148148,-0.00042912251481481484,-0.018888942870833335,-0.01052377186,1,DESCRIPTIVE; primary confidence intervals and validation gates unchanged,0.07289300933333334,0.07547568117037037,0.057319358040740745,0.0759763980111111,0.03922124186666666,0.05039106435555556,0.018098116174074072,0.025585333659259257,0.3333333333333333,0.2716049382703704,0.18518518518518517,0.28395061728148147
director_appointment,long_call,300,28,-0.004705798875,-0.004953068692857143,-0.0002472698,-0.017536092784000003,-0.009544691815384615,1,DESCRIPTIVE; primary confidence intervals and validation gates unchanged,0.07224511548928572,0.074403194375,0.056862847385714295,0.07559895064285715,0.03941109250357143,0.049729886521428575,0.017451754882142855,0.025869064121428566,0.32142857142857145,0.26785714285714285,0.17857142857142858,0.27380952380714285
director_appointment,protective_put,60,26,0.0004907627461538461,0.0005890832499999998,9.832048461538461e-05,-0.005923846604347826,-0.001972244208,1,DESCRIPTIVE; primary confidence intervals and validation gates unchanged,0.04036189798461538,0.04213846567692307,0.055626660253846154,0.07931937773846154,0.03683246268846155,0.05274999278461539,0.018794197565384616,0.02656938495384615,0.3076923076923077,0.27564102564230775,0.19230769230769232,0.29487179486923076
director_appointment,protective_put,300,28,-0.00025811988571428643,-0.00017994881785714258,7.817105000000001e-05,-0.006249426404,-0.002566418274074075,1,DESCRIPTIVE; primary confidence intervals and validation gates unchanged,0.038940539425,0.04079030945,0.056862847385714295,0.07559895064285715,0.03941109250357143,0.049729886521428575,0.017451754882142855,0.025869064121428566,0.32142857142857145,0.26785714285714285,0.17857142857142858,0.27380952380714285
director_departure,cash_secured_put,60,27,-0.004093077503703705,-0.004730052903703702,-0.0006369753851851852,-0.014863961524999999,-0.011151377065384617,1,DESCRIPTIVE; primary confidence intervals and validation gates unchanged,-0.03453995905555556,-0.03602859789259259,0.0764190667962963,0.05438695506296297,0.03589285007777778,0.030551083444444446,0.04052621671851852,0.02383587162222222,0.25925925925925924,0.2160493827148148,0.3333333333333333,0.14814814814444446
director_departure,cash_secured_put,300,29,-0.003230610396551725,-0.004191401996551723,-0.000960791579310345,-0.013073449442307693,-0.009753943307142857,1,DESCRIPTIVE; primary confidence intervals and validation gates unchanged,-0.033399161427586206,-0.0344249630724138,0.07423278615517241,0.05357446861724138,0.03554201125862069,0.0313824502137931,0.038690774896551726,0.02219201840689655,0.27586206896551724,0.21839080459655172,0.3103448275862069,0.13793103447931035
director_departure,collar,60,22,0.005201734,0.004238528890909088,-0.0009632051090909092,-0.0171181902368421,-0.008409135270000001,1,DESCRIPTIVE; primary confidence intervals and validation gates unchanged,-0.005733896759090907,-0.0027512976409090908,0.08466222450909093,0.05727154019545455,0.04405031600454545,0.036267978454545456,0.040611908504545456,0.02100356174090909,0.3181818181818182,0.24242424242272725,0.3181818181818182,0.09090909090454545
director_departure,collar,300,28,0.0057083970642857135,0.004362947507142857,-0.0013454495535714284,-0.010634877984000002,-0.004184963096153847,1,DESCRIPTIVE; primary confidence intervals and validation gates unchanged,-0.004937776903571428,-0.002879594957142857,0.07531953451785714,0.055535976875000004,0.036811368803571436,0.03369593687142857,0.03850816571428572,0.021840040003571426,0.2857142857142857,0.24404761904642855,0.32142857142857145,0.14285714285357146
director_departure,covered_call,60,25,-0.0006097746439999985,-0.000749604692000001,-0.00013983004000000002,-0.011089994309090906,-0.006058873060869564,1,DESCRIPTIVE; primary confidence intervals and validation gates unchanged,-0.043225492448,-0.041374094380000004,0.079080954668,0.053510206272000004,0.04222949035999999,0.03502707194,0.036851464308,0.018483134332,0.32,0.233333333332,0.28,0.07999999999599999
director_departure,covered_call,300,29,0.0004872700172413805,0.00015531172413793057,-0.00033195827586206896,-0.008254026084615384,-0.00370625204074074,1,DESCRIPTIVE; primary confidence intervals and validation gates unchanged,-0.04018459469655172,-0.03988840131034482,0.07358503100000001,0.055017457389655175,0.036404733068965515,0.0339305222137931,0.03718029793103449,0.021086935175862066,0.27586206896551724,0.25287356321724136,0.3103448275862069,0.13793103447931035
director_departure,long_call,60,28,-0.006770696146428572,-0.007468383892857144,-0.0006976877392857144,-0.022571046144000004,-0.014304494040740742,1,DESCRIPTIVE; primary confidence intervals and validation gates unchanged,0.07099068747142859,0.07050921695714286,0.060674278400000003,0.05319972722857142,0.029280276467857143,0.031101676642857144,0.03139400193214286,0.02209805058928571,0.25,0.23214285714285715,0.2857142857142857,0.13095238095
director_departure,long_call,300,30,-0.0037432119066666686,-0.004016932603333334,-0.00027372068,-0.018922658281481482,-0.010653041524137933,1,DESCRIPTIVE; primary confidence intervals and validation gates unchanged,0.07216525261333334,0.07015311165666668,0.07259232436666666,0.05313861672333333,0.03519124196666667,0.031686332266666666,0.0374010824,0.021452284460000002,0.26666666666666666,0.22777777777666666,0.3,0.13333333333000003
director_departure,protective_put,60,27,0.005358678525925926,0.004721703137037039,-0.0006369753851851852,-0.004958324254166667,-0.0003904081000000004,1,DESCRIPTIVE; primary confidence intervals and validation gates unchanged,0.03588689320740741,0.0376807520074074,0.0764190667962963,0.05438695506296297,0.03589285007777778,0.030551083444444446,0.04052621671851852,0.02383587162222222,0.25925925925925924,0.2160493827148148,0.3333333333333333,0.14814814814444446
director_departure,protective_put,300,29,0.005144556010344828,0.0041837644241379335,-0.000960791579310345,-0.0044035376153846156,-0.00019453327407407394,1,DESCRIPTIVE; primary confidence intervals and validation gates unchanged,0.0347857973862069,0.03663804984827587,0.07423278615517241,0.05357446861724138,0.03554201125862069,0.0313824502137931,0.038690774896551726,0.02219201840689655,0.27586206896551724,0.21839080459655172,0.3103448275862069,0.13793103447931035
executive_compensation_change,cash_secured_put,60,48,0.0023262584708333327,0.0018154626187500001,-0.0005107958520833334,-0.004556384335555555,-0.0006095815148936176,1,DESCRIPTIVE; primary confidence intervals and validation gates unchanged,-0.04419973635208333,-0.04347577654374999,0.060067649222916665,0.07651801608124999,0.03193304209791667,0.04226378796666667,0.028134607125,0.03425422811041667,0.2916666666666667,0.2708333333354167,0.20833333333333334,0.25694444444375003
executive_compensation_change,cash_secured_put,300,56,0.0028973737160714295,0.0022826514053571434,-0.0006147223107142857,-0.002914052332075471,0.0003989489145454555,1,DESCRIPTIVE; primary confidence intervals and validation gates unchanged,-0.0421520185375,-0.042957005680357145,0.05930892709821429,0.07355528062321429,0.03288765377142857,0.041109594403571426,0.026421273326785715,0.032445686216071426,0.2857142857142857,0.2678571428589286,0.19642857142857142,0.25595238095178574
executive_compensation_change,collar,60,42,0.004385894666666666,0.0039004955285714287,-0.000485399130952381,-0.011728724466666667,-0.0018288637200000013,1,DESCRIPTIVE; primary confidence intervals and validation gates unchanged,-0.0029788853738095243,-0.0029702123452380958,0.05972384989761906,0.07847961020952382,0.034207421861904765,0.04690297657380952,0.025516428035714283,0.03157663363333334,0.30952380952380953,0.3134920634952381,0.19047619047619047,0.21428571428571427
executive_compensation_change,collar,300,55,0.00044724825454545424,0.00012055666545454344,-0.0003266915781818181,-0.011865945696153846,-0.004391763600000001,1,DESCRIPTIVE; primary confidence intervals and validation gates unchanged,-0.003601368687272728,-0.00029136321636363653,0.060303007481818195,0.07433773238363638,0.03348561111272728,0.0411274338,0.026817396369090914,0.03321029858181818,0.2909090909090909,0.2727272727290909,0.2,0.2636363636363636
executive_compensation_change,covered_call,60,48,0.004255630454166666,0.004640232300000001,0.00038460183333333337,-0.006871741539999999,-0.0004029353195652189,1,DESCRIPTIVE; primary confidence intervals and validation gates unchanged,-0.0491229675,-0.046368177470833334,0.06053245033750001,0.07606776612499999,0.035980091675,0.046352534375000004,0.0245523586625,0.029715231747916668,0.3125,0.31597222222500004,0.1875,0.20833333333333334
executive_compensation_change,covered_call,300,55,0.0026078332945454526,0.0028390572272727257,0.000231223929090909,-0.007116688459615383,-0.0014976312320754744,1,DESCRIPTIVE; primary confidence intervals and validation gates unchanged,-0.048068586307272725,-0.045834970798181815,0.060303007481818195,0.07433773238363638,0.03348561111272728,0.0411274338,0.026817396369090914,0.03321029858181818,0.2909090909090909,0.2727272727290909,0.2,0.2636363636363636
executive_compensation_change,long_call,60,46,-0.009172924132608696,-0.009454535406521738,-0.0002816112652173913,-0.017156577502325583,-0.011896865656818183,1,DESCRIPTIVE; primary confidence intervals and validation gates unchanged,0.07630654492391305,0.07826229155434782,0.059273020826086965,0.0780602727673913,0.030610330236956522,0.045459185060869566,0.028662690589130436,0.03260108770434783,0.2826086956521739,0.30434782608913047,0.21739130434782608,0.2391304347826087
executive_compensation_change,long_call,300,56,-0.003733940476785714,-0.003968590771428572,-0.0002346502910714286,-0.009903377154716987,-0.005752004546296296,1,DESCRIPTIVE; primary confidence intervals and validation gates unchanged,0.07747214615714285,0.07834932778035715,0.05930892709821429,0.07355528062321429,0.03288765377142857,0.041109594403571426,0.026421273326785715,0.032445686216071426,0.2857142857142857,0.2678571428589286,0.19642857142857142,0.25595238095178574
executive_compensation_change,protective_put,60,48,-0.0013115435333333348,-0.0018223393916666664,-0.0005107958520833334,-0.0058445639777777786,-0.003080581438297874,1,DESCRIPTIVE; primary confidence intervals and validation gates unchanged,0.045591893077083334,0.04545325145833334,0.060067649222916665,0.07651801608124999,0.03193304209791667,0.04226378796666667,0.028134607125,0.03425422811041667,0.2916666666666667,0.2708333333354167,0.20833333333333334,0.25694444444375003
executive_compensation_change,protective_put,300,56,-0.0016741674928571427,-0.0022888898071428587,-0.0006147223107142857,-0.005543484320754717,-0.003192483956363636,1,DESCRIPTIVE; primary confidence intervals and validation gates unchanged,0.044002315417857145,0.045290602307142866,0.05930892709821429,0.07355528062321429,0.03288765377142857,0.041109594403571426,0.026421273326785715,0.032445686216071426,0.2857142857142857,0.2678571428589286,0.19642857142857142,0.25595238095178574
executive_officer_appointment,cash_secured_put,60,29,0.0006389305413793098,0.0004570165758620692,-0.0001819139689655173,-0.005647032850000001,-0.001773126164285715,1,DESCRIPTIVE; primary confidence intervals and validation gates unchanged,-0.03450460893448276,-0.03609875493103448,0.06413489994827587,0.06955918502413792,0.03577244000689655,0.0397305006,0.028362459941379307,0.02982868442413793,0.3793103448275862,0.2816091953965517,0.20689655172413793,0.24712643678275864
executive_officer_appointment,cash_secured_put,300,36,-0.0009370939027777788,-0.00033908012777777774,0.0005980137694444445,-0.0060329460696969695,-0.0029117685371428583,1,DESCRIPTIVE; primary confidence intervals and validation gates unchanged,-0.03230496440833333,-0.034126557319444445,0.06135449640555557,0.06797990503611112,0.033352889058333335,0.04047301220833334,0.02800160734722222,0.02750689282777778,0.3611111111111111,0.33333333332777776,0.2222222222222222,0.2546296296305555
executive_officer_appointment,collar,60,23,0.0015133284521739153,0.0011433695521739144,-0.0003699589043478263,-0.020960663374999997,-0.009513526904545454,1,DESCRIPTIVE; primary confidence intervals and validation gates unchanged,-0.0063875839304347835,-0.004762152495652174,0.06646912836956523,0.06981585556521738,0.040927237291304354,0.04238088142608696,0.025541891078260867,0.027434974139130434,0.43478260869565216,0.27536231883478257,0.21739130434782608,0.20289855072608698
executive_officer_appointment,collar,300,34,0.005037864835294116,0.005337415532352942,0.00029955068823529405,-0.009120400564516126,-0.0022065679363636385,1,DESCRIPTIVE; primary confidence intervals and validation gates unchanged,-0.0043699130000000004,-0.0008822889588235294,0.06247972664117647,0.06979255430588235,0.03531482370882354,0.042213883252941176,0.027164902932352943,0.02757867105294118,0.38235294117647056,0.35784313725,0.20588235294117646,0.24019607843235297
executive_officer_appointment,covered_call,60,27,0.006750084462962961,0.006644316918518518,-0.00010576752962962956,-0.005003799691666667,-0.0001381310423076944,1,DESCRIPTIVE; primary confidence intervals and validation gates unchanged,-0.040238485844444456,-0.039095848196296294,0.06507134190740742,0.07041238107777778,0.04022369612222222,0.04704184755185185,0.024847645785185186,0.02337053352592593,0.4444444444444444,0.3827160493777778,0.2222222222222222,0.1728395061740741
executive_officer_appointment,covered_call,300,35,0.009421710634285716,0.009274281791428574,-0.00014742881714285705,-0.00166035915,0.00423282895882353,1,DESCRIPTIVE; primary confidence intervals and validation gates unchanged,-0.039604582154285715,-0.03749253433142857,0.06314465146,0.07364122441428574,0.034305828745714285,0.04685051539142857,0.028838822714285714,0.026790709022857143,0.37142857142857144,0.3809523809485714,0.22857142857142856,0.23333333333428574
executive_officer_appointment,long_call,60,29,-0.009126544717241378,-0.009884252337931035,-0.0007577076103448276,-0.021092235611538467,-0.013034791742857143,1,DESCRIPTIVE; primary confidence intervals and validation gates unchanged,0.06631725125862069,0.06891508732758621,0.07144061012413795,0.07533818164482757,0.040762555096551724,0.050175675875862066,0.030678055027586207,0.025162505768965518,0.4482758620689655,0.379310344824138,0.27586206896551724,0.212643678162069
executive_officer_appointment,long_call,300,36,-0.011011742891666669,-0.011245620950000004,-0.00023387805555555557,-0.02061063858181818,-0.01419220331714286,1,DESCRIPTIVE; primary confidence intervals and validation gates unchanged,0.070494275575,0.06976327534166665,0.061519369641666675,0.07240130862777777,0.033352889058333335,0.04635478596666667,0.028166480583333334,0.026046522661111113,0.3611111111111111,0.37037037036666676,0.2222222222222222,0.22685185185277776
executive_officer_appointment,protective_put,60,29,-0.0002784773172413795,-0.0004603912793103439,-0.0001819139689655173,-0.007002968323076924,-0.003211038578571429,1,DESCRIPTIVE; primary confidence intervals and validation gates unchanged,0.035951471493103446,0.03770089780000001,0.06413489994827587,0.06955918502413792,0.03577244000689655,0.0397305006,0.028362459941379307,0.02982868442413793,0.3793103448275862,0.2816091953965517,0.20689655172413793,0.24712643678275864
executive_officer_appointment,protective_put,300,36,-0.0002622548777777774,0.0003357589000000007,0.0005980137694444445,-0.005558863933333335,-0.0026078403885714282,1,DESCRIPTIVE; primary confidence intervals and validation gates unchanged,0.03456049513611112,0.0359759748388889,0.06135449640555557,0.06797990503611112,0.033352889058333335,0.04047301220833334,0.02800160734722222,0.02750689282777778,0.3611111111111111,0.33333333332777776,0.2222222222222222,0.2546296296305555
guidance_issuance_or_update,cash_secured_put,60,12,0.003532280875,0.004505147925,0.0009728670416666668,-0.009661186955555557,-0.0011529449625000002,1,DESCRIPTIVE; primary confidence intervals and validation gates unchanged,-0.036679227083333335,-0.032436294091666665,0.05533862460833333,0.04948846549166667,0.02446041036666667,0.012486117233333335,0.030878214241666663,0.03700234826666666,0.16666666666666666,0.09722222221666667,0.25,0.22222222222500002
guidance_issuance_or_update,cash_secured_put,300,14,0.0054231509071428555,0.005628842457142856,0.00020569154285714287,-0.004855812763636364,0.0016095418777777747,1,DESCRIPTIVE; primary confidence intervals and validation gates unchanged,-0.03740507296428571,-0.029788088092857146,0.05515138054285714,0.04774910978571429,0.028684339764285714,0.015971340414285714,0.026467040778571427,0.03177776937857143,0.21428571428571427,0.15476190475714288,0.21428571428571427,0.19047619047857145
guidance_issuance_or_update,collar,60,10,-0.009043468760000001,-0.00717530053,0.0018681682400000003,-0.0358779128,-0.02012481888888889,1,DESCRIPTIVE; primary confidence intervals and validation gates unchanged,0.00092228126,-0.00873329634,0.06308629389999999,0.04506293921,0.026171680250000003,0.014983340680000002,0.03691461365,0.030079598539999995,0.2,0.11666666666,0.3,0.16666666667000002
guidance_issuance_or_update,collar,300,14,-0.013900156828571432,-0.014626267535714286,-0.000726110707142857,-0.032301172509090904,-0.02194545215384616,1,DESCRIPTIVE; primary confidence intervals and validation gates unchanged,0.0038424921214285706,-0.011631544028571429,0.05515138054285714,0.04774910978571429,0.028684339764285714,0.015971340414285714,0.026467040778571427,0.03177776937857143,0.21428571428571427,0.15476190475714288,0.21428571428571427,0.19047619047857145
guidance_issuance_or_update,covered_call,60,13,-0.007751642376923077,-0.008628359615384619,-0.0008767172461538463,-0.01653900535,-0.010097634641666667,1,DESCRIPTIVE; primary confidence intervals and validation gates unchanged,-0.038129983969230764,-0.047396977353846154,0.05694701582307693,0.04236616150000001,0.028444048830769234,0.017199905061538463,0.028502966992307692,0.02516625644615384,0.23076923076923078,0.16666666666153848,0.23076923076923078,0.1282051282076923
guidance_issuance_or_update,covered_call,300,14,-0.008063139535714286,-0.008994941785714286,-0.0009318022642857144,-0.0161366051,-0.010252632176923078,1,DESCRIPTIVE; primary confidence intervals and validation gates unchanged,-0.036913733378571435,-0.044159455407142854,0.05515138054285714,0.04774910978571429,0.028684339764285714,0.015971340414285714,0.026467040778571427,0.03177776937857143,0.21428571428571427,0.15476190475714288,0.21428571428571427,0.19047619047857145
guidance_issuance_or_update,long_call,60,14,0.015218367107142859,0.014123762057142858,-0.0010946050785714289,-0.0033873688727272715,0.008666042061538464,1,DESCRIPTIVE; primary confidence intervals and validation gates unchanged,0.06768939277142857,0.07608247387142857,0.05515138054285714,0.04774910978571429,0.028684339764285714,0.015971340414285714,0.026467040778571427,0.03177776937857143,0.21428571428571427,0.15476190475714288,0.21428571428571427,0.19047619047857145
guidance_issuance_or_update,long_call,300,14,0.015218367107142859,0.014123762057142858,-0.0010946050785714289,-0.0033873688727272715,0.008666042061538464,1,DESCRIPTIVE; primary confidence intervals and validation gates unchanged,0.06768939277142857,0.07608247387142857,0.05515138054285714,0.04774910978571429,0.028684339764285714,0.015971340414285714,0.026467040778571427,0.03177776937857143,0.21428571428571427,0.15476190475714288,0.21428571428571427,0.19047619047857145
guidance_issuance_or_update,protective_put,60,12,-0.00547891815,-0.004506051116666667,0.0009728670416666668,-0.01904748438888889,-0.013238525254545457,1,DESCRIPTIVE; primary confidence intervals and validation gates unchanged,0.03995614714166667,0.03425843738333333,0.05533862460833333,0.04948846549166667,0.02446041036666667,0.012486117233333335,0.030878214241666663,0.03700234826666666,0.16666666666666666,0.09722222221666667,0.25,0.22222222222500002
guidance_issuance_or_update,protective_put,300,14,-0.0058370173,-0.0056313257714285725,0.00020569154285714287,-0.0170362349,-0.012430384784615386,1,DESCRIPTIVE; primary confidence intervals and validation gates unchanged,0.040756225507142856,0.0325279114,0.05515138054285714,0.04774910978571429,0.028684339764285714,0.015971340414285714,0.026467040778571427,0.03177776937857143,0.21428571428571427,0.15476190475714288,0.21428571428571427,0.19047619047857145
quarterly_earnings,cash_secured_put,60,26,0.013880555715384614,0.012165332642307692,-0.0017152230653846158,0.004033840430434784,0.009955974291666664,1,DESCRIPTIVE; primary confidence intervals and validation gates unchanged,-0.029438109673076925,-0.02805079540769231,0.05804680483076923,0.060753201623076916,0.04157673676538462,0.02842468490384616,0.016470068065384615,0.03232851672307693,0.34615384615384615,0.15384615384615385,0.11538461538461539,0.2628205128192308
quarterly_earnings,cash_secured_put,300,31,0.014552352845161291,0.012766182687096774,-0.001786170158064516,0.006535957839285715,0.011717542564285715,1,DESCRIPTIVE; primary confidence intervals and validation gates unchanged,-0.031987458235483865,-0.028136429509677426,0.06438442545483872,0.05866160750967741,0.049690274670967746,0.03022738273225807,0.01469415078387097,0.02843422477419355,0.3548387096774194,0.2150537634387097,0.0967741935483871,0.24731182795483875
quarterly_earnings,collar,60,23,-0.00930755246521739,-0.011299047508695655,-0.0019914950130434793,-0.025861841565000005,-0.01596845645,1,DESCRIPTIVE; primary confidence intervals and validation gates unchanged,-2.4664869565217185e-05,-0.005612764217391305,0.05843073171304349,0.05501061642173912,0.04196438386086957,0.032469380352173914,0.016466347852173914,0.022541236073913045,0.30434782608695654,0.17391304347826086,0.13043478260869565,0.1956521739130435
quarterly_earnings,collar,300,31,-0.02195931254516129,-0.024759933451612898,-0.0028006208741935485,-0.034994999739285715,-0.027265700803333334,1,DESCRIPTIVE; primary confidence intervals and validation gates unchanged,0.002182095493548387,-0.007100624322580646,0.06438442545483872,0.057950060180645156,0.049690274670967746,0.030477509848387103,0.01469415078387097,0.02747255032903226,0.3548387096774194,0.2150537634387097,0.0967741935483871,0.236559139783871
quarterly_earnings,covered_call,60,27,-0.010819034762962964,-0.011762200903703703,-0.000943166125925926,-0.020434636804166666,-0.015224298126923079,1,DESCRIPTIVE; primary confidence intervals and validation gates unchanged,-0.03327756796296297,-0.039779026974074067,0.06745237922962963,0.05356807266666667,0.05276237732222223,0.0328507407037037,0.01469000190740741,0.02071733195925926,0.3333333333333333,0.22839506172592594,0.1111111111111111,0.1975308641962963
quarterly_earnings,covered_call,300,31,-0.011426028170967741,-0.012463054296774197,-0.0010370261129032258,-0.019733007785714293,-0.0152641562,1,DESCRIPTIVE; primary confidence intervals and validation gates unchanged,-0.031307000925806454,-0.0376702926967742,0.06438442545483872,0.057950060180645156,0.049690274670967746,0.030477509848387103,0.01469415078387097,0.02747255032903226,0.3548387096774194,0.2150537634387097,0.0967741935483871,0.236559139783871
quarterly_earnings,long_call,60,29,0.021105270958620692,0.02015750360689655,-0.0009477673448275864,0.007938206215384616,0.014627726176923078,1,DESCRIPTIVE; primary confidence intervals and validation gates unchanged,0.060692201120689654,0.06609778465517242,0.061320167434482764,0.05468215771034483,0.046230008006896556,0.024286951913793105,0.015090159427586207,0.030395205793103456,0.3448275862068966,0.14942528735517244,0.10344827586206896,0.2643678160896552
quarterly_earnings,long_call,300,31,0.01844554020967742,0.017506709670967742,-0.000938830535483871,0.0059340089392857145,0.01117431900740741,1,DESCRIPTIVE; primary confidence intervals and validation gates unchanged,0.060674767545161296,0.06681901331612904,0.06438442545483872,0.05866160750967741,0.049690274670967746,0.03022738273225807,0.01469415078387097,0.02843422477419355,0.3548387096774194,0.2150537634387097,0.0967741935483871,0.24731182795483875
quarterly_earnings,protective_put,60,26,-0.010454456061538461,-0.012169679111538462,-0.0017152230653846158,-0.016615940034782607,-0.013588265372727271,1,DESCRIPTIVE; primary confidence intervals and validation gates unchanged,0.030886103803846154,0.030304298961538464,0.05804680483076923,0.060753201623076916,0.04157673676538462,0.02842468490384616,0.016470068065384615,0.03232851672307693,0.34615384615384615,0.15384615384615385,0.11538461538461539,0.2628205128192308
quarterly_earnings,protective_put,300,31,-0.010987776093548387,-0.012773946241935485,-0.001786170158064516,-0.016173255514285712,-0.013174472138461539,1,DESCRIPTIVE; primary confidence intervals and validation gates unchanged,0.033489096432258066,0.030497902641935484,0.06438442545483872,0.05866160750967741,0.049690274670967746,0.03022738273225807,0.01469415078387097,0.02843422477419355,0.3548387096774194,0.2150537634387097,0.0967741935483871,0.24731182795483875
shareholder_proposal_outcome,cash_secured_put,60,40,-0.0065880374675,-0.006398059982500001,0.000189977485,-0.009464111216216214,-0.007688749405128206,1,DESCRIPTIVE; primary confidence intervals and validation gates unchanged,-0.030750182290000004,-0.0378666380675,0.06114639665000001,0.0570083845225,0.0400660383625,0.042753313720000005,0.0210803582875,0.014255070805000002,0.325,0.25,0.25,0.13333333333250003
shareholder_proposal_outcome,cash_secured_put,300,44,-0.007917296993181819,-0.007585290615909093,0.0003320063704545454,-0.01061004107317073,-0.008946530134883722,1,DESCRIPTIVE; primary confidence intervals and validation gates unchanged,-0.029288473045454552,-0.036758282052272724,0.058281238520454554,0.05606703643863636,0.036910593886363634,0.04311929691590909,0.02137064463409091,0.012947739525000002,0.29545454545454547,0.2727272727272727,0.25,0.12121212121136363
shareholder_proposal_outcome,collar,60,35,-0.003675844711428572,-0.003206754862857146,0.00046908984,-0.0114814088625,-0.0068901757764705885,1,DESCRIPTIVE; primary confidence intervals and validation gates unchanged,-0.007457818311428572,-0.00328962176,0.06031215962,0.05151644028000001,0.043775028077142855,0.03734640328857143,0.016537131542857145,0.014170036994285715,0.34285714285714286,0.22857142857142856,0.2,0.12380952380857145
shareholder_proposal_outcome,collar,300,43,0.006940833506976744,0.0073293505837209285,0.00038851706744186037,-0.0022225161825,0.003440661885714285,1,DESCRIPTIVE; primary confidence intervals and validation gates unchanged,-0.00838872291627907,-0.00206653726511628,0.05781821748604652,0.05622313159767441,0.037768979790697675,0.0429859630883721,0.02004923769534884,0.013237168511627907,0.3023255813953488,0.26744186046511625,0.23255813953488372,0.12403100775116278
shareholder_proposal_outcome,covered_call,60,36,-0.0049675136527777795,-0.005035467888888889,-6.795423888888893e-05,-0.010902251518181819,-0.00741850546857143,1,DESCRIPTIVE; primary confidence intervals and validation gates unchanged,-0.039594327769444444,-0.04123046950833334,0.05908743165,0.05131706646111111,0.042559055075,0.03754064160833334,0.016528376575,0.013776424855555558,0.3333333333333333,0.2361111111111111,0.19444444444444445,0.12037037036944447
shareholder_proposal_outcome,covered_call,300,44,0.0005931752409090894,0.0005067251704545468,-8.645007500000004e-05,-0.005087477375609756,-0.0016703823093023272,1,DESCRIPTIVE; primary confidence intervals and validation gates unchanged,-0.040041318756818184,-0.04034872613636364,0.05682897888863637,0.055917622895454544,0.036910593886363634,0.042981299125000004,0.01991838500227273,0.012936323772727272,0.29545454545454547,0.26136363636363635,0.22727272727272727,0.12121212121136363
shareholder_proposal_outcome,long_call,60,42,-0.003047870983333333,-0.0029569474785714265,9.092351190476186e-05,-0.01004041000512821,-0.0056833574449999995,1,DESCRIPTIVE; primary confidence intervals and validation gates unchanged,0.07139949907380953,0.07269159201428572,0.05779234720476191,0.055099521109523805,0.03698929950476191,0.04153522256190477,0.020803047700000004,0.01356429855,0.2857142857142857,0.2857142857142857,0.23809523809523808,0.12698412698333333
shareholder_proposal_outcome,long_call,300,45,-0.00398215407111111,-0.0038857356844444455,9.641839333333327e-05,-0.010541960526190476,-0.0064772244116279055,1,DESCRIPTIVE; primary confidence intervals and validation gates unchanged,0.07190526135333335,0.07164013576666667,0.05730369364666667,0.0557717856,0.03609035846666667,0.043111773622222224,0.02121333518,0.012660011979999998,0.28888888888888886,0.26666666666666666,0.24444444444444444,0.11851851851777777
shareholder_proposal_outcome,protective_put,60,40,0.00620800997,0.0063979874475000005,0.000189977485,0.0020230035513513515,0.004413888194871795,1,DESCRIPTIVE; primary confidence intervals and validation gates unchanged,0.032944765235000006,0.03947646117,0.06114639665000001,0.0570083845225,0.0400660383625,0.042753313720000005,0.0210803582875,0.014255070805000002,0.325,0.25,0.25,0.13333333333250003
shareholder_proposal_outcome,protective_put,300,44,0.0072532503477272725,0.007585256711363636,0.0003320063704545454,0.003553018241463415,0.005650331537209302,1,DESCRIPTIVE; primary confidence intervals and validation gates unchanged,0.03159944845909091,0.038372004229545446,0.058281238520454554,0.05606703643863636,0.036910593886363634,0.04311929691590909,0.02137064463409091,0.012947739525000002,0.29545454545454547,0.2727272727272727,0.25,0.12121212121136363
underwriting_agreement,cash_secured_put,60,33,-0.0017429953969696974,-0.0023965133484848476,-0.0006535179484848484,-0.008753150216666668,-0.004082560634375,1,DESCRIPTIVE; primary confidence intervals and validation gates unchanged,-0.037545640612121206,-0.03894929450606061,0.044518457469696966,0.06551415221818181,0.024539152063636365,0.0412519861939394,0.019979305406060605,0.024262166024242422,0.21212121212121213,0.32828282828484845,0.15151515151515152,0.15151515151212125
underwriting_agreement,cash_secured_put,300,41,-0.0007891236048780487,-0.0013823305951219515,-0.0005932069902439025,-0.005816305457894737,-0.0022266760300000002,1,DESCRIPTIVE; primary confidence intervals and validation gates unchanged,-0.03458435259512195,-0.03591937745609756,0.04227794979756098,0.06428379143658537,0.022366182648780486,0.03889517849512195,0.019911767148780492,0.025388612941463416,0.17073170731707318,0.30487804878292685,0.17073170731707318,0.15853658536341464
underwriting_agreement,collar,60,28,0.00975619721071429,0.009164134778571429,-0.0005920624535714285,-0.0067006860800000005,0.004466590544444448,1,DESCRIPTIVE; primary confidence intervals and validation gates unchanged,-0.003550314189285715,-0.002809863496428571,0.04631708358214286,0.067071290125,0.02734501435357143,0.044335053546428575,0.018972069228571427,0.02273623657857143,0.25,0.3452380952392858,0.14285714285714285,0.14285714285357146
underwriting_agreement,collar,300,40,0.005205289069999999,0.004265322909999998,-0.00093996618,-0.006283219218918923,0.0014265637333333325,1,DESCRIPTIVE; primary confidence intervals and validation gates unchanged,-0.00271637275,-0.0023088950275,0.0407099722775,0.06458024399,0.022925337215,0.038556915725,0.0177846350625,0.026023328265,0.175,0.30000000000250004,0.15,0.16249999999750003
underwriting_agreement,covered_call,60,34,0.0033196321764705876,0.00296778104117647,-0.000351851138235294,-0.004718617029032257,0.0013021036545454543,1,DESCRIPTIVE; primary confidence intervals and validation gates unchanged,-0.042621349508823535,-0.04415110052058823,0.04436401619117647,0.06620026593529413,0.025237240764705883,0.040179404114705886,0.01912677542647059,0.02602086182058824,0.20588235294117646,0.3039215686294118,0.17647058823529413,0.17647058823235295
underwriting_agreement,covered_call,300,41,0.004733843680487805,0.004378958870731707,-0.00035488480975609754,-0.002513033744736843,0.00250955301,1,DESCRIPTIVE; primary confidence intervals and validation gates unchanged,-0.03926417473414635,-0.04045178107804878,0.04018369620000001,0.06404854898292683,0.022832832724390247,0.038659936041463415,0.01735086347560976,0.025388612941463416,0.17073170731707318,0.2926829268317074,0.14634146341463414,0.15853658536341464
underwriting_agreement,long_call,60,35,-0.00041749561142857106,-0.000605737577142859,-0.00018824196571428576,-0.010758900546875,-0.004757007585294118,1,DESCRIPTIVE; primary confidence intervals and validation gates unchanged,0.07700045342857144,0.07514348114,0.04111227488000001,0.06544514966857143,0.025777080062857144,0.03830043083428572,0.015335194817142858,0.02714471883714286,0.2,0.28571428571714286,0.11428571428571428,0.1666666666657143
underwriting_agreement,long_call,300,40,-0.005305068702500002,-0.005877316532500001,-0.0005722478275,-0.014645276194594596,-0.009213555374358976,1,DESCRIPTIVE; primary confidence intervals and validation gates unchanged,0.07433684963250001,0.07305843322750001,0.04276649210250001,0.0641413966125,0.022554945055000004,0.0392873301675,0.020211547047500004,0.024854066445000003,0.175,0.28750000000250003,0.175,0.1624999999975
underwriting_agreement,protective_put,60,33,0.0030488361727272727,0.002395318233333334,-0.0006535179484848484,-0.0036182373499999993,0.0003532261156249999,1,DESCRIPTIVE; primary confidence intervals and validation gates unchanged,0.03882637021818181,0.04092111481212122,0.044518457469696966,0.06551415221818181,0.024539152063636365,0.0412519861939394,0.019979305406060605,0.024262166024242422,0.21212121212121213,0.32828282828484845,0.15151515151515152,0.15151515151212125
underwriting_agreement,protective_put,300,41,0.001974540526829268,0.0013813335487804876,-0.0005932069902439025,-0.0033737513842105253,-0.00020880491000000028,1,DESCRIPTIVE; primary confidence intervals and validation gates unchanged,0.036248672104878046,0.038292601851219514,0.04227794979756098,0.06428379143658537,0.022366182648780486,0.03889517849512195,0.019911767148780492,0.025388612941463416,0.17073170731707318,0.30487804878292685,0.17073170731707318,0.15853658536341464
