tag,strategy,max_age_seconds,source_events,usable_events,excluded_events,strict_matching_pending
annual_meeting_results,cash_secured_put,60,150,122,28,True
annual_meeting_results,cash_secured_put,300,150,135,15,True
annual_meeting_results,collar,60,150,109,41,True
annual_meeting_results,collar,300,150,129,21,True
annual_meeting_results,covered_call,60,150,118,32,True
annual_meeting_results,covered_call,300,150,130,20,True
annual_meeting_results,long_call,60,150,122,28,True
annual_meeting_results,long_call,300,150,134,16,True
annual_meeting_results,protective_put,60,150,122,28,True
annual_meeting_results,protective_put,300,150,135,15,True
debt_issuance,cash_secured_put,60,277,215,62,True
debt_issuance,cash_secured_put,300,277,242,35,True
debt_issuance,collar,60,277,195,82,True
debt_issuance,collar,300,277,236,41,True
debt_issuance,covered_call,60,277,216,61,True
debt_issuance,covered_call,300,277,240,37,True
debt_issuance,long_call,60,277,219,58,True
debt_issuance,long_call,300,277,243,34,True
debt_issuance,protective_put,60,277,215,62,True
debt_issuance,protective_put,300,277,242,35,True
director_appointment,cash_secured_put,60,97,75,22,True
director_appointment,cash_secured_put,300,97,83,14,True
director_appointment,collar,60,97,65,32,True
director_appointment,collar,300,97,81,16,True
director_appointment,covered_call,60,97,69,28,True
director_appointment,covered_call,300,97,83,14,True
director_appointment,long_call,60,97,78,19,True
director_appointment,long_call,300,97,85,12,True
director_appointment,protective_put,60,97,75,22,True
director_appointment,protective_put,300,97,83,14,True
director_departure,cash_secured_put,60,101,82,19,True
director_departure,cash_secured_put,300,101,89,12,True
director_departure,collar,60,101,70,31,True
director_departure,collar,300,101,83,18,True
director_departure,covered_call,60,101,76,25,True
director_departure,covered_call,300,101,84,17,True
director_departure,long_call,60,101,82,19,True
director_departure,long_call,300,101,89,12,True
director_departure,protective_put,60,101,82,19,True
director_departure,protective_put,300,101,89,12,True
executive_compensation_change,cash_secured_put,60,174,131,43,True
executive_compensation_change,cash_secured_put,300,174,149,25,True
executive_compensation_change,collar,60,174,122,52,True
executive_compensation_change,collar,300,174,148,26,True
executive_compensation_change,covered_call,60,174,140,34,True
executive_compensation_change,covered_call,300,174,151,23,True
executive_compensation_change,long_call,60,174,140,34,True
executive_compensation_change,long_call,300,174,151,23,True
executive_compensation_change,protective_put,60,174,131,43,True
executive_compensation_change,protective_put,300,174,149,25,True
executive_officer_appointment,cash_secured_put,60,105,77,28,True
executive_officer_appointment,cash_secured_put,300,105,89,16,True
executive_officer_appointment,collar,60,105,70,35,True
executive_officer_appointment,collar,300,105,88,17,True
executive_officer_appointment,covered_call,60,105,80,25,True
executive_officer_appointment,covered_call,300,105,91,14,True
executive_officer_appointment,long_call,60,105,86,19,True
executive_officer_appointment,long_call,300,105,91,14,True
executive_officer_appointment,protective_put,60,105,77,28,True
executive_officer_appointment,protective_put,300,105,89,16,True
guidance_issuance_or_update,cash_secured_put,60,60,42,18,True
guidance_issuance_or_update,cash_secured_put,300,60,48,12,True
guidance_issuance_or_update,collar,60,60,38,22,True
guidance_issuance_or_update,collar,300,60,47,13,True
guidance_issuance_or_update,covered_call,60,60,42,18,True
guidance_issuance_or_update,covered_call,300,60,49,11,True
guidance_issuance_or_update,long_call,60,60,48,12,True
guidance_issuance_or_update,long_call,300,60,49,11,True
guidance_issuance_or_update,protective_put,60,60,42,18,True
guidance_issuance_or_update,protective_put,300,60,48,12,True
quarterly_earnings,cash_secured_put,60,131,104,27,True
quarterly_earnings,cash_secured_put,300,131,111,20,True
quarterly_earnings,collar,60,131,88,43,True
quarterly_earnings,collar,300,131,108,23,True
quarterly_earnings,covered_call,60,131,95,36,True
quarterly_earnings,covered_call,300,131,110,21,True
quarterly_earnings,long_call,60,131,104,27,True
quarterly_earnings,long_call,300,131,112,19,True
quarterly_earnings,protective_put,60,131,104,27,True
quarterly_earnings,protective_put,300,131,111,20,True
shareholder_proposal_outcome,cash_secured_put,60,121,96,25,True
shareholder_proposal_outcome,cash_secured_put,300,121,109,12,True
shareholder_proposal_outcome,collar,60,121,88,33,True
shareholder_proposal_outcome,collar,300,121,106,15,True
shareholder_proposal_outcome,covered_call,60,121,97,24,True
shareholder_proposal_outcome,covered_call,300,121,108,13,True
shareholder_proposal_outcome,long_call,60,121,101,20,True
shareholder_proposal_outcome,long_call,300,121,110,11,True
shareholder_proposal_outcome,protective_put,60,121,96,25,True
shareholder_proposal_outcome,protective_put,300,121,109,12,True
underwriting_agreement,cash_secured_put,60,146,117,29,True
underwriting_agreement,cash_secured_put,300,146,132,14,True
underwriting_agreement,collar,60,146,98,48,True
underwriting_agreement,collar,300,146,126,20,True
underwriting_agreement,covered_call,60,146,110,36,True
underwriting_agreement,covered_call,300,146,129,17,True
underwriting_agreement,long_call,60,146,119,27,True
underwriting_agreement,long_call,300,146,132,14,True
underwriting_agreement,protective_put,60,146,117,29,True
underwriting_agreement,protective_put,300,146,132,14,True
