strategy,max_age_seconds,fully_usable,trades
cash_secured_put,60,False,653
cash_secured_put,60,True,2190
cash_secured_put,300,False,383
cash_secured_put,300,True,2460
collar,60,False,882
collar,60,True,1961
collar,300,False,449
collar,300,True,2394
covered_call,60,False,658
covered_call,60,True,2185
covered_call,300,False,397
covered_call,300,True,2446
long_call,60,False,563
long_call,60,True,2280
long_call,300,False,350
long_call,300,True,2493
protective_put,60,False,653
protective_put,60,True,2190
protective_put,300,False,383
protective_put,300,True,2460
