ticker,day,reason
DIS,2022-03-11,no_control_after_calendar
QCOM,2022-03-15,no_control_after_calendar
SBUX,2022-03-18,entry_moneyness
AVGO,2022-04-06,no_control_after_calendar
BK,2022-04-13,unusable_quote
ADBE,2022-04-20,no_control_after_calendar
USB,2022-04-22,entry_moneyness
LMT,2022-04-22,no_control_after_calendar
BAC,2022-04-28,no_control_after_maturity
C,2022-04-29,entry_moneyness
GS,2022-05-02,no_control_after_calendar
CHTR,2022-05-02,no_control_after_calendar
IBM,2022-05-02,no_control_after_calendar
JNJ,2022-05-02,no_control_after_maturity
WFC,2022-05-02,no_control_after_moneyness
TXN,2022-05-02,no_control_after_moneyness
PFE,2022-05-03,no_control_after_maturity
ABT,2022-05-03,no_control_after_maturity
LLY,2022-05-05,no_control_after_maturity
BMY,2022-05-06,no_control_after_calendar
GE,2022-05-09,no_control_after_calendar
PEP,2022-05-09,no_control_after_calendar
COF,2022-05-09,no_control_after_calendar
UPS,2022-05-11,no_control_after_maturity
CL,2022-05-12,no_control_after_maturity
COP,2022-05-13,entry_moneyness
DHR,2022-05-13,entry_moneyness
MMM,2022-05-13,no_control_after_calendar
AIG,2022-05-16,no_control_after_moneyness
CVS,2022-05-17,no_control_after_calendar
INTC,2022-05-17,no_control_after_maturity
SCHW,2022-05-19,no_control_after_maturity
TMO,2022-05-20,no_control_after_maturity
AMT,2022-05-20,no_control_after_calendar
AMD,2022-05-23,no_control_after_calendar
JPM,2022-05-23,entry_moneyness
NEE,2022-05-24,no_control_after_calendar
MO,2022-05-24,entry_moneyness
HD,2022-05-25,no_control_after_maturity
MRK,2022-05-27,no_control_after_calendar
BLK,2022-05-31,no_control_after_calendar
AMZN,2022-05-31,no_control_after_calendar
CVX,2022-05-31,no_control_after_calendar
MS,2022-05-31,no_control_after_calendar
SO,2022-06-01,no_control_after_calendar
MCD,2022-06-03,no_control_after_calendar
LOW,2022-06-03,no_control_after_calendar
WMT,2022-06-06,no_control_after_calendar
CMCSA,2022-06-06,no_control_after_volatility
PYPL,2022-06-07,no_control_after_calendar
NVDA,2022-06-07,no_control_after_moneyness
UNH,2022-06-13,no_control_after_calendar
BKNG,2022-06-13,entry_moneyness
NOW,2022-06-13,entry_moneyness
CRM,2022-06-14,no_control_after_volatility
CAT,2022-06-15,no_control_after_maturity
TMUS,2022-06-21,no_control_after_calendar
MET,2022-06-27,no_control_after_calendar
MA,2022-06-27,no_control_after_volatility
TSLA,2022-08-08,no_control_after_moneyness
FDX,2022-09-22,no_control_after_moneyness
PG,2022-10-12,no_control_after_calendar
PG,2022-10-17,no_control_after_calendar
MDT,2022-12-14,no_control_after_maturity
INTU,2023-01-24,no_control_after_maturity
V,2023-01-26,no_control_after_calendar
COST,2023-01-26,no_control_after_moneyness
EMR,2023-02-13,no_control_after_maturity
DE,2023-02-28,no_control_after_maturity
QCOM,2023-03-10,no_control_after_moneyness
SBUX,2023-03-30,unusable_quote
DIS,2023-04-05,no_control_after_calendar
AVGO,2023-04-10,no_control_after_calendar
BK,2023-04-13,entry_moneyness
USB,2023-04-21,no_control_after_moneyness
ADBE,2023-04-25,no_control_after_calendar
C,2023-04-27,unusable_quote
LMT,2023-04-28,no_control_after_maturity
GS,2023-04-28,no_control_after_volatility
WFC,2023-04-28,no_control_after_calendar
BAC,2023-05-01,no_control_after_calendar
PFE,2023-05-02,entry_moneyness
JNJ,2023-05-02,no_control_after_volatility
ISRG,2023-05-03,no_control_after_maturity
ABT,2023-05-03,no_control_after_calendar
TXN,2023-05-04,no_control_after_maturity
BMY,2023-05-05,no_control_after_maturity
GD,2023-05-08,no_control_after_maturity
GE,2023-05-09,no_control_after_maturity
PM,2023-05-10,no_control_after_calendar
COF,2023-05-10,no_control_after_calendar
DUK,2023-05-10,no_control_after_calendar
UPS,2023-05-10,no_control_after_maturity
ABBV,2023-05-11,no_control_after_calendar
MMM,2023-05-12,no_control_after_calendar
DHR,2023-05-12,no_control_after_maturity
UBER,2023-05-15,no_control_after_calendar
AIG,2023-05-16,entry_moneyness
INTC,2023-05-18,no_control_after_moneyness
CL,2023-05-18,no_control_after_maturity
JPM,2023-05-19,no_control_after_calendar
COP,2023-05-19,no_control_after_maturity
AMGN,2023-05-23,no_control_after_maturity
MO,2023-05-23,no_control_after_calendar
NEE,2023-05-23,no_control_after_maturity
MS,2023-05-23,no_control_after_calendar
SCHW,2023-05-23,entry_moneyness
TSLA,2023-05-23,no_control_after_calendar
HD,2023-05-24,no_control_after_calendar
AMD,2023-05-24,no_control_after_calendar
CVS,2023-05-25,no_control_after_calendar
AMT,2023-05-26,no_control_after_calendar
MRK,2023-05-30,no_control_after_maturity
TMO,2023-05-30,no_control_after_maturity
BLK,2023-05-30,no_control_after_calendar
SO,2023-05-30,no_control_after_calendar
MCD,2023-06-02,no_control_after_calendar
NOW,2023-06-05,no_control_after_calendar
NFLX,2023-06-07,no_control_after_calendar
BKNG,2023-06-08,no_control_after_calendar
GOOGL,2023-06-09,no_control_after_calendar
CMCSA,2023-06-12,no_control_after_calendar
PLTR,2023-06-12,entry_moneyness
UNH,2023-06-12,no_control_after_calendar
CAT,2023-06-21,no_control_after_maturity
TMUS,2023-06-22,no_control_after_calendar
MET,2023-06-26,no_control_after_calendar
NVDA,2023-06-28,no_control_after_volatility
LIN,2023-07-31,no_control_after_maturity
FDX,2023-09-25,no_control_after_calendar
PG,2023-10-11,no_control_after_calendar
PG,2023-10-16,no_control_after_calendar
ORCL,2023-11-20,entry_moneyness
CSCO,2023-12-11,no_control_after_calendar
MSFT,2023-12-11,no_control_after_calendar
