ticker,event_entry,t_0,t_pre
INTU,2024-01-23,2024-03-26,2024-03-25
EMR,2024-02-12,2024-03-11,2024-03-08
EMR,2024-02-12,2024-01-08,2024-01-05
EMR,2024-02-12,2024-03-18,2024-03-15
EMR,2024-02-12,2024-03-25,2024-03-22
DE,2024-03-04,2024-01-08,2024-01-05
DIS,2024-04-10,2024-05-15,2024-05-14
DIS,2024-04-10,2024-05-22,2024-05-21
DIS,2024-04-10,2024-05-29,2024-05-28
DIS,2024-04-10,2024-06-05,2024-06-04
DIS,2024-04-10,2024-06-12,2024-06-11
BK,2024-04-11,2024-05-23,2024-05-22
BK,2024-04-11,2024-05-30,2024-05-29
BK,2024-04-11,2024-06-06,2024-06-05
TXN,2024-04-29,2024-06-03,2024-05-31
TXN,2024-04-29,2024-06-10,2024-06-07
TXN,2024-04-29,2024-06-17,2024-06-14
TXN,2024-04-29,2024-06-24,2024-06-21
ABT,2024-04-30,2024-06-04,2024-06-03
ABT,2024-04-30,2024-06-11,2024-06-10
ABT,2024-04-30,2024-06-18,2024-06-17
ABT,2024-04-30,2024-06-25,2024-06-24
ISRG,2024-05-01,2024-06-05,2024-06-04
ISRG,2024-05-01,2024-06-12,2024-06-11
ISRG,2024-05-01,2024-06-26,2024-06-25
KO,2024-05-03,2024-06-14,2024-06-13
KO,2024-05-03,2024-06-21,2024-06-20
GD,2024-05-06,2024-06-03,2024-05-31
GD,2024-05-06,2024-06-10,2024-06-07
GD,2024-05-06,2024-06-17,2024-06-14
GD,2024-05-06,2024-06-24,2024-06-21
LMT,2024-05-06,2024-04-01,2024-03-28
RTX,2024-05-07,2024-04-02,2024-04-01
RTX,2024-05-07,2024-06-11,2024-06-10
UPS,2024-05-07,2024-04-02,2024-04-01
DHR,2024-05-10,2024-04-05,2024-04-04
UNP,2024-05-13,2024-06-10,2024-06-07
UNP,2024-05-13,2024-04-08,2024-04-05
UNP,2024-05-13,2024-06-17,2024-06-14
UNP,2024-05-13,2024-04-01,2024-03-28
UNP,2024-05-13,2024-06-24,2024-06-21
CL,2024-05-16,2024-04-11,2024-04-10
CL,2024-05-16,2024-06-20,2024-06-18
CL,2024-05-16,2024-04-04,2024-04-03
CL,2024-05-16,2024-06-27,2024-06-26
COP,2024-05-17,2024-04-12,2024-04-11
COP,2024-05-17,2024-04-05,2024-04-04
MDLZ,2024-05-23,2024-04-18,2024-04-17
MDLZ,2024-05-23,2024-04-11,2024-04-10
MDLZ,2024-05-23,2024-04-04,2024-04-03
CVS,2024-05-23,2024-06-27,2024-06-26
NOW,2024-05-24,2024-04-19,2024-04-18
NOW,2024-05-24,2024-04-12,2024-04-11
NOW,2024-05-24,2024-04-05,2024-04-04
AMT,2024-05-28,2024-04-16,2024-04-15
AMZN,2024-05-28,2024-06-25,2024-06-24
TMO,2024-05-28,2024-04-23,2024-04-22
TMO,2024-05-28,2024-04-16,2024-04-15
TMO,2024-05-28,2024-04-09,2024-04-08
TMO,2024-05-28,2024-04-02,2024-04-01
SO,2024-05-28,2024-06-25,2024-06-24
SO,2024-05-28,2024-04-02,2024-04-01
NEE,2024-05-29,2024-04-24,2024-04-23
NEE,2024-05-29,2024-04-17,2024-04-16
NEE,2024-05-29,2024-04-10,2024-04-09
SCHW,2024-05-30,2024-04-11,2024-04-10
SCHW,2024-05-30,2024-04-04,2024-04-03
AMGN,2024-06-04,2024-04-30,2024-04-29
AMGN,2024-06-04,2024-04-23,2024-04-22
AMGN,2024-06-04,2024-04-16,2024-04-15
AMGN,2024-06-04,2024-04-09,2024-04-08
AMGN,2024-06-04,2024-04-02,2024-04-01
LOW,2024-06-06,2024-05-02,2024-05-01
LOW,2024-06-06,2024-04-25,2024-04-24
LOW,2024-06-06,2024-04-18,2024-04-17
LOW,2024-06-06,2024-04-11,2024-04-10
LOW,2024-06-06,2024-04-04,2024-04-03
WMT,2024-06-10,2024-05-06,2024-05-03
WMT,2024-06-10,2024-04-29,2024-04-26
PLTR,2024-06-11,2024-04-02,2024-04-01
CMCSA,2024-06-13,2024-04-11,2024-04-10
CMCSA,2024-06-13,2024-04-04,2024-04-03
NVDA,2024-07-03,2024-08-07,2024-08-06
NVDA,2024-07-03,2024-08-14,2024-08-13
NVDA,2024-07-03,2024-08-21,2024-08-20
NVDA,2024-07-03,2024-08-28,2024-08-27
NVDA,2024-07-03,2024-09-04,2024-09-03
NVDA,2024-07-03,2024-09-11,2024-09-10
NVDA,2024-07-03,2024-09-18,2024-09-17
NVDA,2024-07-03,2024-09-25,2024-09-24
FDX,2024-09-25,2024-07-31,2024-07-30
PG,2024-10-11,2024-11-29,2024-11-27
PG,2024-10-11,2024-12-06,2024-12-05
PG,2024-10-11,2024-12-13,2024-12-12
MDT,2024-10-22,2024-11-26,2024-11-25
MDT,2024-10-22,2024-12-03,2024-12-02
MDT,2024-10-22,2024-12-10,2024-12-09
MDT,2024-10-22,2024-12-17,2024-12-16
MSFT,2024-12-12,2024-10-31,2024-10-30
MSFT,2024-12-12,2024-10-24,2024-10-23
MSFT,2024-12-12,2024-10-17,2024-10-16
MSFT,2024-12-12,2024-10-10,2024-10-09
MSFT,2024-12-12,2024-10-03,2024-10-02
COST,2025-01-28,2025-03-11,2025-03-10
V,2025-01-30,2025-03-06,2025-03-05
V,2025-01-30,2025-03-13,2025-03-12
V,2025-01-30,2025-03-20,2025-03-19
V,2025-01-30,2025-03-27,2025-03-26
DE,2025-03-03,2025-03-31,2025-03-28
QCOM,2025-03-21,2025-02-14,2025-02-13
QCOM,2025-03-21,2025-02-07,2025-02-06
QCOM,2025-03-21,2025-01-31,2025-01-30
QCOM,2025-03-21,2025-01-24,2025-01-23
QCOM,2025-03-21,2025-01-17,2025-01-16
USB,2025-04-21,2025-05-19,2025-05-16
USB,2025-04-21,2025-06-02,2025-05-30
USB,2025-04-21,2025-06-09,2025-06-06
USB,2025-04-21,2025-06-16,2025-06-13
BAC,2025-04-25,2025-05-30,2025-05-29
BAC,2025-04-25,2025-06-06,2025-06-05
BAC,2025-04-25,2025-06-13,2025-06-12
GS,2025-04-25,2025-05-30,2025-05-29
GS,2025-04-25,2025-06-06,2025-06-05
GS,2025-04-25,2025-06-13,2025-06-12
ABT,2025-04-29,2025-06-03,2025-06-02
ABT,2025-04-29,2025-06-10,2025-06-09
ABT,2025-04-29,2025-06-17,2025-06-16
ABT,2025-04-29,2025-06-24,2025-06-23
PFE,2025-04-29,2025-06-24,2025-06-23
RTX,2025-05-06,2025-04-01,2025-03-31
RTX,2025-05-06,2025-06-10,2025-06-09
RTX,2025-05-06,2025-06-17,2025-06-16
RTX,2025-05-06,2025-06-24,2025-06-23
ISRG,2025-05-06,2025-04-01,2025-03-31
ISRG,2025-05-06,2025-06-17,2025-06-16
ISRG,2025-05-06,2025-06-24,2025-06-23
BMY,2025-05-08,2025-06-12,2025-06-11
LLY,2025-05-09,2025-06-13,2025-06-12
LLY,2025-05-09,2025-06-20,2025-06-18
LLY,2025-05-09,2025-06-27,2025-06-26
DHR,2025-05-09,2025-04-04,2025-04-03
DHR,2025-05-09,2025-06-13,2025-06-12
DHR,2025-05-09,2025-06-20,2025-06-18
GILD,2025-05-09,2025-06-13,2025-06-12
GILD,2025-05-09,2025-06-20,2025-06-18
GILD,2025-05-09,2025-06-27,2025-06-26
LMT,2025-05-12,2025-06-09,2025-06-06
LMT,2025-05-12,2025-06-16,2025-06-13
LMT,2025-05-12,2025-06-23,2025-06-20
GE,2025-05-12,2025-06-09,2025-06-06
GE,2025-05-12,2025-04-07,2025-04-04
GE,2025-05-12,2025-06-16,2025-06-13
GE,2025-05-12,2025-06-23,2025-06-20
UNP,2025-05-12,2025-06-09,2025-06-06
UNP,2025-05-12,2025-04-07,2025-04-04
UNP,2025-05-12,2025-06-16,2025-06-13
UNP,2025-05-12,2025-06-23,2025-06-20
INTC,2025-05-12,2025-06-09,2025-06-06
INTC,2025-05-12,2025-06-16,2025-06-13
INTC,2025-05-12,2025-06-23,2025-06-20
UPS,2025-05-13,2025-04-08,2025-04-07
COP,2025-05-16,2025-04-11,2025-04-10
COP,2025-05-16,2025-04-04,2025-04-03
MO,2025-05-20,2025-04-15,2025-04-14
MO,2025-05-20,2025-04-08,2025-04-07
MO,2025-05-20,2025-04-01,2025-03-31
CVS,2025-05-21,2025-06-25,2025-06-24
AMZN,2025-05-23,2025-06-27,2025-06-26
MCD,2025-05-27,2025-06-24,2025-06-23
MCD,2025-05-27,2025-04-22,2025-04-21
MCD,2025-05-27,2025-04-15,2025-04-14
AMGN,2025-05-28,2025-04-23,2025-04-22
AMGN,2025-05-28,2025-04-16,2025-04-15
AMGN,2025-05-28,2025-04-09,2025-04-08
AMGN,2025-05-28,2025-04-02,2025-04-01
SO,2025-05-28,2025-04-16,2025-04-15
SO,2025-05-28,2025-04-09,2025-04-08
SO,2025-05-28,2025-04-02,2025-04-01
VZ,2025-05-29,2025-04-24,2025-04-23
HD,2025-05-29,2025-04-03,2025-04-02
CVX,2025-06-02,2025-04-28,2025-04-25
CVX,2025-06-02,2025-04-21,2025-04-17
META,2025-06-02,2025-06-30,2025-06-27
META,2025-06-02,2025-04-28,2025-04-25
META,2025-06-02,2025-04-21,2025-04-17
META,2025-06-02,2025-04-14,2025-04-11
META,2025-06-02,2025-04-07,2025-04-04
LOW,2025-06-06,2025-05-02,2025-05-01
LOW,2025-06-06,2025-04-25,2025-04-24
LOW,2025-06-06,2025-04-11,2025-04-10
LOW,2025-06-06,2025-04-04,2025-04-03
PLTR,2025-06-10,2025-04-01,2025-03-31
MA,2025-06-27,2025-05-23,2025-05-22
MA,2025-06-27,2025-05-16,2025-05-15
MA,2025-06-27,2025-05-09,2025-05-08
MA,2025-06-27,2025-05-02,2025-05-01
MA,2025-06-27,2025-04-25,2025-04-24
MA,2025-06-27,2025-04-11,2025-04-10
MA,2025-06-27,2025-04-04,2025-04-03
NVDA,2025-07-02,2025-09-10,2025-09-09
NVDA,2025-07-02,2025-09-17,2025-09-16
NVDA,2025-07-02,2025-09-24,2025-09-23
MDT,2025-10-22,2025-12-10,2025-12-09
MDT,2025-10-22,2025-12-17,2025-12-16
MDT,2025-10-22,2025-12-24,2025-12-23
MDT,2025-10-22,2025-12-31,2025-12-30
TSLA,2025-11-10,2025-12-08,2025-12-05
TSLA,2025-11-10,2025-10-06,2025-10-03
TSLA,2025-11-10,2025-12-15,2025-12-12
TSLA,2025-11-10,2025-12-22,2025-12-19
TSLA,2025-11-10,2025-12-29,2025-12-26
