tag,raw_rows,distinct_filings,companies,eligible_for_discovery
acquisition_completion,24,24,17,False
annual_meeting_results,150,150,87,True
business_line_exit,11,11,7,False
ceo_appointment,17,17,15,False
ceo_departure,31,31,25,False
cfo_appointment,34,34,29,False
cfo_departure,31,31,24,False
cybersecurity_incident,4,4,4,False
debt_issuance,277,277,80,True
director_appointment,97,97,63,True
director_departure,101,101,59,True
equity_compensation_grant,33,33,28,False
executive_compensation_change,174,174,79,True
executive_officer_appointment,105,105,62,True
facility_closure,4,4,3,False
guidance_issuance_or_update,60,60,27,True
quarterly_earnings,131,131,27,True
restructuring_plan,14,14,9,False
share_repurchase_program,36,36,26,False
shareholder_proposal_outcome,121,121,76,True
significant_contract_award,3,3,3,False
strategic_initiative,34,34,20,False
underwriting_agreement,146,146,67,True
workforce_reduction,11,11,8,False
