tag,strategy,events,companies,difference,zero_capacity_events,interpretation
annual_meeting_results,long_call,49,38,-0.0016284791530612253,36,common-cohort sensitivity only; same events and controls; not independent confirmation
annual_meeting_results,covered_call,49,38,0.0012032086510204078,37,common-cohort sensitivity only; same events and controls; not independent confirmation
annual_meeting_results,protective_put,49,38,0.008115153459183674,42,common-cohort sensitivity only; same events and controls; not independent confirmation
annual_meeting_results,collar,49,38,0.00931836210612245,43,common-cohort sensitivity only; same events and controls; not independent confirmation
annual_meeting_results,cash_secured_put,49,38,-0.007081408936734694,42,common-cohort sensitivity only; same events and controls; not independent confirmation
debt_issuance,long_call,68,41,-0.008495089614705882,60,common-cohort sensitivity only; same events and controls; not independent confirmation
debt_issuance,covered_call,68,41,0.007864687044117647,51,common-cohort sensitivity only; same events and controls; not independent confirmation
debt_issuance,protective_put,68,41,0.000677181091176471,61,common-cohort sensitivity only; same events and controls; not independent confirmation
debt_issuance,collar,68,41,0.008541868141176471,63,common-cohort sensitivity only; same events and controls; not independent confirmation
debt_issuance,cash_secured_put,68,41,-0.00019085929999999995,61,common-cohort sensitivity only; same events and controls; not independent confirmation
director_appointment,long_call,29,26,0.0071831961620689635,24,common-cohort sensitivity only; same events and controls; not independent confirmation
director_appointment,covered_call,29,26,0.001564179155172415,21,common-cohort sensitivity only; same events and controls; not independent confirmation
director_appointment,protective_put,29,26,-0.0005050244551724139,25,common-cohort sensitivity only; same events and controls; not independent confirmation
director_appointment,collar,29,26,0.0010591546965517233,28,common-cohort sensitivity only; same events and controls; not independent confirmation
director_appointment,cash_secured_put,29,26,0.0012227361517241377,25,common-cohort sensitivity only; same events and controls; not independent confirmation
director_departure,long_call,24,19,0.0023194662375,16,common-cohort sensitivity only; same events and controls; not independent confirmation
director_departure,covered_call,24,19,-0.006436859095833335,14,common-cohort sensitivity only; same events and controls; not independent confirmation
director_departure,protective_put,24,19,0.002969455725,19,common-cohort sensitivity only; same events and controls; not independent confirmation
director_departure,collar,24,19,-0.0034674033708333336,21,common-cohort sensitivity only; same events and controls; not independent confirmation
director_departure,cash_secured_put,24,19,-0.0027024558749999994,19,common-cohort sensitivity only; same events and controls; not independent confirmation
executive_compensation_change,long_call,53,36,-0.008942635290566039,34,common-cohort sensitivity only; same events and controls; not independent confirmation
executive_compensation_change,covered_call,53,36,0.0070926716377358485,38,common-cohort sensitivity only; same events and controls; not independent confirmation
executive_compensation_change,protective_put,53,36,0.0025291593188679256,42,common-cohort sensitivity only; same events and controls; not independent confirmation
executive_compensation_change,collar,53,36,0.009621830949056604,46,common-cohort sensitivity only; same events and controls; not independent confirmation
executive_compensation_change,cash_secured_put,53,36,-0.0027767387962264163,42,common-cohort sensitivity only; same events and controls; not independent confirmation
executive_officer_appointment,long_call,29,25,-0.017284616648275863,21,common-cohort sensitivity only; same events and controls; not independent confirmation
executive_officer_appointment,covered_call,29,25,0.01566887134482758,22,common-cohort sensitivity only; same events and controls; not independent confirmation
executive_officer_appointment,protective_put,29,25,0.00597799983448276,23,common-cohort sensitivity only; same events and controls; not independent confirmation
executive_officer_appointment,collar,29,25,0.021646871165517237,26,common-cohort sensitivity only; same events and controls; not independent confirmation
executive_officer_appointment,cash_secured_put,29,25,-0.006653088768965517,23,common-cohort sensitivity only; same events and controls; not independent confirmation
guidance_issuance_or_update,long_call,12,8,0.016791801558333336,10,common-cohort sensitivity only; same events and controls; not independent confirmation
guidance_issuance_or_update,covered_call,12,8,-0.010765117916666669,10,common-cohort sensitivity only; same events and controls; not independent confirmation
guidance_issuance_or_update,protective_put,12,8,-0.006359239833333333,12,common-cohort sensitivity only; same events and controls; not independent confirmation
guidance_issuance_or_update,collar,12,8,-0.01712435775833333,12,common-cohort sensitivity only; same events and controls; not independent confirmation
guidance_issuance_or_update,cash_secured_put,12,8,0.0054954183500000005,12,common-cohort sensitivity only; same events and controls; not independent confirmation
quarterly_earnings,long_call,29,11,0.01891535495172414,24,common-cohort sensitivity only; same events and controls; not independent confirmation
quarterly_earnings,covered_call,29,11,-0.013789425689655174,21,common-cohort sensitivity only; same events and controls; not independent confirmation
quarterly_earnings,protective_put,29,11,-0.01352863538275862,23,common-cohort sensitivity only; same events and controls; not independent confirmation
quarterly_earnings,collar,29,11,-0.027318061062068962,24,common-cohort sensitivity only; same events and controls; not independent confirmation
quarterly_earnings,cash_secured_put,29,11,0.014464525155172417,23,common-cohort sensitivity only; same events and controls; not independent confirmation
shareholder_proposal_outcome,long_call,43,37,-0.0008559937465116282,33,common-cohort sensitivity only; same events and controls; not independent confirmation
shareholder_proposal_outcome,covered_call,43,37,-0.001532022620930234,30,common-cohort sensitivity only; same events and controls; not independent confirmation
shareholder_proposal_outcome,protective_put,43,37,0.006823589609302325,36,common-cohort sensitivity only; same events and controls; not independent confirmation
shareholder_proposal_outcome,collar,43,37,0.005291566995348836,37,common-cohort sensitivity only; same events and controls; not independent confirmation
shareholder_proposal_outcome,cash_secured_put,43,37,-0.006213922381395349,36,common-cohort sensitivity only; same events and controls; not independent confirmation
underwriting_agreement,long_call,38,31,-0.005385778842105261,32,common-cohort sensitivity only; same events and controls; not independent confirmation
underwriting_agreement,covered_call,38,31,0.005328737392105262,29,common-cohort sensitivity only; same events and controls; not independent confirmation
underwriting_agreement,protective_put,38,31,0.0007975271526315794,34,common-cohort sensitivity only; same events and controls; not independent confirmation
underwriting_agreement,collar,38,31,0.0061262645605263165,35,common-cohort sensitivity only; same events and controls; not independent confirmation
underwriting_agreement,cash_secured_put,38,31,-0.0005403538605263158,34,common-cohort sensitivity only; same events and controls; not independent confirmation
