ticker,day,event_usable,baseline,no_maturity,no_moneyness,no_rv,quote_only
DIS,2022-03-11,True,False,False,False,False,False
QCOM,2022-03-15,True,False,False,False,False,False
SBUX,2022-03-18,False,False,False,False,False,False
AVGO,2022-04-06,True,False,False,False,False,False
BK,2022-04-13,False,False,False,False,False,False
ADBE,2022-04-20,True,False,False,False,False,False
USB,2022-04-22,False,False,False,False,False,False
LMT,2022-04-22,True,False,False,False,False,False
BAC,2022-04-28,True,False,False,False,False,True
C,2022-04-29,False,False,False,False,False,False
GS,2022-05-02,True,False,False,False,False,False
CHTR,2022-05-02,True,False,False,False,False,False
IBM,2022-05-02,True,False,False,False,False,False
JNJ,2022-05-02,True,False,False,False,False,True
WFC,2022-05-02,True,False,False,True,False,True
TXN,2022-05-02,True,False,False,True,False,True
PFE,2022-05-03,True,False,False,False,False,True
ABT,2022-05-03,True,False,True,False,False,True
LLY,2022-05-05,True,False,True,False,False,True
BMY,2022-05-06,True,False,False,False,False,False
GE,2022-05-09,True,False,False,False,False,False
PEP,2022-05-09,False,False,False,False,False,False
COF,2022-05-09,True,False,False,False,False,False
UPS,2022-05-11,True,False,False,False,False,True
CL,2022-05-12,True,False,False,False,False,True
COP,2022-05-13,False,False,False,False,False,False
DHR,2022-05-13,False,False,False,False,False,False
MMM,2022-05-13,True,False,False,False,False,False
AIG,2022-05-16,True,False,False,True,False,True
CVS,2022-05-17,True,False,False,False,False,False
INTC,2022-05-17,True,False,False,False,False,True
AMGN,2022-05-19,True,True,True,True,True,True
SCHW,2022-05-19,True,False,False,False,False,True
TMO,2022-05-20,True,False,True,False,False,True
AMT,2022-05-20,True,False,False,False,False,False
AMD,2022-05-23,True,False,False,False,False,False
JPM,2022-05-23,False,False,False,False,False,False
NEE,2022-05-24,True,False,False,False,False,False
MO,2022-05-24,False,False,False,False,False,False
HD,2022-05-25,True,False,False,False,False,True
MRK,2022-05-27,True,False,False,False,False,False
BLK,2022-05-31,True,False,False,False,False,False
AMZN,2022-05-31,True,False,False,False,False,False
CVX,2022-05-31,True,False,False,False,False,False
MS,2022-05-31,True,False,False,False,False,False
SO,2022-06-01,True,False,False,False,False,False
MCD,2022-06-03,True,False,False,False,False,False
LOW,2022-06-03,True,False,False,False,False,False
WMT,2022-06-06,True,False,False,False,False,False
GOOGL,2022-06-06,True,True,True,True,True,True
CMCSA,2022-06-06,True,False,False,True,True,True
PYPL,2022-06-07,True,False,False,False,False,False
NVDA,2022-06-07,True,False,False,True,False,True
UNH,2022-06-13,True,False,False,False,False,False
BKNG,2022-06-13,False,False,False,False,False,False
NOW,2022-06-13,False,False,False,False,False,False
CRM,2022-06-14,True,False,False,True,True,True
CAT,2022-06-15,True,False,False,False,False,True
TMUS,2022-06-21,False,False,False,False,False,False
MET,2022-06-27,True,False,False,False,False,False
MA,2022-06-27,True,False,False,True,True,True
TSLA,2022-08-08,True,False,False,False,False,True
FDX,2022-09-22,True,False,False,False,False,True
PG,2022-10-12,True,False,False,False,False,False
PG,2022-10-17,True,False,False,False,False,False
MDT,2022-12-14,False,False,False,False,False,False
MSFT,2022-12-19,True,True,True,True,True,True
INTU,2023-01-24,True,False,True,False,False,True
V,2023-01-26,True,False,False,False,False,False
COST,2023-01-26,True,False,False,False,False,True
EMR,2023-02-13,True,False,False,False,False,True
DE,2023-02-28,True,False,False,False,False,True
QCOM,2023-03-10,True,False,False,False,False,True
SBUX,2023-03-30,False,False,False,False,False,False
DIS,2023-04-05,True,False,False,False,False,False
AVGO,2023-04-10,True,False,False,False,False,False
BK,2023-04-13,False,False,False,False,False,False
USB,2023-04-21,True,False,False,False,False,True
ADBE,2023-04-25,True,False,False,False,False,False
C,2023-04-27,False,False,False,False,False,False
LMT,2023-04-28,True,False,False,False,False,True
GS,2023-04-28,True,False,False,False,True,True
WFC,2023-04-28,True,False,False,False,False,False
BAC,2023-05-01,True,False,False,False,False,False
PFE,2023-05-02,False,False,False,False,False,False
JNJ,2023-05-02,True,False,False,False,True,True
ISRG,2023-05-03,True,False,False,False,False,True
ABT,2023-05-03,True,False,False,False,False,False
TXN,2023-05-04,True,False,False,False,False,True
BMY,2023-05-05,True,False,True,False,False,True
GD,2023-05-08,True,False,False,False,False,True
GE,2023-05-09,True,False,False,False,False,True
PM,2023-05-10,False,False,False,False,False,False
COF,2023-05-10,True,False,False,False,False,False
DUK,2023-05-10,True,False,False,False,False,False
UPS,2023-05-10,True,False,False,False,False,True
ABBV,2023-05-11,True,False,False,False,False,False
MMM,2023-05-12,True,False,False,False,False,False
DHR,2023-05-12,True,False,False,False,False,True
UBER,2023-05-15,True,False,False,False,False,False
AIG,2023-05-16,False,False,False,False,False,False
INTC,2023-05-18,True,False,False,False,False,True
CL,2023-05-18,True,False,False,False,False,True
JPM,2023-05-19,True,False,False,False,False,False
COP,2023-05-19,True,False,False,False,False,True
AMGN,2023-05-23,True,False,False,False,False,False
MO,2023-05-23,True,False,False,False,False,False
NEE,2023-05-23,True,False,False,False,False,True
MS,2023-05-23,True,False,False,False,False,False
SCHW,2023-05-23,False,False,False,False,False,False
TSLA,2023-05-23,True,False,False,False,False,False
HD,2023-05-24,True,False,False,False,False,False
AMD,2023-05-24,True,False,False,False,False,False
CVS,2023-05-25,True,False,False,False,False,False
AMT,2023-05-26,True,False,False,False,False,False
AMZN,2023-05-30,True,True,True,True,True,True
MRK,2023-05-30,True,False,False,False,False,True
TMO,2023-05-30,True,False,False,False,False,True
BLK,2023-05-30,True,False,False,False,False,False
SO,2023-05-30,True,False,False,False,False,False
MCD,2023-06-02,True,False,False,False,False,False
NOW,2023-06-05,True,False,False,False,False,False
NFLX,2023-06-07,True,False,False,False,False,False
BKNG,2023-06-08,True,False,False,False,False,False
GOOGL,2023-06-09,True,False,False,False,False,False
CMCSA,2023-06-12,True,False,False,False,False,False
PLTR,2023-06-12,False,False,False,False,False,False
UNH,2023-06-12,True,False,False,False,False,False
CAT,2023-06-21,True,False,True,False,False,True
TMUS,2023-06-22,True,False,False,False,False,False
MET,2023-06-26,True,False,False,False,False,False
NVDA,2023-06-28,True,False,False,False,True,True
MA,2023-06-30,True,True,True,True,True,True
LIN,2023-07-31,True,False,True,False,False,True
FDX,2023-09-25,True,False,False,False,False,False
PG,2023-10-11,True,False,False,False,False,False
PG,2023-10-16,True,False,False,False,False,False
ORCL,2023-11-20,False,False,False,False,False,False
CSCO,2023-12-11,True,False,False,False,False,False
MSFT,2023-12-11,True,False,False,False,False,False
